ISO-10303-21;
HEADER;
FILE_DESCRIPTION (( 'STEP AP214' ),
    '1' );
FILE_NAME ('LQH2HPN100MGRL.STEP',
    '2022-07-09T05:22:37',
    ( '' ),
    ( '' ),
    'SwSTEP 2.0',
    'SolidWorks 2018',
    '' );
FILE_SCHEMA (( 'AUTOMOTIVE_DESIGN' ));
ENDSEC;

DATA;
#1 = CIRCLE ( 'NONE', #64, 0.2500000000000000000 ) ;
#2 = EDGE_CURVE ( 'NONE', #1663, #35, #326, .T. ) ;
#3 = DIRECTION ( 'NONE',  ( -1.000000000000000000, -0.000000000000000000, -0.000000000000000000 ) ) ;
#4 = ORIENTED_EDGE ( 'NONE', *, *, #1301, .F. ) ;
#5 = PRESENTATION_LAYER_ASSIGNMENT (  '', '', ( #1493 ) ) ;
#6 = DIRECTION ( 'NONE',  ( 1.000000000000000000, 0.000000000000000000, 0.000000000000000000 ) ) ;
#7 = CARTESIAN_POINT ( 'NONE',  ( 1.250000000000000000, -0.7249999999999999778, 0.000000000000000000 ) ) ;
#8 =( NAMED_UNIT ( * ) SI_UNIT ( $, .STERADIAN. ) SOLID_ANGLE_UNIT ( ) );
#9 = ORIENTED_EDGE ( 'NONE', *, *, #1277, .F. ) ;
#10 = ADVANCED_FACE ( 'NONE', ( #2048 ), #1095, .F. ) ;
#11 = ORIENTED_EDGE ( 'NONE', *, *, #1685, .T. ) ;
#12 = VERTEX_POINT ( 'NONE', #2210 ) ;
#13 =( LENGTH_UNIT ( ) NAMED_UNIT ( * ) SI_UNIT ( .MILLI., .METRE. ) );
#14 = EDGE_CURVE ( 'NONE', #1131, #1425, #1295, .T. ) ;
#15 = VERTEX_POINT ( 'NONE', #590 ) ;
#16 = SURFACE_STYLE_FILL_AREA ( #1756 ) ;
#17 = STYLED_ITEM ( 'NONE', ( #1336 ), #1813 ) ;
#18 = VECTOR ( 'NONE', #2033, 1000.000000000000000 ) ;
#19 =( NAMED_UNIT ( * ) SI_UNIT ( $, .STERADIAN. ) SOLID_ANGLE_UNIT ( ) );
#20 = CARTESIAN_POINT ( 'NONE',  ( 0.9674418677376059872, -0.7249999999999999778, -1.149128784747792009 ) ) ;
#21 = ADVANCED_FACE ( 'NONE', ( #1236 ), #1653, .F. ) ;
#22 = ORIENTED_EDGE ( 'NONE', *, *, #891, .T. ) ;
#23 = SURFACE_SIDE_STYLE ('',( #2241 ) ) ;
#24 = LINE ( 'NONE', #1970, #982 ) ;
#25 = ORIENTED_EDGE ( 'NONE', *, *, #1524, .F. ) ;
#26 = ORIENTED_EDGE ( 'NONE', *, *, #921, .T. ) ;
#27 = CIRCLE ( 'NONE', #1819, 0.2500000000000000000 ) ;
#28 = EDGE_LOOP ( 'NONE', ( #2336, #1391, #2102, #2278, #1897, #1060, #1411, #865, #884, #319, #1992, #1409 ) ) ;
#29 = CARTESIAN_POINT ( 'NONE',  ( -1.175000000000000044, -0.1250000000000000000, -0.9200000000000000400 ) ) ;
#30 = PRESENTATION_LAYER_ASSIGNMENT (  '', '', ( #826 ) ) ;
#31 = FACE_OUTER_BOUND ( 'NONE', #916, .T. ) ;
#32 = DIRECTION ( 'NONE',  ( -0.000000000000000000, 0.000000000000000000, 1.000000000000000000 ) ) ;
#33 = DIRECTION ( 'NONE',  ( 0.000000000000000000, -1.000000000000000000, 0.000000000000000000 ) ) ;
#34 = DIRECTION ( 'NONE',  ( 0.000000000000000000, 0.000000000000000000, -1.000000000000000000 ) ) ;
#35 = VERTEX_POINT ( 'NONE', #1106 ) ;
#36 = AXIS2_PLACEMENT_3D ( 'NONE', #1223, #1424, #113 ) ;
#37 = VERTEX_POINT ( 'NONE', #1864 ) ;
#38 = ORIENTED_EDGE ( 'NONE', *, *, #2288, .T. ) ;
#39 = EDGE_CURVE ( 'NONE', #1797, #1491, #1097, .T. ) ;
#40 = VECTOR ( 'NONE', #1460, 1000.000000000000000 ) ;
#41 = FILL_AREA_STYLE ('',( #1522 ) ) ;
#42 =( GEOMETRIC_REPRESENTATION_CONTEXT ( 3 ) GLOBAL_UNCERTAINTY_ASSIGNED_CONTEXT ( ( #1547 ) ) GLOBAL_UNIT_ASSIGNED_CONTEXT ( ( #1692, #600, #805 ) ) REPRESENTATION_CONTEXT ( 'NONE', 'WORKASPACE' ) );
#43 = VECTOR ( 'NONE', #1642, 1000.000000000000000 ) ;
#44 = EDGE_LOOP ( 'NONE', ( #1553, #1209, #300, #1159 ) ) ;
#45 = MECHANICAL_DESIGN_GEOMETRIC_PRESENTATION_REPRESENTATION (  '', ( #2305 ), #184 ) ;
#46 = VECTOR ( 'NONE', #2144, 1000.000000000000000 ) ;
#47 = DIRECTION ( 'NONE',  ( -0.9417419115948385544, 0.3363363969981530976, 0.000000000000000000 ) ) ;
#48 = DIRECTION ( 'NONE',  ( 0.000000000000000000, 0.000000000000000000, -1.000000000000000000 ) ) ;
#49 = LINE ( 'NONE', #1545, #977 ) ;
#50 = VECTOR ( 'NONE', #1856, 1000.000000000000000 ) ;
#51 = EDGE_LOOP ( 'NONE', ( #2271, #1506, #429, #1589 ) ) ;
#52 = ORIENTED_EDGE ( 'NONE', *, *, #1173, .T. ) ;
#53 = PRESENTATION_STYLE_ASSIGNMENT (( #2162 ) ) ;
#54 = CIRCLE ( 'NONE', #1052, 0.2500000000000000000 ) ;
#55 = EDGE_CURVE ( 'NONE', #1587, #2085, #738, .T. ) ;
#56 =( NAMED_UNIT ( * ) SI_UNIT ( $, .STERADIAN. ) SOLID_ANGLE_UNIT ( ) );
#57 = AXIS2_PLACEMENT_3D ( 'NONE', #1627, #96, #1251 ) ;
#58 = ORIENTED_EDGE ( 'NONE', *, *, #747, .T. ) ;
#59 = DIRECTION ( 'NONE',  ( -0.000000000000000000, 1.000000000000000000, -0.000000000000000000 ) ) ;
#60 = ORIENTED_EDGE ( 'NONE', *, *, #2009, .F. ) ;
#61 = VERTEX_POINT ( 'NONE', #1658 ) ;
#62 = VERTEX_POINT ( 'NONE', #2026 ) ;
#63 = CARTESIAN_POINT ( 'NONE',  ( -1.250000000000000000, 0.1250000000000000000, 1.000000000000000000 ) ) ;
#64 = AXIS2_PLACEMENT_3D ( 'NONE', #1455, #361, #1859 ) ;
#65 = SURFACE_SIDE_STYLE ('',( #565 ) ) ;
#66 = CIRCLE ( 'NONE', #1092, 0.2500000000000000000 ) ;
#67 =( GEOMETRIC_REPRESENTATION_CONTEXT ( 3 ) GLOBAL_UNCERTAINTY_ASSIGNED_CONTEXT ( ( #2108 ) ) GLOBAL_UNIT_ASSIGNED_CONTEXT ( ( #186, #772, #8 ) ) REPRESENTATION_CONTEXT ( 'NONE', 'WORKASPACE' ) );
#68 = DIRECTION ( 'NONE',  ( -0.000000000000000000, 1.000000000000000000, -0.000000000000000000 ) ) ;
#69 = DIRECTION ( 'NONE',  ( -0.000000000000000000, -0.000000000000000000, 1.000000000000000000 ) ) ;
#70 = VECTOR ( 'NONE', #847, 1000.000000000000000 ) ;
#71 = VECTOR ( 'NONE', #2109, 1000.000000000000000 ) ;
#72 = ORIENTED_EDGE ( 'NONE', *, *, #505, .T. ) ;
#73 = CARTESIAN_POINT ( 'NONE',  ( -1.250000000000000000, -0.4749999999999999778, 1.000000000000000000 ) ) ;
#74 = VECTOR ( 'NONE', #1337, 1000.000000000000000 ) ;
#75 = VERTEX_POINT ( 'NONE', #1111 ) ;
#76 = VERTEX_POINT ( 'NONE', #191 ) ;
#77 = FILL_AREA_STYLE_COLOUR ( '', #1836 ) ;
#78 = LINE ( 'NONE', #1588, #1845 ) ;
#79 = CARTESIAN_POINT ( 'NONE',  ( 1.168092323903662910, -0.7249999999999999778, -1.000000000000000000 ) ) ;
#80 = AXIS2_PLACEMENT_3D ( 'NONE', #2298, #1208, #853 ) ;
#81 = DIRECTION ( 'NONE',  ( -0.000000000000000000, 1.000000000000000000, -0.000000000000000000 ) ) ;
#82 = MECHANICAL_DESIGN_GEOMETRIC_PRESENTATION_REPRESENTATION (  '', ( #223 ), #2071 ) ;
#83 = CARTESIAN_POINT ( 'NONE',  ( 1.250000000000000000, -0.7750000000000000222, -1.000000000000000000 ) ) ;
#84 = EDGE_CURVE ( 'NONE', #1425, #1938, #1873, .T. ) ;
#85 = PRESENTATION_LAYER_ASSIGNMENT (  '', '', ( #1421 ) ) ;
#86 = ORIENTED_EDGE ( 'NONE', *, *, #487, .F. ) ;
#87 = CARTESIAN_POINT ( 'NONE',  ( -1.168092323903662910, -0.4749999999999999778, 1.000000000000000000 ) ) ;
#88 = FILL_AREA_STYLE ('',( #850 ) ) ;
#89 = ORIENTED_EDGE ( 'NONE', *, *, #39, .F. ) ;
#90 = CARTESIAN_POINT ( 'NONE',  ( 1.067441867737605854, -0.7750000000000000222, -0.9200000000000000400 ) ) ;
#91 = DIRECTION ( 'NONE',  ( -0.000000000000000000, 0.000000000000000000, -1.000000000000000000 ) ) ;
#92 = VECTOR ( 'NONE', #516, 1000.000000000000000 ) ;
#93 = AXIS2_PLACEMENT_3D ( 'NONE', #253, #2289, #1550 ) ;
#94 = SURFACE_STYLE_FILL_AREA ( #1633 ) ;
#95 = EDGE_CURVE ( 'NONE', #12, #1137, #283, .T. ) ;
#96 = DIRECTION ( 'NONE',  ( -0.000000000000000000, 1.000000000000000000, -0.000000000000000000 ) ) ;
#97 = VECTOR ( 'NONE', #878, 1000.000000000000000 ) ;
#98 = DIRECTION ( 'NONE',  ( 1.000000000000000000, -0.000000000000000000, 0.000000000000000000 ) ) ;
#99 = CARTESIAN_POINT ( 'NONE',  ( -1.250000000000000000, 0.1250000000000000000, -1.000000000000000000 ) ) ;
#100 = COLOUR_RGB ( '',0.2000000000000000111, 0.2000000000000000111, 0.2000000000000000111 ) ;
#101 = SURFACE_STYLE_USAGE ( .BOTH. , #1788 ) ;
#102 = ORIENTED_EDGE ( 'NONE', *, *, #2360, .T. ) ;
#103 = EDGE_CURVE ( 'NONE', #1342, #1382, #1377, .T. ) ;
#104 = LINE ( 'NONE', #1796, #437 ) ;
#105 = LINE ( 'NONE', #1009, #439 ) ;
#106 = ORIENTED_EDGE ( 'NONE', *, *, #1253, .T. ) ;
#107 = DIRECTION ( 'NONE',  ( -0.000000000000000000, 0.000000000000000000, 1.000000000000000000 ) ) ;
#108 = FACE_OUTER_BOUND ( 'NONE', #543, .T. ) ;
#109 = DIRECTION ( 'NONE',  ( -0.000000000000000000, 1.000000000000000000, -0.000000000000000000 ) ) ;
#110 =( LENGTH_UNIT ( ) NAMED_UNIT ( * ) SI_UNIT ( .MILLI., .METRE. ) );
#111 = DIRECTION ( 'NONE',  ( -0.000000000000000000, 1.000000000000000000, -0.000000000000000000 ) ) ;
#112 = CARTESIAN_POINT ( 'NONE',  ( 1.175000000000000044, -0.1250000000000000000, -0.9200000000000000400 ) ) ;
#113 = DIRECTION ( 'NONE',  ( 0.000000000000000000, 0.000000000000000000, -1.000000000000000000 ) ) ;
#114 = EDGE_CURVE ( 'NONE', #169, #1429, #2013, .T. ) ;
#115 = SURFACE_STYLE_USAGE ( .BOTH. , #474 ) ;
#116 = PLANE ( 'NONE',  #2257 ) ;
#117 = CARTESIAN_POINT ( 'NONE',  ( 1.168092323903662910, -0.7750000000000000222, 1.000000000000000000 ) ) ;
#118 = ORIENTED_EDGE ( 'NONE', *, *, #483, .T. ) ;
#119 = PRESENTATION_LAYER_ASSIGNMENT (  '', '', ( #1858 ) ) ;
#120 = DIRECTION ( 'NONE',  ( -1.000000000000000000, 0.000000000000000000, 0.000000000000000000 ) ) ;
#121 = SURFACE_STYLE_USAGE ( .BOTH. , #485 ) ;
#122 = DIRECTION ( 'NONE',  ( -1.000000000000000000, 0.000000000000000000, 0.000000000000000000 ) ) ;
#123 = PRODUCT_RELATED_PRODUCT_CATEGORY ( 'part', '', ( #2222 ) ) ;
#124 = ORIENTED_EDGE ( 'NONE', *, *, #367, .T. ) ;
#125 = DIRECTION ( 'NONE',  ( -0.000000000000000000, 0.000000000000000000, -1.000000000000000000 ) ) ;
#126 = FILL_AREA_STYLE_COLOUR ( '', #2259 ) ;
#127 = CYLINDRICAL_SURFACE ( 'NONE', #607, 0.2500000000000000000 ) ;
#128 = LINE ( 'NONE', #2205, #1559 ) ;
#129 = CARTESIAN_POINT ( 'NONE',  ( -1.250000000000000000, -0.4749999999999999778, 1.000000000000000000 ) ) ;
#130 = PRESENTATION_STYLE_ASSIGNMENT (( #2329 ) ) ;
#131 = VECTOR ( 'NONE', #1774, 1000.000000000000000 ) ;
#132 = VECTOR ( 'NONE', #446, 1000.000000000000000 ) ;
#133 = EDGE_LOOP ( 'NONE', ( #1453, #751, #2214, #1519 ) ) ;
#134 = EDGE_CURVE ( 'NONE', #689, #1587, #1840, .T. ) ;
#135 =( NAMED_UNIT ( * ) SI_UNIT ( $, .STERADIAN. ) SOLID_ANGLE_UNIT ( ) );
#136 = CARTESIAN_POINT ( 'NONE',  ( 1.250000000000000000, -0.1250000000000000000, -1.000000000000000000 ) ) ;
#137 = LINE ( 'NONE', #1227, #174 ) ;
#138 = VECTOR ( 'NONE', #1364, 1000.000000000000000 ) ;
#139 = ORIENTED_EDGE ( 'NONE', *, *, #1768, .T. ) ;
#140 = DIRECTION ( 'NONE',  ( -1.000000000000000000, 0.000000000000000000, 0.000000000000000000 ) ) ;
#141 = ORIENTED_EDGE ( 'NONE', *, *, #799, .F. ) ;
#142 = AXIS2_PLACEMENT_3D ( 'NONE', #2301, #2319, #2341 ) ;
#143 = PLANE ( 'NONE',  #713 ) ;
#144 = CARTESIAN_POINT ( 'NONE',  ( 0.9674418677376059872, -0.7249999999999999778, 1.149128784747792009 ) ) ;
#145 = DIRECTION ( 'NONE',  ( 0.000000000000000000, 0.000000000000000000, -1.000000000000000000 ) ) ;
#146 = VERTEX_POINT ( 'NONE', #417 ) ;
#147 = COLOUR_RGB ( '',0.2000000000000000111, 0.2000000000000000111, 0.2000000000000000111 ) ;
#148 = ADVANCED_FACE ( 'NONE', ( #1955 ), #620, .F. ) ;
#149 = VERTEX_POINT ( 'NONE', #2256 ) ;
#150 = APPLICATION_CONTEXT ( 'automotive_design' ) ;
#151 =( NAMED_UNIT ( * ) SI_UNIT ( $, .STERADIAN. ) SOLID_ANGLE_UNIT ( ) );
#152 = FILL_AREA_STYLE_COLOUR ( '', #1078 ) ;
#153 = CARTESIAN_POINT ( 'NONE',  ( 0.6300000000000000044, -0.7750000000000000222, 0.000000000000000000 ) ) ;
#154 = CARTESIAN_POINT ( 'NONE',  ( -1.250000000000000000, 0.1250000000000000000, -1.000000000000000000 ) ) ;
#155 = DIRECTION ( 'NONE',  ( -1.000000000000000000, 0.000000000000000000, 0.000000000000000000 ) ) ;
#156 = PRESENTATION_LAYER_ASSIGNMENT (  '', '', ( #2006 ) ) ;
#157 = ADVANCED_FACE ( 'NONE', ( #1468 ), #796, .F. ) ;
#158 = ORIENTED_EDGE ( 'NONE', *, *, #849, .F. ) ;
#159 = EDGE_CURVE ( 'NONE', #959, #610, #587, .T. ) ;
#160 = DIRECTION ( 'NONE',  ( -0.000000000000000000, 1.000000000000000000, -0.000000000000000000 ) ) ;
#161 =( NAMED_UNIT ( * ) SI_UNIT ( $, .STERADIAN. ) SOLID_ANGLE_UNIT ( ) );
#162 = AXIS2_PLACEMENT_3D ( 'NONE', #1560, #107, #1571 ) ;
#163 = ORIENTED_EDGE ( 'NONE', *, *, #1670, .T. ) ;
#164 = COLOUR_RGB ( '',0.2000000000000000111, 0.2000000000000000111, 0.2000000000000000111 ) ;
#165 = UNCERTAINTY_MEASURE_WITH_UNIT (LENGTH_MEASURE( 1.000000000000000082E-05 ), #2299, 'distance_accuracy_value', 'NONE');
#166 = VECTOR ( 'NONE', #1087, 1000.000000000000000 ) ;
#167 = AXIS2_PLACEMENT_3D ( 'NONE', #515, #492, #1399 ) ;
#168 = ORIENTED_EDGE ( 'NONE', *, *, #571, .F. ) ;
#169 = VERTEX_POINT ( 'NONE', #611 ) ;
#170 = CARTESIAN_POINT ( 'NONE',  ( 0.000000000000000000, -0.7249999999999999778, 0.000000000000000000 ) ) ;
#171 = ORIENTED_EDGE ( 'NONE', *, *, #519, .F. ) ;
#172 = UNCERTAINTY_MEASURE_WITH_UNIT (LENGTH_MEASURE( 1.000000000000000082E-05 ), #1053, 'distance_accuracy_value', 'NONE');
#173 = ADVANCED_FACE ( 'NONE', ( #699 ), #599, .F. ) ;
#174 = VECTOR ( 'NONE', #2310, 1000.000000000000000 ) ;
#175 = CARTESIAN_POINT ( 'NONE',  ( 1.168092323903662910, -0.4749999999999999778, 1.000000000000000000 ) ) ;
#176 = EDGE_LOOP ( 'NONE', ( #1128, #1910, #1115, #399 ) ) ;
#177 = EDGE_CURVE ( 'NONE', #1841, #62, #641, .T. ) ;
#178 = SURFACE_STYLE_USAGE ( .BOTH. , #2194 ) ;
#179 = UNCERTAINTY_MEASURE_WITH_UNIT (LENGTH_MEASURE( 1.000000000000000082E-05 ), #335, 'distance_accuracy_value', 'NONE');
#180 = LINE ( 'NONE', #1906, #2150 ) ;
#181 = ORIENTED_EDGE ( 'NONE', *, *, #1911, .F. ) ;
#182 = AXIS2_PLACEMENT_3D ( 'NONE', #808, #434, #781 ) ;
#183 = LINE ( 'NONE', #836, #2078 ) ;
#184 =( GEOMETRIC_REPRESENTATION_CONTEXT ( 3 ) GLOBAL_UNCERTAINTY_ASSIGNED_CONTEXT ( ( #1291 ) ) GLOBAL_UNIT_ASSIGNED_CONTEXT ( ( #362, #546, #748 ) ) REPRESENTATION_CONTEXT ( 'NONE', 'WORKASPACE' ) );
#185 = PLANE ( 'NONE',  #585 ) ;
#186 =( LENGTH_UNIT ( ) NAMED_UNIT ( * ) SI_UNIT ( .MILLI., .METRE. ) );
#187 = CARTESIAN_POINT ( 'NONE',  ( 1.168092323903662910, -0.7249999999999999778, 1.000000000000000000 ) ) ;
#188 = DIRECTION ( 'NONE',  ( 0.000000000000000000, 0.000000000000000000, 1.000000000000000000 ) ) ;
#189 = ORIENTED_EDGE ( 'NONE', *, *, #2009, .T. ) ;
#190 = EDGE_CURVE ( 'NONE', #658, #2243, #1127, .T. ) ;
#191 = CARTESIAN_POINT ( 'NONE',  ( -0.6299999999999998934, -0.7750000000000000222, 1.000000000000000000 ) ) ;
#192 = ORIENTED_EDGE ( 'NONE', *, *, #209, .T. ) ;
#193 = DIRECTION ( 'NONE',  ( 8.673617379884035472E-16, 0.000000000000000000, -1.000000000000000000 ) ) ;
#194 = DIRECTION ( 'NONE',  ( -0.000000000000000000, 1.000000000000000000, -0.000000000000000000 ) ) ;
#195 = DIRECTION ( 'NONE',  ( -0.000000000000000000, 1.000000000000000000, -0.000000000000000000 ) ) ;
#196 = CIRCLE ( 'NONE', #1329, 0.2500000000000000000 ) ;
#197 = ADVANCED_FACE ( 'NONE', ( #2095 ), #1707, .F. ) ;
#198 = SURFACE_SIDE_STYLE ('',( #379 ) ) ;
#199 = VECTOR ( 'NONE', #477, 1000.000000000000000 ) ;
#200 = SURFACE_SIDE_STYLE ('',( #1705 ) ) ;
#201 =( GEOMETRIC_REPRESENTATION_CONTEXT ( 3 ) GLOBAL_UNCERTAINTY_ASSIGNED_CONTEXT ( ( #1179 ) ) GLOBAL_UNIT_ASSIGNED_CONTEXT ( ( #1037, #1245, #510 ) ) REPRESENTATION_CONTEXT ( 'NONE', 'WORKASPACE' ) );
#202 = ORIENTED_EDGE ( 'NONE', *, *, #962, .F. ) ;
#203 = DIRECTION ( 'NONE',  ( -0.000000000000000000, 1.000000000000000000, -0.000000000000000000 ) ) ;
#204 = AXIS2_PLACEMENT_3D ( 'NONE', #874, #1054, #306 ) ;
#205 = FACE_OUTER_BOUND ( 'NONE', #1098, .T. ) ;
#206 = ORIENTED_EDGE ( 'NONE', *, *, #1609, .F. ) ;
#207 = ORIENTED_EDGE ( 'NONE', *, *, #266, .F. ) ;
#208 = CIRCLE ( 'NONE', #1720, 0.2500000000000000000 ) ;
#209 = EDGE_CURVE ( 'NONE', #229, #1507, #1563, .T. ) ;
#210 = CARTESIAN_POINT ( 'NONE',  ( -0.7667914115715491752, -0.4749999999999999778, 1.000000000000000000 ) ) ;
#211 = ORIENTED_EDGE ( 'NONE', *, *, #1726, .T. ) ;
#212 = FACE_OUTER_BOUND ( 'NONE', #28, .T. ) ;
#213 = VECTOR ( 'NONE', #1982, 1000.000000000000000 ) ;
#214 = SURFACE_SIDE_STYLE ('',( #595 ) ) ;
#215 =( NAMED_UNIT ( * ) PLANE_ANGLE_UNIT ( ) SI_UNIT ( $, .RADIAN. ) );
#216 =( LENGTH_UNIT ( ) NAMED_UNIT ( * ) SI_UNIT ( .MILLI., .METRE. ) );
#217 = CARTESIAN_POINT ( 'NONE',  ( -0.8674418677376060094, -0.4749999999999999778, 0.9200000000000000400 ) ) ;
#218 = AXIS2_PLACEMENT_3D ( 'NONE', #2117, #2145, #1234 ) ;
#219 = CARTESIAN_POINT ( 'NONE',  ( -1.250000000000000000, -0.7249999999999999778, -1.000000000000000000 ) ) ;
#220 = ORIENTED_EDGE ( 'NONE', *, *, #1555, .F. ) ;
#221 = DIRECTION ( 'NONE',  ( 0.000000000000000000, 0.000000000000000000, -1.000000000000000000 ) ) ;
#222 = CARTESIAN_POINT ( 'NONE',  ( -1.168092323903662910, -0.7750000000000000222, 1.000000000000000000 ) ) ;
#223 = STYLED_ITEM ( 'NONE', ( #435 ), #1292 ) ;
#224 = ORIENTED_EDGE ( 'NONE', *, *, #209, .F. ) ;
#225 = EDGE_CURVE ( 'NONE', #1799, #2174, #2040, .T. ) ;
#226 = DIRECTION ( 'NONE',  ( 0.000000000000000000, -0.000000000000000000, -1.000000000000000000 ) ) ;
#227 = FACE_OUTER_BOUND ( 'NONE', #2338, .T. ) ;
#228 = VECTOR ( 'NONE', #558, 1000.000000000000000 ) ;
#229 = VERTEX_POINT ( 'NONE', #1193 ) ;
#230 = DIRECTION ( 'NONE',  ( 1.000000000000000000, 0.000000000000000000, 0.000000000000000000 ) ) ;
#231 = VECTOR ( 'NONE', #1061, 1000.000000000000000 ) ;
#232 = ORIENTED_EDGE ( 'NONE', *, *, #2112, .T. ) ;
#233 = VECTOR ( 'NONE', #720, 1000.000000000000000 ) ;
#234 =( LENGTH_UNIT ( ) NAMED_UNIT ( * ) SI_UNIT ( .MILLI., .METRE. ) );
#235 = EDGE_LOOP ( 'NONE', ( #932, #1752, #786, #1373 ) ) ;
#236 = STYLED_ITEM ( 'NONE', ( #1645 ), #148 ) ;
#237 = PRESENTATION_STYLE_ASSIGNMENT (( #2093 ) ) ;
#238 = EDGE_CURVE ( 'NONE', #823, #2191, #1071, .T. ) ;
#239 = DIRECTION ( 'NONE',  ( -1.000000000000000000, 0.000000000000000000, 0.000000000000000000 ) ) ;
#240 = CARTESIAN_POINT ( 'NONE',  ( -1.168092323903662910, -0.7249999999999999778, -1.000000000000000000 ) ) ;
#241 = EDGE_CURVE ( 'NONE', #1567, #514, #1006, .T. ) ;
#242 = SURFACE_STYLE_USAGE ( .BOTH. , #1554 ) ;
#243 = DIRECTION ( 'NONE',  ( 1.000000000000000000, 0.000000000000000000, 0.000000000000000000 ) ) ;
#244 = DIRECTION ( 'NONE',  ( -0.000000000000000000, 1.000000000000000000, -0.000000000000000000 ) ) ;
#245 = DIRECTION ( 'NONE',  ( -1.000000000000000000, 0.000000000000000000, 0.000000000000000000 ) ) ;
#246 = EDGE_LOOP ( 'NONE', ( #38, #2356, #259, #1161 ) ) ;
#247 = AXIS2_PLACEMENT_3D ( 'NONE', #576, #1839, #1501 ) ;
#248 = ORIENTED_EDGE ( 'NONE', *, *, #1685, .F. ) ;
#249 = CARTESIAN_POINT ( 'NONE',  ( -0.9674418677376059872, -0.7249999999999999778, -1.149128784747792009 ) ) ;
#250 =( GEOMETRIC_REPRESENTATION_CONTEXT ( 3 ) GLOBAL_UNCERTAINTY_ASSIGNED_CONTEXT ( ( #830 ) ) GLOBAL_UNIT_ASSIGNED_CONTEXT ( ( #1499, #572, #1470 ) ) REPRESENTATION_CONTEXT ( 'NONE', 'WORKASPACE' ) );
#251 = SURFACE_STYLE_USAGE ( .BOTH. , #1361 ) ;
#252 = EDGE_CURVE ( 'NONE', #1213, #149, #180, .T. ) ;
#253 = CARTESIAN_POINT ( 'NONE',  ( -0.9674418677376059872, -0.7249999999999999778, -1.149128784747792009 ) ) ;
#254 =( GEOMETRIC_REPRESENTATION_CONTEXT ( 3 ) GLOBAL_UNCERTAINTY_ASSIGNED_CONTEXT ( ( #1352 ) ) GLOBAL_UNIT_ASSIGNED_CONTEXT ( ( #1549, #265, #1561 ) ) REPRESENTATION_CONTEXT ( 'NONE', 'WORKASPACE' ) );
#255 = CARTESIAN_POINT ( 'NONE',  ( -1.250000000000000000, -0.7249999999999999778, 1.000000000000000000 ) ) ;
#256 = ORIENTED_EDGE ( 'NONE', *, *, #1647, .T. ) ;
#257 = SURFACE_SIDE_STYLE ('',( #1565 ) ) ;
#258 = CARTESIAN_POINT ( 'NONE',  ( 1.250000000000000000, -0.7750000000000000222, 0.000000000000000000 ) ) ;
#259 = ORIENTED_EDGE ( 'NONE', *, *, #2155, .F. ) ;
#260 = EDGE_LOOP ( 'NONE', ( #1696, #1469, #1446, #2183 ) ) ;
#261 = VECTOR ( 'NONE', #122, 1000.000000000000000 ) ;
#262 = VERTEX_POINT ( 'NONE', #999 ) ;
#263 =( NAMED_UNIT ( * ) PLANE_ANGLE_UNIT ( ) SI_UNIT ( $, .RADIAN. ) );
#264 = FACE_OUTER_BOUND ( 'NONE', #176, .T. ) ;
#265 =( NAMED_UNIT ( * ) PLANE_ANGLE_UNIT ( ) SI_UNIT ( $, .RADIAN. ) );
#266 = EDGE_CURVE ( 'NONE', #993, #1213, #1212, .T. ) ;
#267 =( NAMED_UNIT ( * ) SI_UNIT ( $, .STERADIAN. ) SOLID_ANGLE_UNIT ( ) );
#268 = CARTESIAN_POINT ( 'NONE',  ( 0.9674418677376059872, -0.4749999999999999778, -1.149128784747792009 ) ) ;
#269 = PRESENTATION_LAYER_ASSIGNMENT (  '', '', ( #2305 ) ) ;
#270 = VERTEX_POINT ( 'NONE', #1734 ) ;
#271 = CARTESIAN_POINT ( 'NONE',  ( 0.8674418677376060094, -0.7249999999999999778, 0.9200000000000000400 ) ) ;
#272 = DIRECTION ( 'NONE',  ( -0.000000000000000000, 1.000000000000000000, -0.000000000000000000 ) ) ;
#273 = MECHANICAL_DESIGN_GEOMETRIC_PRESENTATION_REPRESENTATION (  '', ( #2335 ), #794 ) ;
#274 = FACE_OUTER_BOUND ( 'NONE', #414, .T. ) ;
#275 = LINE ( 'NONE', #1518, #1866 ) ;
#276 = FACE_OUTER_BOUND ( 'NONE', #832, .T. ) ;
#277 = SURFACE_SIDE_STYLE ('',( #2318 ) ) ;
#278 = FILL_AREA_STYLE_COLOUR ( '', #2347 ) ;
#279 = DIRECTION ( 'NONE',  ( -0.000000000000000000, 1.000000000000000000, -0.000000000000000000 ) ) ;
#280 = EDGE_CURVE ( 'NONE', #689, #323, #105, .T. ) ;
#281 = ORIENTED_EDGE ( 'NONE', *, *, #2288, .F. ) ;
#282 = AXIS2_PLACEMENT_3D ( 'NONE', #1163, #59, #824 ) ;
#283 = LINE ( 'NONE', #1482, #50 ) ;
#284 = ORIENTED_EDGE ( 'NONE', *, *, #951, .T. ) ;
#285 = ORIENTED_EDGE ( 'NONE', *, *, #472, .T. ) ;
#286 = CYLINDRICAL_SURFACE ( 'NONE', #167, 0.2500000000000000000 ) ;
#287 = VERTEX_POINT ( 'NONE', #1932 ) ;
#288 = FACE_OUTER_BOUND ( 'NONE', #1847, .T. ) ;
#289 = CARTESIAN_POINT ( 'NONE',  ( 0.9674418677376059872, -0.7249999999999999778, -1.149128784747792009 ) ) ;
#290 = PRESENTATION_LAYER_ASSIGNMENT (  '', '', ( #2187 ) ) ;
#291 = DIRECTION ( 'NONE',  ( 1.000000000000000000, 0.000000000000000000, 0.000000000000000000 ) ) ;
#292 = LINE ( 'NONE', #609, #1349 ) ;
#293 = EDGE_CURVE ( 'NONE', #1254, #1968, #1010, .T. ) ;
#294 = PLANE ( 'NONE',  #142 ) ;
#295 = PRESENTATION_LAYER_ASSIGNMENT (  '', '', ( #469 ) ) ;
#296 = CARTESIAN_POINT ( 'NONE',  ( -1.250000000000000000, -0.1250000000000000000, 1.000000000000000000 ) ) ;
#297 = FILL_AREA_STYLE_COLOUR ( '', #930 ) ;
#298 = SURFACE_SIDE_STYLE ('',( #2245 ) ) ;
#299 = PRESENTATION_LAYER_ASSIGNMENT (  '', '', ( #2074 ) ) ;
#300 = ORIENTED_EDGE ( 'NONE', *, *, #369, .F. ) ;
#301 = FILL_AREA_STYLE ('',( #1737 ) ) ;
#302 = ORIENTED_EDGE ( 'NONE', *, *, #420, .T. ) ;
#303 =( NAMED_UNIT ( * ) SI_UNIT ( $, .STERADIAN. ) SOLID_ANGLE_UNIT ( ) );
#304 = SURFACE_STYLE_USAGE ( .BOTH. , #312 ) ;
#305 =( NAMED_UNIT ( * ) SI_UNIT ( $, .STERADIAN. ) SOLID_ANGLE_UNIT ( ) );
#306 = DIRECTION ( 'NONE',  ( 0.000000000000000000, -0.000000000000000000, -1.000000000000000000 ) ) ;
#307 = DIRECTION ( 'NONE',  ( -0.000000000000000000, 1.000000000000000000, -0.000000000000000000 ) ) ;
#308 = FACE_OUTER_BOUND ( 'NONE', #1334, .T. ) ;
#309 = EDGE_CURVE ( 'NONE', #2239, #1131, #2212, .T. ) ;
#310 = LINE ( 'NONE', #2351, #973 ) ;
#311 = UNCERTAINTY_MEASURE_WITH_UNIT (LENGTH_MEASURE( 1.000000000000000082E-05 ), #813, 'distance_accuracy_value', 'NONE');
#312 = SURFACE_SIDE_STYLE ('',( #1537 ) ) ;
#313 = FILL_AREA_STYLE_COLOUR ( '', #2283 ) ;
#314 = PRESENTATION_LAYER_ASSIGNMENT (  '', '', ( #783 ) ) ;
#315 = FACE_OUTER_BOUND ( 'NONE', #1378, .T. ) ;
#316 = CARTESIAN_POINT ( 'NONE',  ( -0.9674418677376059872, -0.7750000000000000222, 1.149128784747792009 ) ) ;
#317 = CARTESIAN_POINT ( 'NONE',  ( 0.000000000000000000, -0.4749999999999999778, 0.7949999999999999289 ) ) ;
#318 = VECTOR ( 'NONE', #2046, 1000.000000000000000 ) ;
#319 = ORIENTED_EDGE ( 'NONE', *, *, #2054, .T. ) ;
#320 = LINE ( 'NONE', #895, #619 ) ;
#321 = VECTOR ( 'NONE', #120, 1000.000000000000000 ) ;
#322 = EDGE_LOOP ( 'NONE', ( #1934, #663, #593, #617 ) ) ;
#323 = VERTEX_POINT ( 'NONE', #1197 ) ;
#324 = DIRECTION ( 'NONE',  ( -1.000000000000000000, 0.000000000000000000, 0.000000000000000000 ) ) ;
#325 =( NAMED_UNIT ( * ) SI_UNIT ( $, .STERADIAN. ) SOLID_ANGLE_UNIT ( ) );
#326 = LINE ( 'NONE', #1280, #843 ) ;
#327 = CARTESIAN_POINT ( 'NONE',  ( -1.250000000000000000, -0.7249999999999999778, 1.000000000000000000 ) ) ;
#328 = PLANE ( 'NONE',  #1738 ) ;
#329 = DIRECTION ( 'NONE',  ( -0.000000000000000000, 0.000000000000000000, 1.000000000000000000 ) ) ;
#330 = APPLICATION_PROTOCOL_DEFINITION ( 'draft international standard', 'automotive_design', 1998, #480 ) ;
#331 = EDGE_CURVE ( 'NONE', #1137, #528, #2099, .T. ) ;
#332 = ADVANCED_FACE ( 'NONE', ( #742 ), #1045, .F. ) ;
#333 = PLANE ( 'NONE',  #1358 ) ;
#334 = DIRECTION ( 'NONE',  ( -0.000000000000000000, 1.000000000000000000, -0.000000000000000000 ) ) ;
#335 =( LENGTH_UNIT ( ) NAMED_UNIT ( * ) SI_UNIT ( .MILLI., .METRE. ) );
#336 = MECHANICAL_DESIGN_GEOMETRIC_PRESENTATION_REPRESENTATION (  '', ( #913 ), #2103 ) ;
#337 = VERTEX_POINT ( 'NONE', #635 ) ;
#338 = SURFACE_SIDE_STYLE ('',( #1569 ) ) ;
#339 = PLANE ( 'NONE',  #2359 ) ;
#340 = FILL_AREA_STYLE ('',( #2164 ) ) ;
#341 =( GEOMETRIC_REPRESENTATION_CONTEXT ( 3 ) GLOBAL_UNCERTAINTY_ASSIGNED_CONTEXT ( ( #909 ) ) GLOBAL_UNIT_ASSIGNED_CONTEXT ( ( #1494, #566, #19 ) ) REPRESENTATION_CONTEXT ( 'NONE', 'WORKASPACE' ) );
#342 = DIRECTION ( 'NONE',  ( -0.000000000000000000, 1.000000000000000000, -0.000000000000000000 ) ) ;
#343 = DIRECTION ( 'NONE',  ( -0.000000000000000000, 1.000000000000000000, -0.000000000000000000 ) ) ;
#344 = DIRECTION ( 'NONE',  ( 0.000000000000000000, 0.000000000000000000, 1.000000000000000000 ) ) ;
#345 = DIRECTION ( 'NONE',  ( 0.000000000000000000, 0.000000000000000000, -1.000000000000000000 ) ) ;
#346 = ADVANCED_FACE ( 'NONE', ( #205 ), #460, .F. ) ;
#347 = LINE ( 'NONE', #1802, #1527 ) ;
#348 = ORIENTED_EDGE ( 'NONE', *, *, #1684, .F. ) ;
#349 = AXIS2_PLACEMENT_3D ( 'NONE', #1415, #2135, #1049 ) ;
#350 = SURFACE_STYLE_FILL_AREA ( #340 ) ;
#351 = VECTOR ( 'NONE', #230, 1000.000000000000000 ) ;
#352 = ORIENTED_EDGE ( 'NONE', *, *, #114, .F. ) ;
#353 = ORIENTED_EDGE ( 'NONE', *, *, #1224, .T. ) ;
#354 = EDGE_CURVE ( 'NONE', #2169, #1567, #675, .T. ) ;
#355 = MECHANICAL_DESIGN_GEOMETRIC_PRESENTATION_REPRESENTATION (  '', ( #2038 ), #2159 ) ;
#356 = DIRECTION ( 'NONE',  ( 0.000000000000000000, -0.000000000000000000, -1.000000000000000000 ) ) ;
#357 = VECTOR ( 'NONE', #2233, 1000.000000000000000 ) ;
#358 = DIRECTION ( 'NONE',  ( -0.000000000000000000, 1.000000000000000000, -0.000000000000000000 ) ) ;
#359 = VECTOR ( 'NONE', #343, 1000.000000000000000 ) ;
#360 = FACE_OUTER_BOUND ( 'NONE', #1473, .T. ) ;
#361 = DIRECTION ( 'NONE',  ( -0.000000000000000000, 1.000000000000000000, -0.000000000000000000 ) ) ;
#362 =( LENGTH_UNIT ( ) NAMED_UNIT ( * ) SI_UNIT ( .MILLI., .METRE. ) );
#363 = VERTEX_POINT ( 'NONE', #1423 ) ;
#364 = PRESENTATION_LAYER_ASSIGNMENT (  '', '', ( #2335 ) ) ;
#365 = SURFACE_STYLE_USAGE ( .BOTH. , #2192 ) ;
#366 = FILL_AREA_STYLE ('',( #1461 ) ) ;
#367 = EDGE_CURVE ( 'NONE', #229, #676, #867, .T. ) ;
#368 = ORIENTED_EDGE ( 'NONE', *, *, #962, .T. ) ;
#369 = EDGE_CURVE ( 'NONE', #900, #76, #2125, .T. ) ;
#370 = CARTESIAN_POINT ( 'NONE',  ( 1.067441867737605854, -0.7750000000000000222, 0.9200000000000000400 ) ) ;
#371 = ORIENTED_EDGE ( 'NONE', *, *, #280, .T. ) ;
#372 = ADVANCED_FACE ( 'NONE', ( #1618 ), #857, .T. ) ;
#373 = SURFACE_STYLE_USAGE ( .BOTH. , #198 ) ;
#374 = AXIS2_PLACEMENT_3D ( 'NONE', #594, #125, #324 ) ;
#375 = DIRECTION ( 'NONE',  ( 1.000000000000000000, 0.000000000000000000, 0.000000000000000000 ) ) ;
#376 = ORIENTED_EDGE ( 'NONE', *, *, #1610, .T. ) ;
#377 = CARTESIAN_POINT ( 'NONE',  ( 1.168092323903662910, -0.7249999999999999778, -1.000000000000000000 ) ) ;
#378 = LINE ( 'NONE', #1604, #131 ) ;
#379 = SURFACE_STYLE_FILL_AREA ( #366 ) ;
#380 = EDGE_LOOP ( 'NONE', ( #769, #1641, #2268, #2242 ) ) ;
#381 = EDGE_CURVE ( 'NONE', #557, #647, #24, .T. ) ;
#382 = DIRECTION ( 'NONE',  ( -1.000000000000000000, -0.000000000000000000, -0.000000000000000000 ) ) ;
#383 = VECTOR ( 'NONE', #1048, 1000.000000000000000 ) ;
#384 = ORIENTED_EDGE ( 'NONE', *, *, #664, .T. ) ;
#385 = VERTEX_POINT ( 'NONE', #90 ) ;
#386 = CYLINDRICAL_SURFACE ( 'NONE', #2227, 0.2500000000000000000 ) ;
#387 = ADVANCED_FACE ( 'NONE', ( #494 ), #1783, .F. ) ;
#388 = MECHANICAL_DESIGN_GEOMETRIC_PRESENTATION_REPRESENTATION (  '', ( #1858 ), #254 ) ;
#389 = FILL_AREA_STYLE_COLOUR ( '', #1017 ) ;
#390 = FACE_OUTER_BOUND ( 'NONE', #604, .T. ) ;
#391 = DIRECTION ( 'NONE',  ( -0.000000000000000000, 1.000000000000000000, -0.000000000000000000 ) ) ;
#392 = ORIENTED_EDGE ( 'NONE', *, *, #1911, .T. ) ;
#393 = CARTESIAN_POINT ( 'NONE',  ( 0.9674418677376059872, -0.7249999999999999778, -1.149128784747792009 ) ) ;
#394 = FILL_AREA_STYLE_COLOUR ( '', #1432 ) ;
#395 = DIRECTION ( 'NONE',  ( -0.000000000000000000, 0.000000000000000000, 1.000000000000000000 ) ) ;
#396 = UNCERTAINTY_MEASURE_WITH_UNIT (LENGTH_MEASURE( 1.000000000000000082E-05 ), #1157, 'distance_accuracy_value', 'NONE');
#397 = ORIENTED_EDGE ( 'NONE', *, *, #2315, .F. ) ;
#398 = EDGE_CURVE ( 'NONE', #1382, #37, #2267, .T. ) ;
#399 = ORIENTED_EDGE ( 'NONE', *, *, #225, .T. ) ;
#400 = AXIS2_PLACEMENT_3D ( 'NONE', #602, #1304, #402 ) ;
#401 = FILL_AREA_STYLE ('',( #389 ) ) ;
#402 = DIRECTION ( 'NONE',  ( -1.000000000000000000, 0.000000000000000000, 0.000000000000000000 ) ) ;
#403 = DIRECTION ( 'NONE',  ( -0.000000000000000000, 1.000000000000000000, -0.000000000000000000 ) ) ;
#404 = ORIENTED_EDGE ( 'NONE', *, *, #1542, .F. ) ;
#405 = VECTOR ( 'NONE', #6, 1000.000000000000000 ) ;
#406 =( LENGTH_UNIT ( ) NAMED_UNIT ( * ) SI_UNIT ( .MILLI., .METRE. ) );
#407 = FILL_AREA_STYLE ('',( #2236 ) ) ;
#408 = FACE_OUTER_BOUND ( 'NONE', #905, .T. ) ;
#409 = VERTEX_POINT ( 'NONE', #1594 ) ;
#410 = CARTESIAN_POINT ( 'NONE',  ( -1.250000000000000000, -0.7750000000000000222, 1.000000000000000000 ) ) ;
#411 = DIRECTION ( 'NONE',  ( -1.000000000000000000, 0.000000000000000000, -0.000000000000000000 ) ) ;
#412 = AXIS2_PLACEMENT_3D ( 'NONE', #1993, #1628, #2160 ) ;
#413 = ORIENTED_EDGE ( 'NONE', *, *, #1976, .T. ) ;
#414 = EDGE_LOOP ( 'NONE', ( #1930, #2255, #1669, #1829 ) ) ;
#415 = VECTOR ( 'NONE', #2365, 1000.000000000000000 ) ;
#416 = VECTOR ( 'NONE', #345, 1000.000000000000000 ) ;
#417 = CARTESIAN_POINT ( 'NONE',  ( 1.067441867737605854, -0.7750000000000000222, 0.9200000000000000400 ) ) ;
#418 = PRESENTATION_STYLE_ASSIGNMENT (( #178 ) ) ;
#420 = EDGE_CURVE ( 'NONE', #1650, #588, #820, .T. ) ;
#419 = LINE ( 'NONE', #2219, #1513 ) ;
#421 = DIRECTION ( 'NONE',  ( 0.000000000000000000, 0.000000000000000000, -1.000000000000000000 ) ) ;
#422 = AXIS2_PLACEMENT_3D ( 'NONE', #1218, #1031, #1760 ) ;
#423 =( NAMED_UNIT ( * ) PLANE_ANGLE_UNIT ( ) SI_UNIT ( $, .RADIAN. ) );
#424 = DIRECTION ( 'NONE',  ( -0.000000000000000000, 0.000000000000000000, 1.000000000000000000 ) ) ;
#425 = AXIS2_PLACEMENT_3D ( 'NONE', #1450, #1261, #883 ) ;
#426 =( NAMED_UNIT ( * ) SI_UNIT ( $, .STERADIAN. ) SOLID_ANGLE_UNIT ( ) );
#427 = VERTEX_POINT ( 'NONE', #2134 ) ;
#428 = EDGE_CURVE ( 'NONE', #363, #1644, #767, .T. ) ;
#429 = ORIENTED_EDGE ( 'NONE', *, *, #921, .F. ) ;
#430 = SURFACE_SIDE_STYLE ('',( #1180 ) ) ;
#431 = AXIS2_PLACEMENT_3D ( 'NONE', #2374, #1257, #535 ) ;
#432 = LINE ( 'NONE', #1441, #1584 ) ;
#433 = LINE ( 'NONE', #1266, #1868 ) ;
#434 = DIRECTION ( 'NONE',  ( 0.000000000000000000, -1.000000000000000000, 0.000000000000000000 ) ) ;
#435 = PRESENTATION_STYLE_ASSIGNMENT (( #1160 ) ) ;
#436 = VERTEX_POINT ( 'NONE', #2129 ) ;
#437 = VECTOR ( 'NONE', #538, 1000.000000000000000 ) ;
#438 = DIRECTION ( 'NONE',  ( -0.000000000000000000, 1.000000000000000000, -0.000000000000000000 ) ) ;
#439 = VECTOR ( 'NONE', #2272, 1000.000000000000000 ) ;
#440 = ORIENTED_EDGE ( 'NONE', *, *, #1079, .T. ) ;
#441 = LINE ( 'NONE', #1024, #844 ) ;
#443 = EDGE_CURVE ( 'NONE', #1137, #1254, #1671, .T. ) ;
#442 = VECTOR ( 'NONE', #1719, 1000.000000000000000 ) ;
#444 = SURFACE_STYLE_FILL_AREA ( #780 ) ;
#445 = VECTOR ( 'NONE', #1170, 1000.000000000000000 ) ;
#446 = DIRECTION ( 'NONE',  ( -1.000000000000000000, 0.000000000000000000, 0.000000000000000000 ) ) ;
#447 = CARTESIAN_POINT ( 'NONE',  ( -0.8674418677376060094, -0.7249999999999999778, -0.9200000000000000400 ) ) ;
#448 = STYLED_ITEM ( 'NONE', ( #237 ), #2204 ) ;
#449 = FILL_AREA_STYLE ('',( #1706 ) ) ;
#450 =( NAMED_UNIT ( * ) PLANE_ANGLE_UNIT ( ) SI_UNIT ( $, .RADIAN. ) );
#451 = ORIENTED_EDGE ( 'NONE', *, *, #2172, .T. ) ;
#452 = ORIENTED_EDGE ( 'NONE', *, *, #2172, .F. ) ;
#453 = DIRECTION ( 'NONE',  ( 1.000000000000000000, 0.000000000000000000, 0.000000000000000000 ) ) ;
#454 = AXIS2_PLACEMENT_3D ( 'NONE', #170, #707, #356 ) ;
#455 = EDGE_CURVE ( 'NONE', #2005, #1673, #1102, .T. ) ;
#456 =( NAMED_UNIT ( * ) PLANE_ANGLE_UNIT ( ) SI_UNIT ( $, .RADIAN. ) );
#457 = LINE ( 'NONE', #500, #584 ) ;
#458 = CARTESIAN_POINT ( 'NONE',  ( 0.9674418677376059872, -0.7249999999999999778, 1.149128784747792009 ) ) ;
#459 = VERTEX_POINT ( 'NONE', #2143 ) ;
#460 = PLANE ( 'NONE',  #2170 ) ;
#461 =( GEOMETRIC_REPRESENTATION_CONTEXT ( 3 ) GLOBAL_UNCERTAINTY_ASSIGNED_CONTEXT ( ( #773 ) ) GLOBAL_UNIT_ASSIGNED_CONTEXT ( ( #936, #759, #943 ) ) REPRESENTATION_CONTEXT ( 'NONE', 'WORKASPACE' ) );
#462 = ORIENTED_EDGE ( 'NONE', *, *, #2193, .F. ) ;
#463 = ORIENTED_EDGE ( 'NONE', *, *, #2007, .T. ) ;
#464 = VECTOR ( 'NONE', #395, 1000.000000000000000 ) ;
#465 = PRESENTATION_STYLE_ASSIGNMENT (( #478 ) ) ;
#466 = ORIENTED_EDGE ( 'NONE', *, *, #159, .F. ) ;
#467 =( NAMED_UNIT ( * ) PLANE_ANGLE_UNIT ( ) SI_UNIT ( $, .RADIAN. ) );
#468 = CIRCLE ( 'NONE', #2247, 0.2500000000000000000 ) ;
#469 = STYLED_ITEM ( 'NONE', ( #1003 ), #1481 ) ;
#470 = CARTESIAN_POINT ( 'NONE',  ( -1.250000000000000000, -0.7249999999999999778, -1.000000000000000000 ) ) ;
#471 = CARTESIAN_POINT ( 'NONE',  ( -0.6299999999999998934, -0.7249999999999999778, 1.000000000000000000 ) ) ;
#472 = EDGE_CURVE ( 'NONE', #149, #270, #1590, .T. ) ;
#473 = AXIS2_PLACEMENT_3D ( 'NONE', #947, #194, #2051 ) ;
#474 = SURFACE_SIDE_STYLE ('',( #1151 ) ) ;
#475 = ORIENTED_EDGE ( 'NONE', *, *, #2139, .T. ) ;
#476 = CARTESIAN_POINT ( 'NONE',  ( 0.000000000000000000, -0.7750000000000000222, 1.000000000000000000 ) ) ;
#477 = DIRECTION ( 'NONE',  ( -1.000000000000000000, 0.000000000000000000, 0.000000000000000000 ) ) ;
#478 = SURFACE_STYLE_USAGE ( .BOTH. , #298 ) ;
#479 = EDGE_LOOP ( 'NONE', ( #919, #1725, #1489, #2018 ) ) ;
#480 = APPLICATION_CONTEXT ( 'automotive_design' ) ;
#481 = AXIS2_PLACEMENT_3D ( 'NONE', #289, #683, #1964 ) ;
#482 = COLOUR_RGB ( '',0.2000000000000000111, 0.2000000000000000111, 0.2000000000000000111 ) ;
#483 = EDGE_CURVE ( 'NONE', #61, #634, #2290, .T. ) ;
#484 = CIRCLE ( 'NONE', #1457, 0.2500000000000000000 ) ;
#485 = SURFACE_SIDE_STYLE ('',( #1778 ) ) ;
#486 = FILL_AREA_STYLE ('',( #501 ) ) ;
#487 = EDGE_CURVE ( 'NONE', #1299, #1814, #530, .T. ) ;
#488 = VECTOR ( 'NONE', #1961, 1000.000000000000000 ) ;
#489 = ORIENTED_EDGE ( 'NONE', *, *, #190, .F. ) ;
#490 = LINE ( 'NONE', #2340, #1375 ) ;
#491 = EDGE_LOOP ( 'NONE', ( #750, #1247, #376, #1786 ) ) ;
#492 = DIRECTION ( 'NONE',  ( -0.000000000000000000, 1.000000000000000000, -0.000000000000000000 ) ) ;
#493 = LINE ( 'NONE', #526, #1927 ) ;
#494 = FACE_OUTER_BOUND ( 'NONE', #380, .T. ) ;
#495 = CARTESIAN_POINT ( 'NONE',  ( 0.000000000000000000, -0.7249999999999999778, -1.000000000000000000 ) ) ;
#496 = ORIENTED_EDGE ( 'NONE', *, *, #910, .F. ) ;
#497 = PRESENTATION_STYLE_ASSIGNMENT (( #1392 ) ) ;
#498 = CARTESIAN_POINT ( 'NONE',  ( -1.067441867737605854, -0.7750000000000000222, -0.9200000000000000400 ) ) ;
#499 = PRESENTATION_LAYER_ASSIGNMENT (  '', '', ( #1971 ) ) ;
#500 = CARTESIAN_POINT ( 'NONE',  ( 1.067441867737605854, -0.7750000000000000222, -0.9200000000000000400 ) ) ;
#501 = FILL_AREA_STYLE_COLOUR ( '', #1782 ) ;
#502 = VECTOR ( 'NONE', #1001, 1000.000000000000000 ) ;
#503 = ORIENTED_EDGE ( 'NONE', *, *, #885, .T. ) ;
#504 = PRESENTATION_LAYER_ASSIGNMENT (  '', '', ( #1723 ) ) ;
#505 = EDGE_CURVE ( 'NONE', #2084, #146, #957, .T. ) ;
#506 = CARTESIAN_POINT ( 'NONE',  ( 1.067441867737605854, -0.7249999999999999778, -0.9199999999999999289 ) ) ;
#507 = AXIS2_PLACEMENT_3D ( 'NONE', #1184, #1340, #814 ) ;
#508 = DIRECTION ( 'NONE',  ( -4.336808689942017736E-15, 0.000000000000000000, -1.000000000000000000 ) ) ;
#509 = DIRECTION ( 'NONE',  ( 0.000000000000000000, 0.000000000000000000, -1.000000000000000000 ) ) ;
#510 =( NAMED_UNIT ( * ) SI_UNIT ( $, .STERADIAN. ) SOLID_ANGLE_UNIT ( ) );
#511 = AXIS2_PLACEMENT_3D ( 'NONE', #1922, #2153, #1593 ) ;
#512 = VERTEX_POINT ( 'NONE', #1414 ) ;
#513 = EDGE_LOOP ( 'NONE', ( #854, #727, #837, #2353 ) ) ;
#514 = VERTEX_POINT ( 'NONE', #1443 ) ;
#515 = CARTESIAN_POINT ( 'NONE',  ( -0.9674418677376059872, -0.7750000000000000222, 1.149128784747792009 ) ) ;
#516 = DIRECTION ( 'NONE',  ( -0.000000000000000000, 1.000000000000000000, -0.000000000000000000 ) ) ;
#517 = CARTESIAN_POINT ( 'NONE',  ( -0.6299999999999998934, -0.7750000000000000222, 0.000000000000000000 ) ) ;
#518 = VECTOR ( 'NONE', #2216, 1000.000000000000000 ) ;
#519 = EDGE_CURVE ( 'NONE', #1818, #1712, #2357, .T. ) ;
#520 = FILL_AREA_STYLE_COLOUR ( '', #554 ) ;
#521 = DIRECTION ( 'NONE',  ( -0.000000000000000000, 1.000000000000000000, -0.000000000000000000 ) ) ;
#522 = STYLED_ITEM ( 'NONE', ( #949 ), #2180 ) ;
#523 = CARTESIAN_POINT ( 'NONE',  ( 0.000000000000000000, -0.7750000000000000222, 1.000000000000000000 ) ) ;
#524 = DIRECTION ( 'NONE',  ( -0.000000000000000000, 1.000000000000000000, -0.000000000000000000 ) ) ;
#525 = VECTOR ( 'NONE', #1383, 1000.000000000000000 ) ;
#526 = CARTESIAN_POINT ( 'NONE',  ( -0.7667914115715491752, -0.7750000000000000222, 1.000000000000000000 ) ) ;
#527 = ORIENTED_EDGE ( 'NONE', *, *, #2261, .T. ) ;
#528 = VERTEX_POINT ( 'NONE', #2177 ) ;
#529 = ORIENTED_EDGE ( 'NONE', *, *, #39, .T. ) ;
#530 = CIRCLE ( 'NONE', #615, 0.2500000000000000000 ) ;
#531 = CYLINDRICAL_SURFACE ( 'NONE', #1893, 0.2500000000000000000 ) ;
#532 = EDGE_LOOP ( 'NONE', ( #1488, #2032, #1271, #1844 ) ) ;
#533 = VECTOR ( 'NONE', #2307, 1000.000000000000000 ) ;
#534 = ADVANCED_FACE ( 'NONE', ( #31 ), #718, .F. ) ;
#535 = DIRECTION ( 'NONE',  ( -0.000000000000000000, 0.000000000000000000, 1.000000000000000000 ) ) ;
#536 = DIRECTION ( 'NONE',  ( -0.000000000000000000, 1.000000000000000000, -0.000000000000000000 ) ) ;
#537 = DIRECTION ( 'NONE',  ( -0.000000000000000000, 0.000000000000000000, -1.000000000000000000 ) ) ;
#538 = DIRECTION ( 'NONE',  ( -1.000000000000000000, 0.000000000000000000, 0.000000000000000000 ) ) ;
#539 = EDGE_CURVE ( 'NONE', #1592, #689, #2293, .T. ) ;
#540 = CARTESIAN_POINT ( 'NONE',  ( -1.168092323903662910, -0.4749999999999999778, -1.000000000000000000 ) ) ;
#541 = PRODUCT_DEFINITION ( 'UNKNOWN', '', #926, #964 ) ;
#542 = ADVANCED_FACE ( 'NONE', ( #775 ), #2342, .F. ) ;
#543 = EDGE_LOOP ( 'NONE', ( #413, #1320, #795, #1832, #1724, #1362, #1530, #192, #544, #1995, #1103, #970, #2184, #2149, #26, #2277, #284, #2127, #1598, #889 ) ) ;
#544 = ORIENTED_EDGE ( 'NONE', *, *, #633, .T. ) ;
#545 = MECHANICAL_DESIGN_GEOMETRIC_PRESENTATION_REPRESENTATION (  '', ( #2187 ), #669 ) ;
#546 =( NAMED_UNIT ( * ) PLANE_ANGLE_UNIT ( ) SI_UNIT ( $, .RADIAN. ) );
#547 = CIRCLE ( 'NONE', #873, 0.2500000000000000000 ) ;
#548 = DIRECTION ( 'NONE',  ( -0.000000000000000000, 0.000000000000000000, 1.000000000000000000 ) ) ;
#549 = VECTOR ( 'NONE', #2157, 1000.000000000000000 ) ;
#550 = PRESENTATION_STYLE_ASSIGNMENT (( #1967 ) ) ;
#551 = VERTEX_POINT ( 'NONE', #1637 ) ;
#552 = EDGE_CURVE ( 'NONE', #1712, #229, #1816, .T. ) ;
#553 = DIRECTION ( 'NONE',  ( -1.000000000000000000, 0.000000000000000000, 0.000000000000000000 ) ) ;
#554 = COLOUR_RGB ( '',0.2000000000000000111, 0.2000000000000000111, 0.2000000000000000111 ) ;
#555 = PRESENTATION_LAYER_ASSIGNMENT (  '', '', ( #845 ) ) ;
#556 = LINE ( 'NONE', #1219, #231 ) ;
#557 = VERTEX_POINT ( 'NONE', #920 ) ;
#558 = DIRECTION ( 'NONE',  ( -0.000000000000000000, 1.000000000000000000, -0.000000000000000000 ) ) ;
#559 = AXIS2_PLACEMENT_3D ( 'NONE', #20, #1495, #1149 ) ;
#560 = DIRECTION ( 'NONE',  ( 0.000000000000000000, -0.000000000000000000, -1.000000000000000000 ) ) ;
#561 = PRESENTATION_STYLE_ASSIGNMENT (( #304 ) ) ;
#562 = ORIENTED_EDGE ( 'NONE', *, *, #1141, .T. ) ;
#563 = LINE ( 'NONE', #1575, #2131 ) ;
#564 = CARTESIAN_POINT ( 'NONE',  ( -0.8674418677376060094, -0.7249999999999999778, 0.9200000000000000400 ) ) ;
#565 = SURFACE_STYLE_FILL_AREA ( #1331 ) ;
#566 =( NAMED_UNIT ( * ) PLANE_ANGLE_UNIT ( ) SI_UNIT ( $, .RADIAN. ) );
#567 = CARTESIAN_POINT ( 'NONE',  ( 1.250000000000000000, 0.1250000000000000000, -1.000000000000000000 ) ) ;
#568 = DIRECTION ( 'NONE',  ( 0.000000000000000000, 0.000000000000000000, -1.000000000000000000 ) ) ;
#569 = ADVANCED_FACE ( 'NONE', ( #1380 ), #1100, .F. ) ;
#570 = ADVANCED_FACE ( 'NONE', ( #264 ), #143, .F. ) ;
#571 = EDGE_CURVE ( 'NONE', #1314, #149, #2107, .T. ) ;
#572 =( NAMED_UNIT ( * ) PLANE_ANGLE_UNIT ( ) SI_UNIT ( $, .RADIAN. ) );
#573 = ORIENTED_EDGE ( 'NONE', *, *, #2238, .T. ) ;
#574 = PRESENTATION_LAYER_ASSIGNMENT (  '', '', ( #448 ) ) ;
#575 = EDGE_LOOP ( 'NONE', ( #896, #1436, #171, #1597 ) ) ;
#576 = CARTESIAN_POINT ( 'NONE',  ( 0.9674418677376059872, -0.7249999999999999778, -1.149128784747792009 ) ) ;
#577 = DIRECTION ( 'NONE',  ( -0.000000000000000000, 1.000000000000000000, -0.000000000000000000 ) ) ;
#578 = EDGE_LOOP ( 'NONE', ( #102, #945, #1622, #2320 ) ) ;
#579 =( NAMED_UNIT ( * ) PLANE_ANGLE_UNIT ( ) SI_UNIT ( $, .RADIAN. ) );
#580 = CARTESIAN_POINT ( 'NONE',  ( -1.250000000000000000, -0.4749999999999999778, 1.000000000000000000 ) ) ;
#581 = ADVANCED_FACE ( 'NONE', ( #1680 ), #185, .F. ) ;
#582 = AXIS2_PLACEMENT_3D ( 'NONE', #1890, #648, #2165 ) ;
#583 = DIRECTION ( 'NONE',  ( 1.000000000000000000, 0.000000000000000000, 0.000000000000000000 ) ) ;
#584 = VECTOR ( 'NONE', #307, 1000.000000000000000 ) ;
#585 = AXIS2_PLACEMENT_3D ( 'NONE', #881, #1265, #560 ) ;
#586 = LINE ( 'NONE', #99, #70 ) ;
#587 = CIRCLE ( 'NONE', #2220, 0.2500000000000000000 ) ;
#588 = VERTEX_POINT ( 'NONE', #1082 ) ;
#589 = EDGE_CURVE ( 'NONE', #880, #1650, #1273, .T. ) ;
#590 = CARTESIAN_POINT ( 'NONE',  ( -1.168092323903662910, -0.7249999999999999778, 1.000000000000000000 ) ) ;
#591 = PRESENTATION_STYLE_ASSIGNMENT (( #1556 ) ) ;
#592 = VERTEX_POINT ( 'NONE', #1259 ) ;
#593 = ORIENTED_EDGE ( 'NONE', *, *, #1059, .F. ) ;
#594 = CARTESIAN_POINT ( 'NONE',  ( 1.067441867737605854, -0.7249999999999999778, 0.9200000000000000400 ) ) ;
#595 = SURFACE_STYLE_FILL_AREA ( #401 ) ;
#596 = DIRECTION ( 'NONE',  ( 1.000000000000000000, 0.000000000000000000, 5.421010862427526114E-16 ) ) ;
#597 = MECHANICAL_DESIGN_GEOMETRIC_PRESENTATION_REPRESENTATION (  '', ( #1372 ), #1496 ) ;
#598 = FILL_AREA_STYLE_COLOUR ( '', #1820 ) ;
#599 = PLANE ( 'NONE',  #1805 ) ;
#600 =( NAMED_UNIT ( * ) PLANE_ANGLE_UNIT ( ) SI_UNIT ( $, .RADIAN. ) );
#601 = MECHANICAL_DESIGN_GEOMETRIC_PRESENTATION_REPRESENTATION (  '', ( #1603 ), #341 ) ;
#602 = CARTESIAN_POINT ( 'NONE',  ( 0.000000000000000000, -0.7750000000000000222, 1.000000000000000000 ) ) ;
#603 = DIRECTION ( 'NONE',  ( 0.000000000000000000, 0.000000000000000000, 1.000000000000000000 ) ) ;
#604 = EDGE_LOOP ( 'NONE', ( #646, #168, #1333, #1812 ) ) ;
#605 =( GEOMETRIC_REPRESENTATION_CONTEXT ( 3 ) GLOBAL_UNCERTAINTY_ASSIGNED_CONTEXT ( ( #2065 ) ) GLOBAL_UNIT_ASSIGNED_CONTEXT ( ( #2348, #1255, #1831 ) ) REPRESENTATION_CONTEXT ( 'NONE', 'WORKASPACE' ) );
#606 = EDGE_CURVE ( 'NONE', #1507, #287, #1188, .T. ) ;
#607 = AXIS2_PLACEMENT_3D ( 'NONE', #652, #1068, #1077 ) ;
#608 = EDGE_LOOP ( 'NONE', ( #353, #2326, #1148, #1348 ) ) ;
#609 = CARTESIAN_POINT ( 'NONE',  ( 0.000000000000000000, -0.7249999999999999778, 1.000000000000000000 ) ) ;
#610 = VERTEX_POINT ( 'NONE', #1279 ) ;
#611 = CARTESIAN_POINT ( 'NONE',  ( 1.168092323903662910, -0.7750000000000000222, -1.000000000000000000 ) ) ;
#612 = VECTOR ( 'NONE', #344, 1000.000000000000000 ) ;
#613 = UNCERTAINTY_MEASURE_WITH_UNIT (LENGTH_MEASURE( 1.000000000000000082E-05 ), #1027, 'distance_accuracy_value', 'NONE');
#614 = PLANE ( 'NONE',  #1144 ) ;
#615 = AXIS2_PLACEMENT_3D ( 'NONE', #316, #1602, #508 ) ;
#616 = COLOUR_RGB ( '',0.2000000000000000111, 0.2000000000000000111, 0.2000000000000000111 ) ;
#617 = ORIENTED_EDGE ( 'NONE', *, *, #1108, .T. ) ;
#618 = EDGE_CURVE ( 'NONE', #1076, #2085, #1385, .T. ) ;
#619 = VECTOR ( 'NONE', #1072, 1000.000000000000000 ) ;
#620 = PLANE ( 'NONE',  #1308 ) ;
#621 = VECTOR ( 'NONE', #111, 1000.000000000000000 ) ;
#622 = ORIENTED_EDGE ( 'NONE', *, *, #2096, .T. ) ;
#623 = LINE ( 'NONE', #644, #2049 ) ;
#624 = EDGE_CURVE ( 'NONE', #146, #880, #1276, .T. ) ;
#625 = PRESENTATION_STYLE_ASSIGNMENT (( #242 ) ) ;
#626 =( NAMED_UNIT ( * ) SI_UNIT ( $, .STERADIAN. ) SOLID_ANGLE_UNIT ( ) );
#627 = PLANE ( 'NONE',  #1731 ) ;
#628 = CARTESIAN_POINT ( 'NONE',  ( 0.9674418677376059872, -0.7249999999999999778, 1.149128784747792009 ) ) ;
#629 = FILL_AREA_STYLE ('',( #2250 ) ) ;
#630 = STYLED_ITEM ( 'NONE', ( #710 ), #906 ) ;
#631 = AXIS2_PLACEMENT_3D ( 'NONE', #564, #1838, #553 ) ;
#632 = ORIENTED_EDGE ( 'NONE', *, *, #1670, .F. ) ;
#633 = EDGE_CURVE ( 'NONE', #1507, #15, #468, .T. ) ;
#634 = VERTEX_POINT ( 'NONE', #1843 ) ;
#635 = CARTESIAN_POINT ( 'NONE',  ( -0.7667914115715491752, -0.7249999999999999778, -1.000000000000000000 ) ) ;
#636 =( GEOMETRIC_REPRESENTATION_CONTEXT ( 3 ) GLOBAL_UNCERTAINTY_ASSIGNED_CONTEXT ( ( #1039 ) ) GLOBAL_UNIT_ASSIGNED_CONTEXT ( ( #1651, #2014, #1250 ) ) REPRESENTATION_CONTEXT ( 'NONE', 'WORKASPACE' ) );
#637 =( GEOMETRIC_REPRESENTATION_CONTEXT ( 3 ) GLOBAL_UNCERTAINTY_ASSIGNED_CONTEXT ( ( #1531 ) ) GLOBAL_UNIT_ASSIGNED_CONTEXT ( ( #1576, #467, #1214 ) ) REPRESENTATION_CONTEXT ( 'NONE', 'WORKASPACE' ) );
#638 = CARTESIAN_POINT ( 'NONE',  ( 1.050000000000000044, -0.4749999999999999778, 0.000000000000000000 ) ) ;
#639 = FACE_OUTER_BOUND ( 'NONE', #812, .T. ) ;
#640 = DIRECTION ( 'NONE',  ( -0.000000000000000000, 1.000000000000000000, -0.000000000000000000 ) ) ;
#641 = LINE ( 'NONE', #2055, #1986 ) ;
#642 = ORIENTED_EDGE ( 'NONE', *, *, #1635, .T. ) ;
#643 = PRESENTATION_STYLE_ASSIGNMENT (( #1962 ) ) ;
#644 = CARTESIAN_POINT ( 'NONE',  ( -0.6299999999999998934, -0.7750000000000000222, 1.000000000000000000 ) ) ;
#645 = COLOUR_RGB ( '',0.2000000000000000111, 0.2000000000000000111, 0.2000000000000000111 ) ;
#646 = ORIENTED_EDGE ( 'NONE', *, *, #252, .T. ) ;
#647 = VERTEX_POINT ( 'NONE', #749 ) ;
#648 = DIRECTION ( 'NONE',  ( -0.000000000000000000, 1.000000000000000000, -0.000000000000000000 ) ) ;
#650 = EDGE_CURVE ( 'NONE', #2169, #35, #714, .T. ) ;
#649 = CYLINDRICAL_SURFACE ( 'NONE', #2215, 0.2500000000000000000 ) ;
#651 = EDGE_LOOP ( 'NONE', ( #1665, #1619, #9, #2041 ) ) ;
#652 = CARTESIAN_POINT ( 'NONE',  ( -0.9674418677376059872, -0.7249999999999999778, 1.149128784747792009 ) ) ;
#653 = DIRECTION ( 'NONE',  ( -1.000000000000000000, -0.000000000000000000, -0.000000000000000000 ) ) ;
#654 = VECTOR ( 'NONE', #221, 1000.000000000000000 ) ;
#655 = MECHANICAL_DESIGN_GEOMETRIC_PRESENTATION_REPRESENTATION (  '', ( #522 ), #941 ) ;
#656 = FILL_AREA_STYLE_COLOUR ( '', #645 ) ;
#657 = UNCERTAINTY_MEASURE_WITH_UNIT (LENGTH_MEASURE( 1.000000000000000082E-05 ), #2207, 'distance_accuracy_value', 'NONE');
#658 = VERTEX_POINT ( 'NONE', #778 ) ;
#659 = CARTESIAN_POINT ( 'NONE',  ( 0.8674418677376060094, -0.7249999999999999778, 0.9200000000000000400 ) ) ;
#660 = AXIS2_PLACEMENT_3D ( 'NONE', #2029, #2228, #1835 ) ;
#661 = CARTESIAN_POINT ( 'NONE',  ( 1.050000000000000044, -0.4749999999999999778, -0.7949999999999999289 ) ) ;
#662 = DIRECTION ( 'NONE',  ( 0.000000000000000000, 0.000000000000000000, -1.000000000000000000 ) ) ;
#663 = ORIENTED_EDGE ( 'NONE', *, *, #309, .F. ) ;
#664 = EDGE_CURVE ( 'NONE', #588, #323, #1755, .T. ) ;
#665 = FILL_AREA_STYLE_COLOUR ( '', #164 ) ;
#666 = DIRECTION ( 'NONE',  ( -1.000000000000000000, -0.000000000000000000, -0.000000000000000000 ) ) ;
#667 = VERTEX_POINT ( 'NONE', #377 ) ;
#668 = PLANE ( 'NONE',  #2361 ) ;
#669 =( GEOMETRIC_REPRESENTATION_CONTEXT ( 3 ) GLOBAL_UNCERTAINTY_ASSIGNED_CONTEXT ( ( #1285 ) ) GLOBAL_UNIT_ASSIGNED_CONTEXT ( ( #862, #1256, #151 ) ) REPRESENTATION_CONTEXT ( 'NONE', 'WORKASPACE' ) );
#670 = CARTESIAN_POINT ( 'NONE',  ( 0.9674418677376059872, -0.7750000000000000222, -1.149128784747792009 ) ) ;
#671 = VECTOR ( 'NONE', #1509, 1000.000000000000000 ) ;
#672 = CARTESIAN_POINT ( 'NONE',  ( -1.250000000000000000, -0.7750000000000000222, 0.000000000000000000 ) ) ;
#673 = VERTEX_POINT ( 'NONE', #2380 ) ;
#674 = VECTOR ( 'NONE', #709, 1000.000000000000000 ) ;
#675 = CIRCLE ( 'NONE', #481, 0.2500000000000000000 ) ;
#676 = VERTEX_POINT ( 'NONE', #1297 ) ;
#677 = LINE ( 'NONE', #2106, #533 ) ;
#678 = DIRECTION ( 'NONE',  ( 1.000000000000000000, 0.000000000000000000, 0.000000000000000000 ) ) ;
#679 = CIRCLE ( 'NONE', #2091, 0.2500000000000000000 ) ;
#680 = EDGE_CURVE ( 'NONE', #1969, #409, #1626, .T. ) ;
#681 = CARTESIAN_POINT ( 'NONE',  ( 0.7667914115715491752, -0.7249999999999999778, 1.000000000000000000 ) ) ;
#682 = AXIS2_PLACEMENT_3D ( 'NONE', #1523, #424, #1510 ) ;
#683 = DIRECTION ( 'NONE',  ( -0.000000000000000000, 1.000000000000000000, -0.000000000000000000 ) ) ;
#684 = CARTESIAN_POINT ( 'NONE',  ( 1.250000000000000000, -0.7750000000000000222, -1.000000000000000000 ) ) ;
#685 = FILL_AREA_STYLE ('',( #1405 ) ) ;
#686 = PRESENTATION_LAYER_ASSIGNMENT (  '', '', ( #522 ) ) ;
#687 = DIRECTION ( 'NONE',  ( 1.000000000000000000, 0.000000000000000000, 5.421010862427526114E-16 ) ) ;
#688 =( NAMED_UNIT ( * ) SI_UNIT ( $, .STERADIAN. ) SOLID_ANGLE_UNIT ( ) );
#689 = VERTEX_POINT ( 'NONE', #2024 ) ;
#690 = ORIENTED_EDGE ( 'NONE', *, *, #420, .F. ) ;
#691 = EDGE_CURVE ( 'NONE', #551, #2045, #1447, .T. ) ;
#692 = CARTESIAN_POINT ( 'NONE',  ( -1.250000000000000000, 0.1250000000000000000, 1.000000000000000000 ) ) ;
#693 =( NAMED_UNIT ( * ) PLANE_ANGLE_UNIT ( ) SI_UNIT ( $, .RADIAN. ) );
#694 = SURFACE_STYLE_FILL_AREA ( #833 ) ;
#695 = MECHANICAL_DESIGN_GEOMETRIC_PRESENTATION_REPRESENTATION (  '', ( #448 ), #1016 ) ;
#696 = DIRECTION ( 'NONE',  ( -1.000000000000000000, 0.000000000000000000, 0.000000000000000000 ) ) ;
#697 = CARTESIAN_POINT ( 'NONE',  ( 0.000000000000000000, -0.7249999999999999778, 1.000000000000000000 ) ) ;
#698 = FACE_BOUND ( 'NONE', #868, .T. ) ;
#699 = FACE_OUTER_BOUND ( 'NONE', #44, .T. ) ;
#700 = ORIENTED_EDGE ( 'NONE', *, *, #818, .T. ) ;
#701 = DIRECTION ( 'NONE',  ( 0.000000000000000000, 0.000000000000000000, -1.000000000000000000 ) ) ;
#702 = CARTESIAN_POINT ( 'NONE',  ( -1.067441867737605854, -0.4749999999999999778, -0.9200000000000000400 ) ) ;
#703 = PRESENTATION_STYLE_ASSIGNMENT (( #1328 ) ) ;
#704 = VERTEX_POINT ( 'NONE', #1110 ) ;
#705 = CARTESIAN_POINT ( 'NONE',  ( 0.000000000000000000, -0.7750000000000000222, 1.000000000000000000 ) ) ;
#706 = ORIENTED_EDGE ( 'NONE', *, *, #2, .T. ) ;
#707 = DIRECTION ( 'NONE',  ( 0.000000000000000000, -1.000000000000000000, 0.000000000000000000 ) ) ;
#708 = DIRECTION ( 'NONE',  ( -0.000000000000000000, -0.000000000000000000, 1.000000000000000000 ) ) ;
#709 = DIRECTION ( 'NONE',  ( 1.000000000000000000, 0.000000000000000000, 0.000000000000000000 ) ) ;
#710 = PRESENTATION_STYLE_ASSIGNMENT (( #101 ) ) ;
#711 = ORIENTED_EDGE ( 'NONE', *, *, #1807, .F. ) ;
#712 = PRESENTATION_STYLE_ASSIGNMENT (( #1888 ) ) ;
#713 = AXIS2_PLACEMENT_3D ( 'NONE', #523, #2167, #901 ) ;
#714 = LINE ( 'NONE', #954, #802 ) ;
#715 = EDGE_CURVE ( 'NONE', #287, #1797, #1572, .T. ) ;
#716 =( LENGTH_UNIT ( ) NAMED_UNIT ( * ) SI_UNIT ( .MILLI., .METRE. ) );
#717 = FILL_AREA_STYLE_COLOUR ( '', #1879 ) ;
#718 = PLANE ( 'NONE',  #1854 ) ;
#719 = SURFACE_SIDE_STYLE ('',( #1949 ) ) ;
#720 = DIRECTION ( 'NONE',  ( -1.000000000000000000, 0.000000000000000000, 0.000000000000000000 ) ) ;
#721 = ORIENTED_EDGE ( 'NONE', *, *, #293, .F. ) ;
#722 = CARTESIAN_POINT ( 'NONE',  ( 0.7667914115715491752, -0.7249999999999999778, 1.000000000000000000 ) ) ;
#723 = PLANE ( 'NONE',  #247 ) ;
#724 = DIRECTION ( 'NONE',  ( 0.000000000000000000, 0.000000000000000000, 1.000000000000000000 ) ) ;
#725 = CARTESIAN_POINT ( 'NONE',  ( 0.000000000000000000, -0.7750000000000000222, 1.000000000000000000 ) ) ;
#726 = CARTESIAN_POINT ( 'NONE',  ( 1.250000000000000000, -0.1250000000000000000, 1.000000000000000000 ) ) ;
#727 = ORIENTED_EDGE ( 'NONE', *, *, #1824, .F. ) ;
#728 = VECTOR ( 'NONE', #342, 1000.000000000000000 ) ;
#729 = SURFACE_STYLE_FILL_AREA ( #998 ) ;
#730 = ADVANCED_FACE ( 'NONE', ( #842 ), #2052, .F. ) ;
#731 =( GEOMETRIC_REPRESENTATION_CONTEXT ( 3 ) GLOBAL_UNCERTAINTY_ASSIGNED_CONTEXT ( ( #1112 ) ) GLOBAL_UNIT_ASSIGNED_CONTEXT ( ( #1573, #450, #1733 ) ) REPRESENTATION_CONTEXT ( 'NONE', 'WORKASPACE' ) );
#732 = DIRECTION ( 'NONE',  ( 0.000000000000000000, 0.000000000000000000, 1.000000000000000000 ) ) ;
#733 = EDGE_CURVE ( 'NONE', #880, #1941, #419, .T. ) ;
#734 = MECHANICAL_DESIGN_GEOMETRIC_PRESENTATION_REPRESENTATION (  '', ( #1421 ), #963 ) ;
#735 = DIRECTION ( 'NONE',  ( -4.336808689942017736E-15, 0.000000000000000000, -1.000000000000000000 ) ) ;
#736 = CARTESIAN_POINT ( 'NONE',  ( 0.000000000000000000, -0.4749999999999999778, -0.7949999999999999289 ) ) ;
#737 = ORIENTED_EDGE ( 'NONE', *, *, #606, .T. ) ;
#738 = CIRCLE ( 'NONE', #745, 0.2500000000000000000 ) ;
#739 = DIRECTION ( 'NONE',  ( -1.000000000000000000, 0.000000000000000000, 0.000000000000000000 ) ) ;
#740 = ORIENTED_EDGE ( 'NONE', *, *, #1975, .F. ) ;
#741 = FACE_OUTER_BOUND ( 'NONE', #1363, .T. ) ;
#742 = FACE_OUTER_BOUND ( 'NONE', #934, .T. ) ;
#743 = EDGE_LOOP ( 'NONE', ( #2287, #1183, #1030, #737 ) ) ;
#744 = FACE_OUTER_BOUND ( 'NONE', #322, .T. ) ;
#745 = AXIS2_PLACEMENT_3D ( 'NONE', #393, #746, #2225 ) ;
#746 = DIRECTION ( 'NONE',  ( -0.000000000000000000, 1.000000000000000000, -0.000000000000000000 ) ) ;
#747 = EDGE_CURVE ( 'NONE', #436, #262, #2296, .T. ) ;
#748 =( NAMED_UNIT ( * ) SI_UNIT ( $, .STERADIAN. ) SOLID_ANGLE_UNIT ( ) );
#749 = CARTESIAN_POINT ( 'NONE',  ( 0.7667914115715491752, -0.4749999999999999778, -1.000000000000000000 ) ) ;
#750 = ORIENTED_EDGE ( 'NONE', *, *, #2224, .T. ) ;
#751 = ORIENTED_EDGE ( 'NONE', *, *, #1940, .F. ) ;
#752 = ADVANCED_FACE ( 'NONE', ( #1021 ), #649, .F. ) ;
#753 = ADVANCED_FACE ( 'NONE', ( #1621 ), #1135, .F. ) ;
#754 = DIRECTION ( 'NONE',  ( 0.3187883565316664836, 0.8926073982886755243, -0.3187883565316664836 ) ) ;
#755 = PRESENTATION_LAYER_ASSIGNMENT (  '', '', ( #2377 ) ) ;
#756 = CARTESIAN_POINT ( 'NONE',  ( 0.000000000000000000, -0.7249999999999999778, -0.9200000000000000400 ) ) ;
#757 =( GEOMETRIC_REPRESENTATION_CONTEXT ( 3 ) GLOBAL_UNCERTAINTY_ASSIGNED_CONTEXT ( ( #1929 ) ) GLOBAL_UNIT_ASSIGNED_CONTEXT ( ( #406, #423, #1332 ) ) REPRESENTATION_CONTEXT ( 'NONE', 'WORKASPACE' ) );
#758 = EDGE_CURVE ( 'NONE', #62, #704, #1, .T. ) ;
#759 =( NAMED_UNIT ( * ) PLANE_ANGLE_UNIT ( ) SI_UNIT ( $, .RADIAN. ) );
#760 = LINE ( 'NONE', #317, #2039 ) ;
#761 = SURFACE_STYLE_FILL_AREA ( #41 ) ;
#762 = EDGE_LOOP ( 'NONE', ( #706, #1749, #937, #1956 ) ) ;
#763 = DIRECTION ( 'NONE',  ( 0.000000000000000000, 0.000000000000000000, 1.000000000000000000 ) ) ;
#764 = PRESENTATION_LAYER_ASSIGNMENT (  '', '', ( #2344 ) ) ;
#765 = SURFACE_STYLE_USAGE ( .BOTH. , #1862 ) ;
#766 = LINE ( 'NONE', #1065, #2266 ) ;
#767 = LINE ( 'NONE', #1216, #383 ) ;
#768 = ORIENTED_EDGE ( 'NONE', *, *, #331, .T. ) ;
#769 = ORIENTED_EDGE ( 'NONE', *, *, #55, .T. ) ;
#770 = ADVANCED_FACE ( 'NONE', ( #108 ), #723, .F. ) ;
#771 = VECTOR ( 'NONE', #754, 1000.000000000000000 ) ;
#772 =( NAMED_UNIT ( * ) PLANE_ANGLE_UNIT ( ) SI_UNIT ( $, .RADIAN. ) );
#773 = UNCERTAINTY_MEASURE_WITH_UNIT (LENGTH_MEASURE( 1.000000000000000082E-05 ), #936, 'distance_accuracy_value', 'NONE');
#774 = EDGE_LOOP ( 'NONE', ( #1242, #828, #202, #1503 ) ) ;
#775 = FACE_OUTER_BOUND ( 'NONE', #1904, .T. ) ;
#776 = FILL_AREA_STYLE ('',( #152 ) ) ;
#777 = CARTESIAN_POINT ( 'NONE',  ( -1.250000000000000000, -0.7249999999999999778, 0.000000000000000000 ) ) ;
#778 = CARTESIAN_POINT ( 'NONE',  ( 1.168092323903662910, -0.7249999999999999778, 1.000000000000000000 ) ) ;
#779 = EDGE_CURVE ( 'NONE', #1528, #1799, #208, .T. ) ;
#780 = FILL_AREA_STYLE ('',( #1846 ) ) ;
#781 = DIRECTION ( 'NONE',  ( 0.000000000000000000, -0.000000000000000000, -1.000000000000000000 ) ) ;
#782 = EDGE_CURVE ( 'NONE', #1324, #512, #1246, .T. ) ;
#783 = STYLED_ITEM ( 'NONE', ( #712 ), #2202 ) ;
#784 = ADVANCED_FACE ( 'NONE', ( #744 ), #1305, .F. ) ;
#785 = CARTESIAN_POINT ( 'NONE',  ( -0.7667914115715491752, -0.7249999999999999778, -1.000000000000000000 ) ) ;
#786 = ORIENTED_EDGE ( 'NONE', *, *, #1791, .F. ) ;
#787 = SURFACE_SIDE_STYLE ('',( #2050 ) ) ;
#788 = CARTESIAN_POINT ( 'NONE',  ( -0.8674418677376060094, -0.7249999999999999778, -0.9200000000000000400 ) ) ;
#789 = SURFACE_SIDE_STYLE ('',( #2263 ) ) ;
#790 = FACE_OUTER_BOUND ( 'NONE', #1700, .T. ) ;
#791 = VECTOR ( 'NONE', #1282, 1000.000000000000000 ) ;
#792 = CARTESIAN_POINT ( 'NONE',  ( 0.000000000000000000, -0.7750000000000000222, -1.000000000000000000 ) ) ;
#793 = SURFACE_STYLE_FILL_AREA ( #2147 ) ;
#794 =( GEOMETRIC_REPRESENTATION_CONTEXT ( 3 ) GLOBAL_UNCERTAINTY_ASSIGNED_CONTEXT ( ( #1516 ) ) GLOBAL_UNIT_ASSIGNED_CONTEXT ( ( #2275, #456, #56 ) ) REPRESENTATION_CONTEXT ( 'NONE', 'WORKASPACE' ) );
#795 = ORIENTED_EDGE ( 'NONE', *, *, #159, .T. ) ;
#796 = PLANE ( 'NONE',  #1754 ) ;
#797 = VECTOR ( 'NONE', #2173, 1000.000000000000000 ) ;
#798 = ORIENTED_EDGE ( 'NONE', *, *, #2000, .T. ) ;
#799 = EDGE_CURVE ( 'NONE', #409, #1673, #1568, .T. ) ;
#800 = VERTEX_POINT ( 'NONE', #2332 ) ;
#801 = CARTESIAN_POINT ( 'NONE',  ( 1.067441867737605854, -0.7249999999999999778, -0.9200000000000000400 ) ) ;
#802 = VECTOR ( 'NONE', #203, 1000.000000000000000 ) ;
#803 = ORIENTED_EDGE ( 'NONE', *, *, #1258, .F. ) ;
#804 =( NAMED_UNIT ( * ) PLANE_ANGLE_UNIT ( ) SI_UNIT ( $, .RADIAN. ) );
#805 =( NAMED_UNIT ( * ) SI_UNIT ( $, .STERADIAN. ) SOLID_ANGLE_UNIT ( ) );
#806 = EDGE_CURVE ( 'NONE', #1814, #1528, #563, .T. ) ;
#807 =( NAMED_UNIT ( * ) SI_UNIT ( $, .STERADIAN. ) SOLID_ANGLE_UNIT ( ) );
#808 = CARTESIAN_POINT ( 'NONE',  ( 0.000000000000000000, -0.1250000000000000000, 0.000000000000000000 ) ) ;
#809 = EDGE_LOOP ( 'NONE', ( #798, #2076, #348, #1763 ) ) ;
#810 = MECHANICAL_DESIGN_GEOMETRIC_PRESENTATION_REPRESENTATION (  '', ( #1243 ), #994 ) ;
#811 = MECHANICAL_DESIGN_GEOMETRIC_PRESENTATION_REPRESENTATION (  '', ( #1860 ), #2181 ) ;
#812 = EDGE_LOOP ( 'NONE', ( #22, #1646, #690, #463 ) ) ;
#813 =( LENGTH_UNIT ( ) NAMED_UNIT ( * ) SI_UNIT ( .MILLI., .METRE. ) );
#814 = DIRECTION ( 'NONE',  ( -4.336808689942017736E-15, 0.000000000000000000, -1.000000000000000000 ) ) ;
#815 = LINE ( 'NONE', #1808, #2066 ) ;
#816 = CARTESIAN_POINT ( 'NONE',  ( 0.9674418677376059872, -0.4749999999999999778, -1.149128784747792009 ) ) ;
#817 = ORIENTED_EDGE ( 'NONE', *, *, #1976, .F. ) ;
#818 = EDGE_CURVE ( 'NONE', #1784, #821, #679, .T. ) ;
#819 = LINE ( 'NONE', #1083, #416 ) ;
#820 = LINE ( 'NONE', #476, #321 ) ;
#821 = VERTEX_POINT ( 'NONE', #987 ) ;
#822 = ORIENTED_EDGE ( 'NONE', *, *, #1120, .F. ) ;
#823 = VERTEX_POINT ( 'NONE', #1343 ) ;
#824 = DIRECTION ( 'NONE',  ( 0.000000000000000000, 0.000000000000000000, 1.000000000000000000 ) ) ;
#825 = CARTESIAN_POINT ( 'NONE',  ( 1.168092323903662910, -0.7249999999999999778, -1.000000000000000000 ) ) ;
#826 = STYLED_ITEM ( 'NONE', ( #931 ), #21 ) ;
#827 = EDGE_CURVE ( 'NONE', #2045, #1213, #1652, .T. ) ;
#828 = ORIENTED_EDGE ( 'NONE', *, *, #2274, .F. ) ;
#829 = DIRECTION ( 'NONE',  ( -0.000000000000000000, -1.000000000000000000, -0.000000000000000000 ) ) ;
#830 = UNCERTAINTY_MEASURE_WITH_UNIT (LENGTH_MEASURE( 1.000000000000000082E-05 ), #1499, 'distance_accuracy_value', 'NONE');
#831 = CARTESIAN_POINT ( 'NONE',  ( 0.000000000000000000, -0.7249999999999999778, 1.000000000000000000 ) ) ;
#832 = EDGE_LOOP ( 'NONE', ( #2372, #1920, #817, #1140 ) ) ;
#833 = FILL_AREA_STYLE ('',( #77 ) ) ;
#834 = SURFACE_STYLE_FILL_AREA ( #2232 ) ;
#835 = AXIS2_PLACEMENT_3D ( 'NONE', #672, #291, #662 ) ;
#836 = CARTESIAN_POINT ( 'NONE',  ( -1.250000000000000000, -0.7249999999999999778, 1.000000000000000000 ) ) ;
#837 = ORIENTED_EDGE ( 'NONE', *, *, #1759, .F. ) ;
#838 = FILL_AREA_STYLE ('',( #665 ) ) ;
#839 = CARTESIAN_POINT ( 'NONE',  ( -0.7667914115715491752, -0.4749999999999999778, -1.000000000000000000 ) ) ;
#840 = ORIENTED_EDGE ( 'NONE', *, *, #782, .F. ) ;
#841 = ORIENTED_EDGE ( 'NONE', *, *, #1238, .F. ) ;
#842 = FACE_OUTER_BOUND ( 'NONE', #1042, .T. ) ;
#843 = VECTOR ( 'NONE', #2037, 1000.000000000000000 ) ;
#844 = VECTOR ( 'NONE', #678, 1000.000000000000000 ) ;
#845 = STYLED_ITEM ( 'NONE', ( #922 ), #1798 ) ;
#846 = DIRECTION ( 'NONE',  ( -0.000000000000000000, 1.000000000000000000, -0.000000000000000000 ) ) ;
#847 = DIRECTION ( 'NONE',  ( -1.000000000000000000, -0.000000000000000000, -0.000000000000000000 ) ) ;
#848 = CARTESIAN_POINT ( 'NONE',  ( -1.250000000000000000, -0.1250000000000000000, 1.000000000000000000 ) ) ;
#849 = EDGE_CURVE ( 'NONE', #15, #12, #183, .T. ) ;
#850 = FILL_AREA_STYLE_COLOUR ( '', #1345 ) ;
#851 =( LENGTH_UNIT ( ) NAMED_UNIT ( * ) SI_UNIT ( .MILLI., .METRE. ) );
#852 = CARTESIAN_POINT ( 'NONE',  ( -0.9674418677376059872, -0.7750000000000000222, -1.149128784747792009 ) ) ;
#853 = DIRECTION ( 'NONE',  ( 1.000000000000000000, 0.000000000000000000, 5.421010862427526114E-16 ) ) ;
#854 = ORIENTED_EDGE ( 'NONE', *, *, #2315, .T. ) ;
#855 = DIRECTION ( 'NONE',  ( 0.000000000000000000, 0.000000000000000000, 1.000000000000000000 ) ) ;
#856 = ORIENTED_EDGE ( 'NONE', *, *, #1477, .T. ) ;
#857 = PLANE ( 'NONE',  #204 ) ;
#858 = EDGE_CURVE ( 'NONE', #1567, #673, #985, .T. ) ;
#859 = PRESENTATION_STYLE_ASSIGNMENT (( #1080 ) ) ;
#860 = SURFACE_STYLE_FILL_AREA ( #2339 ) ;
#861 = SURFACE_STYLE_USAGE ( .BOTH. , #1950 ) ;
#862 =( LENGTH_UNIT ( ) NAMED_UNIT ( * ) SI_UNIT ( .MILLI., .METRE. ) );
#863 = CIRCLE ( 'NONE', #1546, 0.2500000000000000000 ) ;
#864 = PRESENTATION_LAYER_ASSIGNMENT (  '', '', ( #1603 ) ) ;
#865 = ORIENTED_EDGE ( 'NONE', *, *, #1015, .T. ) ;
#866 = AXIS2_PLACEMENT_3D ( 'NONE', #628, #1899, #1147 ) ;
#867 = LINE ( 'NONE', #1787, #621 ) ;
#868 = EDGE_LOOP ( 'NONE', ( #966, #2137, #2058, #1073 ) ) ;
#869 = FACE_OUTER_BOUND ( 'NONE', #1740, .T. ) ;
#870 = EDGE_CURVE ( 'NONE', #75, #2188, #1410, .T. ) ;
#871 = VERTEX_POINT ( 'NONE', #471 ) ;
#872 = DIRECTION ( 'NONE',  ( 1.000000000000000000, 0.000000000000000000, 0.000000000000000000 ) ) ;
#873 = AXIS2_PLACEMENT_3D ( 'NONE', #268, #1914, #1187 ) ;
#874 = CARTESIAN_POINT ( 'NONE',  ( 0.000000000000000000, -0.7750000000000000222, 0.000000000000000000 ) ) ;
#875 = CARTESIAN_POINT ( 'NONE',  ( -0.6299999999999998934, -0.7750000000000000222, -1.000000000000000000 ) ) ;
#876 =( GEOMETRIC_REPRESENTATION_CONTEXT ( 3 ) GLOBAL_UNCERTAINTY_ASSIGNED_CONTEXT ( ( #1848 ) ) GLOBAL_UNIT_ASSIGNED_CONTEXT ( ( #1631, #2328, #325 ) ) REPRESENTATION_CONTEXT ( 'NONE', 'WORKASPACE' ) );
#877 = CARTESIAN_POINT ( 'NONE',  ( 0.000000000000000000, -0.7750000000000000222, 0.9200000000000000400 ) ) ;
#878 = DIRECTION ( 'NONE',  ( -0.000000000000000000, 1.000000000000000000, -0.000000000000000000 ) ) ;
#879 = DIRECTION ( 'NONE',  ( -1.000000000000000000, 0.000000000000000000, 0.000000000000000000 ) ) ;
#880 = VERTEX_POINT ( 'NONE', #1551 ) ;
#881 = CARTESIAN_POINT ( 'NONE',  ( 0.000000000000000000, -0.7249999999999999778, 0.000000000000000000 ) ) ;
#882 =( NAMED_UNIT ( * ) PLANE_ANGLE_UNIT ( ) SI_UNIT ( $, .RADIAN. ) );
#883 = DIRECTION ( 'NONE',  ( 0.000000000000000000, 0.000000000000000000, 1.000000000000000000 ) ) ;
#884 = ORIENTED_EDGE ( 'NONE', *, *, #1277, .T. ) ;
#885 = EDGE_CURVE ( 'NONE', #1314, #1711, #1959, .T. ) ;
#886 = ADVANCED_FACE ( 'NONE', ( #869 ), #1972, .F. ) ;
#887 = FILL_AREA_STYLE ('',( #1069 ) ) ;
#888 = CARTESIAN_POINT ( 'NONE',  ( 0.000000000000000000, -0.7249999999999999778, 1.000000000000000000 ) ) ;
#889 = ORIENTED_EDGE ( 'NONE', *, *, #858, .T. ) ;
#890 = FILL_AREA_STYLE_COLOUR ( '', #1463 ) ;
#891 = EDGE_CURVE ( 'NONE', #1582, #323, #2325, .T. ) ;
#892 =( GEOMETRIC_REPRESENTATION_CONTEXT ( 3 ) GLOBAL_UNCERTAINTY_ASSIGNED_CONTEXT ( ( #396 ) ) GLOBAL_UNIT_ASSIGNED_CONTEXT ( ( #1157, #981, #1165 ) ) REPRESENTATION_CONTEXT ( 'NONE', 'WORKASPACE' ) );
#893 = LINE ( 'NONE', #1449, #791 ) ;
#894 = CARTESIAN_POINT ( 'NONE',  ( -1.067441867737605854, -0.7249999999999999778, 0.9200000000000000400 ) ) ;
#895 = CARTESIAN_POINT ( 'NONE',  ( 1.050000000000000044, -0.4749999999999999778, 0.000000000000000000 ) ) ;
#896 = ORIENTED_EDGE ( 'NONE', *, *, #84, .T. ) ;
#897 = EDGE_LOOP ( 'NONE', ( #371, #1013, #25, #1225, #489, #397, #1948, #181, #2073, #1875, #2209, #1857 ) ) ;
#898 = ORIENTED_EDGE ( 'NONE', *, *, #779, .F. ) ;
#899 = DIRECTION ( 'NONE',  ( -0.000000000000000000, 1.000000000000000000, -0.000000000000000000 ) ) ;
#900 = VERTEX_POINT ( 'NONE', #875 ) ;
#901 = DIRECTION ( 'NONE',  ( -1.000000000000000000, 0.000000000000000000, 0.000000000000000000 ) ) ;
#902 = VECTOR ( 'NONE', #1231, 1000.000000000000000 ) ;
#903 = CARTESIAN_POINT ( 'NONE',  ( -1.067441867737605854, -0.7249999999999999778, 0.9200000000000000400 ) ) ;
#904 = CARTESIAN_POINT ( 'NONE',  ( 1.168092323903662910, -0.7249999999999999778, 1.000000000000000000 ) ) ;
#905 = EDGE_LOOP ( 'NONE', ( #440, #1874, #2044, #856 ) ) ;
#906 = ADVANCED_FACE ( 'NONE', ( #390 ), #1557, .F. ) ;
#907 = STYLED_ITEM ( 'NONE', ( #1882 ), #730 ) ;
#908 = FILL_AREA_STYLE_COLOUR ( '', #482 ) ;
#909 = UNCERTAINTY_MEASURE_WITH_UNIT (LENGTH_MEASURE( 1.000000000000000082E-05 ), #1494, 'distance_accuracy_value', 'NONE');
#910 = EDGE_CURVE ( 'NONE', #1464, #1075, #766, .T. ) ;
#911 = DIRECTION ( 'NONE',  ( 1.000000000000000000, -0.000000000000000000, -0.000000000000000000 ) ) ;
#912 = DIRECTION ( 'NONE',  ( 0.000000000000000000, 0.000000000000000000, -1.000000000000000000 ) ) ;
#913 = STYLED_ITEM ( 'NONE', ( #497 ), #2384 ) ;
#914 = ORIENTED_EDGE ( 'NONE', *, *, #1355, .T. ) ;
#915 = ADVANCED_FACE ( 'NONE', ( #1817 ), #1945, .F. ) ;
#916 = EDGE_LOOP ( 'NONE', ( #2101, #822, #220, #2358 ) ) ;
#917 = AXIS2_PLACEMENT_3D ( 'NONE', #506, #1634, #687 ) ;
#918 = CARTESIAN_POINT ( 'NONE',  ( -1.175000000000000044, -0.1250000000000000000, 0.9200000000000000400 ) ) ;
#919 = ORIENTED_EDGE ( 'NONE', *, *, #782, .T. ) ;
#920 = CARTESIAN_POINT ( 'NONE',  ( 0.7667914115715491752, -0.7249999999999999778, -1.000000000000000000 ) ) ;
#921 = EDGE_CURVE ( 'NONE', #1342, #337, #1957, .T. ) ;
#922 = PRESENTATION_STYLE_ASSIGNMENT (( #365 ) ) ;
#923 = MECHANICAL_DESIGN_GEOMETRIC_PRESENTATION_REPRESENTATION (  '', ( #845 ), #636 ) ;
#924 = VECTOR ( 'NONE', #375, 1000.000000000000000 ) ;
#925 = DIRECTION ( 'NONE',  ( -1.000000000000000000, 0.000000000000000000, 0.000000000000000000 ) ) ;
#926 = PRODUCT_DEFINITION_FORMATION_WITH_SPECIFIED_SOURCE ( 'ANY', '', #2222, .NOT_KNOWN. ) ;
#927 = SURFACE_STYLE_USAGE ( .BOTH. , #787 ) ;
#928 = ORIENTED_EDGE ( 'NONE', *, *, #1192, .T. ) ;
#929 = ADVANCED_FACE ( 'NONE', ( #2075 ), #1937, .F. ) ;
#930 = COLOUR_RGB ( '',0.8980392156862745390, 0.9176470588235293713, 0.9294117647058823817 ) ;
#931 = PRESENTATION_STYLE_ASSIGNMENT (( #373 ) ) ;
#932 = ORIENTED_EDGE ( 'NONE', *, *, #14, .T. ) ;
#933 = FACE_OUTER_BOUND ( 'NONE', #1204, .T. ) ;
#934 = EDGE_LOOP ( 'NONE', ( #1736, #496, #2282, #1199 ) ) ;
#935 = LINE ( 'NONE', #839, #1996 ) ;
#936 =( LENGTH_UNIT ( ) NAMED_UNIT ( * ) SI_UNIT ( .MILLI., .METRE. ) );
#937 = ORIENTED_EDGE ( 'NONE', *, *, #1490, .F. ) ;
#938 = FACE_OUTER_BOUND ( 'NONE', #1307, .T. ) ;
#939 = CARTESIAN_POINT ( 'NONE',  ( 0.6300000000000000044, -0.7750000000000000222, 1.000000000000000000 ) ) ;
#940 = EDGE_CURVE ( 'NONE', #270, #993, #2124, .T. ) ;
#941 =( GEOMETRIC_REPRESENTATION_CONTEXT ( 3 ) GLOBAL_UNCERTAINTY_ASSIGNED_CONTEXT ( ( #1134 ) ) GLOBAL_UNIT_ASSIGNED_CONTEXT ( ( #2057, #215, #1504 ) ) REPRESENTATION_CONTEXT ( 'NONE', 'WORKASPACE' ) );
#942 = ADVANCED_FACE ( 'NONE', ( #741 ), #1028, .F. ) ;
#943 =( NAMED_UNIT ( * ) SI_UNIT ( $, .STERADIAN. ) SOLID_ANGLE_UNIT ( ) );
#944 = CARTESIAN_POINT ( 'NONE',  ( -0.9674418677376059872, -0.7249999999999999778, -1.149128784747792009 ) ) ;
#945 = ORIENTED_EDGE ( 'NONE', *, *, #483, .F. ) ;
#946 = ORIENTED_EDGE ( 'NONE', *, *, #2274, .T. ) ;
#947 = CARTESIAN_POINT ( 'NONE',  ( -0.9674418677376059872, -0.7750000000000000222, -1.149128784747792009 ) ) ;
#948 =( NAMED_UNIT ( * ) PLANE_ANGLE_UNIT ( ) SI_UNIT ( $, .RADIAN. ) );
#949 = PRESENTATION_STYLE_ASSIGNMENT (( #1306 ) ) ;
#950 = ADVANCED_FACE ( 'NONE', ( #1471 ), #531, .F. ) ;
#951 = EDGE_CURVE ( 'NONE', #557, #1440, #1751, .T. ) ;
#952 = FACE_OUTER_BOUND ( 'NONE', #1564, .T. ) ;
#953 = VERTEX_POINT ( 'NONE', #1811 ) ;
#954 = CARTESIAN_POINT ( 'NONE',  ( 1.067441867737605854, -0.7249999999999999778, -0.9199999999999999289 ) ) ;
#955 = ORIENTED_EDGE ( 'NONE', *, *, #1008, .T. ) ;
#956 = VERTEX_POINT ( 'NONE', #1389 ) ;
#957 = CIRCLE ( 'NONE', #990, 0.2500000000000000000 ) ;
#958 = CARTESIAN_POINT ( 'NONE',  ( 0.000000000000000000, -0.7249999999999999778, -1.000000000000000000 ) ) ;
#959 = VERTEX_POINT ( 'NONE', #904 ) ;
#960 = CARTESIAN_POINT ( 'NONE',  ( 0.000000000000000000, -0.7750000000000000222, 0.000000000000000000 ) ) ;
#961 = AXIS2_PLACEMENT_3D ( 'NONE', #1983, #1434, #1638 ) ;
#962 = EDGE_CURVE ( 'NONE', #385, #169, #27, .T. ) ;
#963 =( GEOMETRIC_REPRESENTATION_CONTEXT ( 3 ) GLOBAL_UNCERTAINTY_ASSIGNED_CONTEXT ( ( #997 ) ) GLOBAL_UNIT_ASSIGNED_CONTEXT ( ( #851, #1033, #688 ) ) REPRESENTATION_CONTEXT ( 'NONE', 'WORKASPACE' ) );
#964 = PRODUCT_DEFINITION_CONTEXT ( 'detailed design', #150, 'design' ) ;
#965 = FILL_AREA_STYLE ('',( #1895 ) ) ;
#966 = ORIENTED_EDGE ( 'NONE', *, *, #1514, .F. ) ;
#967 = EDGE_LOOP ( 'NONE', ( #1521, #721, #2200, #768 ) ) ;
#968 = SURFACE_STYLE_USAGE ( .BOTH. , #23 ) ;
#969 = CARTESIAN_POINT ( 'NONE',  ( -0.7667914115715491752, -0.7750000000000000222, 1.000000000000000000 ) ) ;
#970 = ORIENTED_EDGE ( 'NONE', *, *, #443, .T. ) ;
#971 = PLANE ( 'NONE',  #1872 ) ;
#972 = SURFACE_STYLE_FILL_AREA ( #2189 ) ;
#973 = VECTOR ( 'NONE', #1252, 1000.000000000000000 ) ;
#974 = DIRECTION ( 'NONE',  ( -1.000000000000000000, 0.000000000000000000, -0.000000000000000000 ) ) ;
#975 =( NAMED_UNIT ( * ) SI_UNIT ( $, .STERADIAN. ) SOLID_ANGLE_UNIT ( ) );
#976 = ORIENTED_EDGE ( 'NONE', *, *, #799, .T. ) ;
#977 = VECTOR ( 'NONE', #2060, 1000.000000000000000 ) ;
#978 = COLOUR_RGB ( '',0.2000000000000000111, 0.2000000000000000111, 0.2000000000000000111 ) ;
#979 = ORIENTED_EDGE ( 'NONE', *, *, #2, .F. ) ;
#980 = EDGE_CURVE ( 'NONE', #1299, #592, #493, .T. ) ;
#981 =( NAMED_UNIT ( * ) PLANE_ANGLE_UNIT ( ) SI_UNIT ( $, .RADIAN. ) );
#982 = VECTOR ( 'NONE', #846, 1000.000000000000000 ) ;
#983 = ORIENTED_EDGE ( 'NONE', *, *, #940, .T. ) ;
#984 = CIRCLE ( 'NONE', #422, 0.2500000000000000000 ) ;
#985 = LINE ( 'NONE', #1012, #502 ) ;
#986 = ORIENTED_EDGE ( 'NONE', *, *, #2067, .F. ) ;
#987 = CARTESIAN_POINT ( 'NONE',  ( 1.067441867737605854, -0.4749999999999999778, 0.9200000000000000400 ) ) ;
#988 =( GEOMETRIC_REPRESENTATION_CONTEXT ( 3 ) GLOBAL_UNCERTAINTY_ASSIGNED_CONTEXT ( ( #1323 ) ) GLOBAL_UNIT_ASSIGNED_CONTEXT ( ( #13, #948, #1138 ) ) REPRESENTATION_CONTEXT ( 'NONE', 'WORKASPACE' ) );
#989 = CARTESIAN_POINT ( 'NONE',  ( 0.9692073170731719811, -0.7012195121951204646, 0.7142073170731719767 ) ) ;
#990 = AXIS2_PLACEMENT_3D ( 'NONE', #1433, #536, #735 ) ;
#991 = CARTESIAN_POINT ( 'NONE',  ( 0.000000000000000000, 0.1250000000000000000, 0.000000000000000000 ) ) ;
#992 = EDGE_CURVE ( 'NONE', #1673, #1324, #2381, .T. ) ;
#993 = VERTEX_POINT ( 'NONE', #726 ) ;
#994 =( GEOMETRIC_REPRESENTATION_CONTEXT ( 3 ) GLOBAL_UNCERTAINTY_ASSIGNED_CONTEXT ( ( #1543 ) ) GLOBAL_UNIT_ASSIGNED_CONTEXT ( ( #716, #1780, #135 ) ) REPRESENTATION_CONTEXT ( 'NONE', 'WORKASPACE' ) );
#995 = ORIENTED_EDGE ( 'NONE', *, *, #367, .F. ) ;
#996 = DIRECTION ( 'NONE',  ( 0.000000000000000000, 0.000000000000000000, -1.000000000000000000 ) ) ;
#997 = UNCERTAINTY_MEASURE_WITH_UNIT (LENGTH_MEASURE( 1.000000000000000082E-05 ), #851, 'distance_accuracy_value', 'NONE');
#998 = FILL_AREA_STYLE ('',( #1191 ) ) ;
#999 = CARTESIAN_POINT ( 'NONE',  ( 1.250000000000000000, -0.7249999999999999778, 1.000000000000000000 ) ) ;
#1000 = CARTESIAN_POINT ( 'NONE',  ( -1.168092323903662910, -0.7249999999999999778, 1.000000000000000000 ) ) ;
#1001 = DIRECTION ( 'NONE',  ( 1.000000000000000000, 0.000000000000000000, 0.000000000000000000 ) ) ;
#1002 = VECTOR ( 'NONE', #739, 1000.000000000000000 ) ;
#1003 = PRESENTATION_STYLE_ASSIGNMENT (( #1615 ) ) ;
#1004 =( NAMED_UNIT ( * ) PLANE_ANGLE_UNIT ( ) SI_UNIT ( $, .RADIAN. ) );
#1005 = DIRECTION ( 'NONE',  ( 0.000000000000000000, -1.000000000000000000, 0.000000000000000000 ) ) ;
#1006 = LINE ( 'NONE', #79, #1177 ) ;
#1007 = ORIENTED_EDGE ( 'NONE', *, *, #1301, .T. ) ;
#1008 = EDGE_CURVE ( 'NONE', #427, #2174, #1445, .T. ) ;
#1009 = CARTESIAN_POINT ( 'NONE',  ( 0.6300000000000000044, -0.7249999999999999778, 0.000000000000000000 ) ) ;
#1010 = LINE ( 'NONE', #1370, #1130 ) ;
#1011 = DIRECTION ( 'NONE',  ( 1.000000000000000000, -0.000000000000000000, -0.000000000000000000 ) ) ;
#1012 = CARTESIAN_POINT ( 'NONE',  ( 1.168092323903662910, -0.7249999999999999778, -1.000000000000000000 ) ) ;
#1013 = ORIENTED_EDGE ( 'NONE', *, *, #891, .F. ) ;
#1014 = ORIENTED_EDGE ( 'NONE', *, *, #1390, .T. ) ;
#1015 = EDGE_CURVE ( 'NONE', #2068, #75, #819, .T. ) ;
#1016 =( GEOMETRIC_REPRESENTATION_CONTEXT ( 3 ) GLOBAL_UNCERTAINTY_ASSIGNED_CONTEXT ( ( #2370 ) ) GLOBAL_UNIT_ASSIGNED_CONTEXT ( ( #1905, #1335, #626 ) ) REPRESENTATION_CONTEXT ( 'NONE', 'WORKASPACE' ) );
#1017 = COLOUR_RGB ( '',0.2000000000000000111, 0.2000000000000000111, 0.2000000000000000111 ) ;
#1018 = EDGE_LOOP ( 'NONE', ( #1762, #986, #2110, #1166 ) ) ;
#1019 = CYLINDRICAL_SURFACE ( 'NONE', #282, 0.2500000000000000000 ) ;
#1020 = CARTESIAN_POINT ( 'NONE',  ( 1.067441867737605854, -0.7249999999999999778, 0.9200000000000000400 ) ) ;
#1021 = FACE_OUTER_BOUND ( 'NONE', #51, .T. ) ;
#1022 = DIRECTION ( 'NONE',  ( -0.000000000000000000, 1.000000000000000000, -0.000000000000000000 ) ) ;
#1023 = CARTESIAN_POINT ( 'NONE',  ( -1.250000000000000000, -0.7750000000000000222, -1.000000000000000000 ) ) ;
#1024 = CARTESIAN_POINT ( 'NONE',  ( 0.000000000000000000, -0.7750000000000000222, -0.9200000000000000400 ) ) ;
#1025 = PRESENTATION_LAYER_ASSIGNMENT (  '', '', ( #907 ) ) ;
#1026 = ORIENTED_EDGE ( 'NONE', *, *, #2360, .F. ) ;
#1027 =( LENGTH_UNIT ( ) NAMED_UNIT ( * ) SI_UNIT ( .MILLI., .METRE. ) );
#1028 = PLANE ( 'NONE',  #1232 ) ;
#1029 = EDGE_CURVE ( 'NONE', #821, #1131, #2211, .T. ) ;
#1030 = ORIENTED_EDGE ( 'NONE', *, *, #633, .F. ) ;
#1031 = DIRECTION ( 'NONE',  ( -0.000000000000000000, 1.000000000000000000, -0.000000000000000000 ) ) ;
#1032 = UNCERTAINTY_MEASURE_WITH_UNIT (LENGTH_MEASURE( 1.000000000000000082E-05 ), #1533, 'distance_accuracy_value', 'NONE');
#1033 =( NAMED_UNIT ( * ) PLANE_ANGLE_UNIT ( ) SI_UNIT ( $, .RADIAN. ) );
#1034 = LINE ( 'NONE', #370, #1694 ) ;
#1035 = DIRECTION ( 'NONE',  ( -0.000000000000000000, 1.000000000000000000, -0.000000000000000000 ) ) ;
#1036 = PRESENTATION_LAYER_ASSIGNMENT (  '', '', ( #1695 ) ) ;
#1037 =( LENGTH_UNIT ( ) NAMED_UNIT ( * ) SI_UNIT ( .MILLI., .METRE. ) );
#1038 = CYLINDRICAL_SURFACE ( 'NONE', #349, 0.2500000000000000000 ) ;
#1039 = UNCERTAINTY_MEASURE_WITH_UNIT (LENGTH_MEASURE( 1.000000000000000082E-05 ), #1651, 'distance_accuracy_value', 'NONE');
#1040 = LINE ( 'NONE', #692, #1921 ) ;
#1041 = DIRECTION ( 'NONE',  ( -1.000000000000000000, 0.000000000000000000, 0.000000000000000000 ) ) ;
#1042 = EDGE_LOOP ( 'NONE', ( #983, #2369, #2199, #527 ) ) ;
#1043 = EDGE_CURVE ( 'NONE', #1324, #956, #320, .T. ) ;
#1044 = FACE_OUTER_BOUND ( 'NONE', #133, .T. ) ;
#1045 = CYLINDRICAL_SURFACE ( 'NONE', #93, 0.2500000000000000000 ) ;
#1046 =( NAMED_UNIT ( * ) SI_UNIT ( $, .STERADIAN. ) SOLID_ANGLE_UNIT ( ) );
#1047 = ORIENTED_EDGE ( 'NONE', *, *, #14, .F. ) ;
#1048 = DIRECTION ( 'NONE',  ( -0.000000000000000000, 1.000000000000000000, -0.000000000000000000 ) ) ;
#1049 = DIRECTION ( 'NONE',  ( 0.000000000000000000, 0.000000000000000000, 1.000000000000000000 ) ) ;
#1050 = CARTESIAN_POINT ( 'NONE',  ( 0.000000000000000000, -0.7750000000000000222, -1.000000000000000000 ) ) ;
#1051 = VECTOR ( 'NONE', #829, 1000.000000000000000 ) ;
#1052 = AXIS2_PLACEMENT_3D ( 'NONE', #249, #438, #421 ) ;
#1053 =( LENGTH_UNIT ( ) NAMED_UNIT ( * ) SI_UNIT ( .MILLI., .METRE. ) );
#1054 = DIRECTION ( 'NONE',  ( 0.000000000000000000, -1.000000000000000000, 0.000000000000000000 ) ) ;
#1055 = DIRECTION ( 'NONE',  ( -0.000000000000000000, 1.000000000000000000, -0.000000000000000000 ) ) ;
#1056 = DIRECTION ( 'NONE',  ( -0.000000000000000000, 1.000000000000000000, -0.000000000000000000 ) ) ;
#1057 = EDGE_LOOP ( 'NONE', ( #976, #1539, #2260, #2152 ) ) ;
#1058 = PRODUCT_CONTEXT ( 'NONE', #480, 'mechanical' ) ;
#1059 = EDGE_CURVE ( 'NONE', #610, #2239, #1407, .T. ) ;
#1060 = ORIENTED_EDGE ( 'NONE', *, *, #779, .T. ) ;
#1061 = DIRECTION ( 'NONE',  ( -0.000000000000000000, 1.000000000000000000, -0.000000000000000000 ) ) ;
#1062 = AXIS2_PLACEMENT_3D ( 'NONE', #153, #925, #732 ) ;
#1063 = DIRECTION ( 'NONE',  ( -0.000000000000000000, -0.000000000000000000, 1.000000000000000000 ) ) ;
#1064 = PLANE ( 'NONE',  #961 ) ;
#1065 = CARTESIAN_POINT ( 'NONE',  ( -1.067441867737605854, -0.7249999999999999778, -0.9200000000000000400 ) ) ;
#1066 = CYLINDRICAL_SURFACE ( 'NONE', #1303, 0.2500000000000000000 ) ;
#1067 = VECTOR ( 'NONE', #1688, 1000.000000000000000 ) ;
#1068 = DIRECTION ( 'NONE',  ( -0.000000000000000000, 1.000000000000000000, -0.000000000000000000 ) ) ;
#1069 = FILL_AREA_STYLE_COLOUR ( '', #1121 ) ;
#1070 = LINE ( 'NONE', #83, #1402 ) ;
#1071 = LINE ( 'NONE', #1729, #525 ) ;
#1072 = DIRECTION ( 'NONE',  ( 0.000000000000000000, 0.000000000000000000, 1.000000000000000000 ) ) ;
#1073 = ORIENTED_EDGE ( 'NONE', *, *, #2373, .F. ) ;
#1074 = ADVANCED_FACE ( 'NONE', ( #1044 ), #1701, .F. ) ;
#1075 = VERTEX_POINT ( 'NONE', #702 ) ;
#1076 = VERTEX_POINT ( 'NONE', #1801 ) ;
#1077 = DIRECTION ( 'NONE',  ( 0.000000000000000000, 0.000000000000000000, 1.000000000000000000 ) ) ;
#1078 = COLOUR_RGB ( '',0.2000000000000000111, 0.2000000000000000111, 0.2000000000000000111 ) ;
#1079 = EDGE_CURVE ( 'NONE', #2140, #427, #104, .T. ) ;
#1080 = SURFACE_STYLE_USAGE ( .BOTH. , #2163 ) ;
#1081 = SURFACE_SIDE_STYLE ('',( #350 ) ) ;
#1082 = CARTESIAN_POINT ( 'NONE',  ( 0.6300000000000000044, -0.7750000000000000222, 1.000000000000000000 ) ) ;
#1083 = CARTESIAN_POINT ( 'NONE',  ( -1.250000000000000000, -0.7750000000000000222, 0.000000000000000000 ) ) ;
#1084 = PRESENTATION_LAYER_ASSIGNMENT (  '', '', ( #913 ) ) ;
#1085 = UNCERTAINTY_MEASURE_WITH_UNIT (LENGTH_MEASURE( 1.000000000000000082E-05 ), #1919, 'distance_accuracy_value', 'NONE');
#1086 = ADVANCED_FACE ( 'NONE', ( #1211 ), #1101, .F. ) ;
#1087 = DIRECTION ( 'NONE',  ( -1.000000000000000000, -0.000000000000000000, -0.000000000000000000 ) ) ;
#1088 = FILL_AREA_STYLE_COLOUR ( '', #2206 ) ;
#1089 = CARTESIAN_POINT ( 'NONE',  ( 1.067441867737605854, -0.7249999999999999778, 0.9200000000000000400 ) ) ;
#1090 = EDGE_LOOP ( 'NONE', ( #139, #740, #1746, #1958 ) ) ;
#1091 = DIRECTION ( 'NONE',  ( -0.000000000000000000, 1.000000000000000000, -0.000000000000000000 ) ) ;
#1092 = AXIS2_PLACEMENT_3D ( 'NONE', #1486, #391, #763 ) ;
#1093 = CARTESIAN_POINT ( 'NONE',  ( -0.9674418677376059872, -0.7249999999999999778, 1.149128784747792009 ) ) ;
#1094 = ADVANCED_FACE ( 'NONE', ( #933 ), #286, .F. ) ;
#1095 = PLANE ( 'NONE',  #1974 ) ;
#1096 = LINE ( 'NONE', #2168, #1894 ) ;
#1097 = LINE ( 'NONE', #580, #1270 ) ;
#1098 = EDGE_LOOP ( 'NONE', ( #285, #1990, #1660, #2118 ) ) ;
#1099 = DIRECTION ( 'NONE',  ( 0.000000000000000000, 0.000000000000000000, 1.000000000000000000 ) ) ;
#1100 = PLANE ( 'NONE',  #412 ) ;
#1101 = CYLINDRICAL_SURFACE ( 'NONE', #2021, 0.2500000000000000000 ) ;
#1102 = LINE ( 'NONE', #1944, #1240 ) ;
#1103 = ORIENTED_EDGE ( 'NONE', *, *, #95, .T. ) ;
#1104 = COLOUR_RGB ( '',0.7921568627450980005, 0.8196078431372548767, 0.9333333333333333481 ) ;
#1105 = PRESENTATION_STYLE_ASSIGNMENT (( #2028 ) ) ;
#1106 = CARTESIAN_POINT ( 'NONE',  ( 1.067441867737605854, -0.4749999999999999778, -0.9199999999999999289 ) ) ;
#1107 = ADVANCED_FACE ( 'NONE', ( #2017 ), #1769, .F. ) ;
#1108 = EDGE_CURVE ( 'NONE', #610, #821, #1698, .T. ) ;
#1109 = CARTESIAN_POINT ( 'NONE',  ( -0.8674418677376060094, -0.4749999999999999778, -0.9200000000000000400 ) ) ;
#1110 = CARTESIAN_POINT ( 'NONE',  ( -0.7667914115715491752, -0.7249999999999999778, -1.000000000000000000 ) ) ;
#1111 = CARTESIAN_POINT ( 'NONE',  ( -1.250000000000000000, -0.7750000000000000222, -1.000000000000000000 ) ) ;
#1112 = UNCERTAINTY_MEASURE_WITH_UNIT (LENGTH_MEASURE( 1.000000000000000082E-05 ), #1573, 'distance_accuracy_value', 'NONE');
#1113 = EDGE_LOOP ( 'NONE', ( #2295, #1393, #711, #2097 ) ) ;
#1114 = CARTESIAN_POINT ( 'NONE',  ( -0.7667914115715491752, -0.7249999999999999778, -1.000000000000000000 ) ) ;
#1115 = ORIENTED_EDGE ( 'NONE', *, *, #1437, .F. ) ;
#1116 =( NAMED_UNIT ( * ) SI_UNIT ( $, .STERADIAN. ) SOLID_ANGLE_UNIT ( ) );
#1117 = MECHANICAL_DESIGN_GEOMETRIC_PRESENTATION_REPRESENTATION (  '', ( #1723 ), #757 ) ;
#1118 = ADVANCED_FACE ( 'NONE', ( #1206 ), #116, .F. ) ;
#1119 = ORIENTED_EDGE ( 'NONE', *, *, #539, .F. ) ;
#1120 = EDGE_CURVE ( 'NONE', #900, #2254, #137, .T. ) ;
#1121 = COLOUR_RGB ( '',0.2000000000000000111, 0.2000000000000000111, 0.2000000000000000111 ) ;
#1122 = PRESENTATION_LAYER_ASSIGNMENT (  '', '', ( #1454 ) ) ;
#1123 = LINE ( 'NONE', #495, #924 ) ;
#1124 = CARTESIAN_POINT ( 'NONE',  ( -0.9692073170731719811, -0.7012195121951204646, -0.7142073170731719767 ) ) ;
#1125 = CARTESIAN_POINT ( 'NONE',  ( -1.168092323903662910, -0.7249999999999999778, 1.000000000000000000 ) ) ;
#1126 = DIRECTION ( 'NONE',  ( -0.000000000000000000, 1.000000000000000000, -0.000000000000000000 ) ) ;
#1127 = CIRCLE ( 'NONE', #866, 0.2500000000000000000 ) ;
#1128 = ORIENTED_EDGE ( 'NONE', *, *, #2193, .T. ) ;
#1129 = CARTESIAN_POINT ( 'NONE',  ( 1.168092323903662910, -0.7249999999999999778, 1.000000000000000000 ) ) ;
#1130 = VECTOR ( 'NONE', #2280, 1000.000000000000000 ) ;
#1131 = VERTEX_POINT ( 'NONE', #1612 ) ;
#1132 = ORIENTED_EDGE ( 'NONE', *, *, #618, .T. ) ;
#1133 = DIRECTION ( 'NONE',  ( 0.3187883565316664836, -0.8926073982886755243, 0.3187883565316664836 ) ) ;
#1134 = UNCERTAINTY_MEASURE_WITH_UNIT (LENGTH_MEASURE( 1.000000000000000082E-05 ), #2057, 'distance_accuracy_value', 'NONE');
#1135 = CYLINDRICAL_SURFACE ( 'NONE', #582, 0.2500000000000000000 ) ;
#1136 = CARTESIAN_POINT ( 'NONE',  ( -0.8674418677376060094, -0.7249999999999999778, 0.9200000000000000400 ) ) ;
#1137 = VERTEX_POINT ( 'NONE', #1978 ) ;
#1138 =( NAMED_UNIT ( * ) SI_UNIT ( $, .STERADIAN. ) SOLID_ANGLE_UNIT ( ) );
#1139 = VECTOR ( 'NONE', #195, 1000.000000000000000 ) ;
#1140 = ORIENTED_EDGE ( 'NONE', *, *, #2067, .T. ) ;
#1141 = EDGE_CURVE ( 'NONE', #1712, #1938, #1467, .T. ) ;
#1142 = CARTESIAN_POINT ( 'NONE',  ( 0.000000000000000000, -0.7750000000000000222, -0.9200000000000000400 ) ) ;
#1143 = EDGE_CURVE ( 'NONE', #1711, #551, #1040, .T. ) ;
#1144 = AXIS2_PLACEMENT_3D ( 'NONE', #638, #47, #1548 ) ;
#1145 = CARTESIAN_POINT ( 'NONE',  ( 0.000000000000000000, -0.7750000000000000222, 0.9200000000000000400 ) ) ;
#1146 = UNCERTAINTY_MEASURE_WITH_UNIT (LENGTH_MEASURE( 1.000000000000000082E-05 ), #1541, 'distance_accuracy_value', 'NONE');
#1147 = DIRECTION ( 'NONE',  ( -4.336808689942017736E-15, 0.000000000000000000, -1.000000000000000000 ) ) ;
#1148 = ORIENTED_EDGE ( 'NONE', *, *, #95, .F. ) ;
#1149 = DIRECTION ( 'NONE',  ( 0.000000000000000000, 0.000000000000000000, -1.000000000000000000 ) ) ;
#1150 =( GEOMETRIC_REPRESENTATION_CONTEXT ( 3 ) GLOBAL_UNCERTAINTY_ASSIGNED_CONTEXT ( ( #2354 ) ) GLOBAL_UNIT_ASSIGNED_CONTEXT ( ( #216, #804, #807 ) ) REPRESENTATION_CONTEXT ( 'NONE', 'WORKASPACE' ) );
#1151 = SURFACE_STYLE_FILL_AREA ( #1708 ) ;
#1152 = FILL_AREA_STYLE ('',( #2246 ) ) ;
#1153 = PLANE ( 'NONE',  #682 ) ;
#1154 = EDGE_CURVE ( 'NONE', #1818, #1425, #2043, .T. ) ;
#1155 = LINE ( 'NONE', #112, #612 ) ;
#1156 = EDGE_LOOP ( 'NONE', ( #392, #1310, #352, #946 ) ) ;
#1157 =( LENGTH_UNIT ( ) NAMED_UNIT ( * ) SI_UNIT ( .MILLI., .METRE. ) );
#1158 = DIRECTION ( 'NONE',  ( 0.000000000000000000, 0.000000000000000000, 1.000000000000000000 ) ) ;
#1159 = ORIENTED_EDGE ( 'NONE', *, *, #1120, .T. ) ;
#1160 = SURFACE_STYLE_USAGE ( .BOTH. , #789 ) ;
#1161 = ORIENTED_EDGE ( 'NONE', *, *, #2123, .T. ) ;
#1162 = STYLED_ITEM ( 'NONE', ( #643 ), #1118 ) ;
#1163 = CARTESIAN_POINT ( 'NONE',  ( 0.9674418677376059872, -0.7249999999999999778, -1.149128784747792009 ) ) ;
#1164 = EDGE_CURVE ( 'NONE', #1241, #704, #556, .T. ) ;
#1165 =( NAMED_UNIT ( * ) SI_UNIT ( $, .STERADIAN. ) SOLID_ANGLE_UNIT ( ) );
#1166 = ORIENTED_EDGE ( 'NONE', *, *, #241, .T. ) ;
#1167 = ORIENTED_EDGE ( 'NONE', *, *, #2000, .F. ) ;
#1168 = CLOSED_SHELL ( 'NONE', ( #1997, #929, #387, #915, #1480, #2244, #569, #1837, #1074, #942, #1825, #1492, #372, #581 ) ) ;
#1169 = DIRECTION ( 'NONE',  ( -0.000000000000000000, 1.000000000000000000, -0.000000000000000000 ) ) ;
#1170 = DIRECTION ( 'NONE',  ( 0.3187883565316664836, 0.8926073982886755243, 0.3187883565316664836 ) ) ;
#1171 = CARTESIAN_POINT ( 'NONE',  ( 0.8674418677376060094, -0.4749999999999999778, -0.9200000000000000400 ) ) ;
#1172 = LINE ( 'NONE', #1239, #1715 ) ;
#1173 = EDGE_CURVE ( 'NONE', #871, #592, #1617, .T. ) ;
#1174 = VECTOR ( 'NONE', #1249, 1000.000000000000000 ) ;
#1175 = FILL_AREA_STYLE_COLOUR ( '', #1408 ) ;
#1176 = MECHANICAL_DESIGN_GEOMETRIC_PRESENTATION_REPRESENTATION (  '', ( #17 ), #1515 ) ;
#1177 = VECTOR ( 'NONE', #640, 1000.000000000000000 ) ;
#1178 = ORIENTED_EDGE ( 'NONE', *, *, #552, .F. ) ;
#1179 = UNCERTAINTY_MEASURE_WITH_UNIT (LENGTH_MEASURE( 1.000000000000000082E-05 ), #1037, 'distance_accuracy_value', 'NONE');
#1180 = SURFACE_STYLE_FILL_AREA ( #407 ) ;
#1181 = FILL_AREA_STYLE_COLOUR ( '', #2327 ) ;
#1182 = VERTEX_POINT ( 'NONE', #801 ) ;
#1183 = ORIENTED_EDGE ( 'NONE', *, *, #1726, .F. ) ;
#1184 = CARTESIAN_POINT ( 'NONE',  ( -0.9674418677376059872, -0.7249999999999999778, 1.149128784747792009 ) ) ;
#1185 = ORIENTED_EDGE ( 'NONE', *, *, #1768, .F. ) ;
#1186 = ORIENTED_EDGE ( 'NONE', *, *, #1079, .F. ) ;
#1187 = DIRECTION ( 'NONE',  ( 0.000000000000000000, 0.000000000000000000, 1.000000000000000000 ) ) ;
#1188 = LINE ( 'NONE', #894, #1321 ) ;
#1189 = DIRECTION ( 'NONE',  ( -0.000000000000000000, 1.000000000000000000, -0.000000000000000000 ) ) ;
#1190 = AXIS2_PLACEMENT_3D ( 'NONE', #2016, #1830, #2031 ) ;
#1191 = FILL_AREA_STYLE_COLOUR ( '', #1201 ) ;
#1192 = EDGE_CURVE ( 'NONE', #2068, #1926, #490, .T. ) ;
#1193 = CARTESIAN_POINT ( 'NONE',  ( -0.8674418677376060094, -0.7249999999999999778, 0.9200000000000000400 ) ) ;
#1194 = CARTESIAN_POINT ( 'NONE',  ( 0.8674418677376060094, -0.7249999999999999778, -0.9200000000000000400 ) ) ;
#1195 = ORIENTED_EDGE ( 'NONE', *, *, #624, .F. ) ;
#1196 = UNCERTAINTY_MEASURE_WITH_UNIT (LENGTH_MEASURE( 1.000000000000000082E-05 ), #234, 'distance_accuracy_value', 'NONE');
#1197 = CARTESIAN_POINT ( 'NONE',  ( 0.6300000000000000044, -0.7249999999999999778, 1.000000000000000000 ) ) ;
#1198 = PRESENTATION_LAYER_ASSIGNMENT (  '', '', ( #630 ) ) ;
#1199 = ORIENTED_EDGE ( 'NONE', *, *, #293, .T. ) ;
#1200 = CIRCLE ( 'NONE', #559, 0.2500000000000000000 ) ;
#1201 = COLOUR_RGB ( '',0.2000000000000000111, 0.2000000000000000111, 0.2000000000000000111 ) ;
#1202 = LINE ( 'NONE', #1109, #2146 ) ;
#1203 = CARTESIAN_POINT ( 'NONE',  ( -1.175000000000000044, -0.1250000000000000000, 0.9200000000000000400 ) ) ;
#1204 = EDGE_LOOP ( 'NONE', ( #163, #1909, #86, #1912 ) ) ;
#1205 = MECHANICAL_DESIGN_GEOMETRIC_PRESENTATION_REPRESENTATION (  '', ( #2111 ), #2303 ) ;
#1206 = FACE_OUTER_BOUND ( 'NONE', #1677, .T. ) ;
#1207 = FILL_AREA_STYLE ('',( #297 ) ) ;
#1208 = DIRECTION ( 'NONE',  ( -5.421010862427526114E-16, 0.000000000000000000, 1.000000000000000000 ) ) ;
#1209 = ORIENTED_EDGE ( 'NONE', *, *, #2251, .F. ) ;
#1210 = AXIS2_PLACEMENT_3D ( 'NONE', #1963, #1785, #879 ) ;
#1211 = FACE_OUTER_BOUND ( 'NONE', #1113, .T. ) ;
#1212 = LINE ( 'NONE', #2083, #138 ) ;
#1213 = VERTEX_POINT ( 'NONE', #136 ) ;
#1214 =( NAMED_UNIT ( * ) SI_UNIT ( $, .STERADIAN. ) SOLID_ANGLE_UNIT ( ) );
#1215 = SURFACE_STYLE_USAGE ( .BOTH. , #1979 ) ;
#1216 = CARTESIAN_POINT ( 'NONE',  ( 1.250000000000000000, -0.7249999999999999778, 1.000000000000000000 ) ) ;
#1217 =( LENGTH_UNIT ( ) NAMED_UNIT ( * ) SI_UNIT ( .MILLI., .METRE. ) );
#1218 = CARTESIAN_POINT ( 'NONE',  ( -0.9674418677376059872, -0.7249999999999999778, -1.149128784747792009 ) ) ;
#1219 = CARTESIAN_POINT ( 'NONE',  ( -0.7667914115715491752, -0.7750000000000000222, -1.000000000000000000 ) ) ;
#1220 = DIRECTION ( 'NONE',  ( 0.9417419115948385544, 0.3363363969981530976, 0.000000000000000000 ) ) ;
#1221 = ORIENTED_EDGE ( 'NONE', *, *, #1309, .F. ) ;
#1222 = DIRECTION ( 'NONE',  ( 0.000000000000000000, 0.000000000000000000, 1.000000000000000000 ) ) ;
#1223 = CARTESIAN_POINT ( 'NONE',  ( -0.9674418677376059872, -0.7249999999999999778, -1.149128784747792009 ) ) ;
#1224 = EDGE_CURVE ( 'NONE', #1491, #528, #2012, .T. ) ;
#1225 = ORIENTED_EDGE ( 'NONE', *, *, #1574, .F. ) ;
#1226 = CARTESIAN_POINT ( 'NONE',  ( 1.250000000000000000, -0.4749999999999999778, 1.000000000000000000 ) ) ;
#1227 = CARTESIAN_POINT ( 'NONE',  ( -0.6299999999999998934, -0.7750000000000000222, -1.000000000000000000 ) ) ;
#1228 = FILL_AREA_STYLE_COLOUR ( '', #2008 ) ;
#1229 = LINE ( 'NONE', #1977, #549 ) ;
#1230 = PRESENTATION_STYLE_ASSIGNMENT (( #1456 ) ) ;
#1231 = DIRECTION ( 'NONE',  ( -0.000000000000000000, 1.000000000000000000, -0.000000000000000000 ) ) ;
#1232 = AXIS2_PLACEMENT_3D ( 'NONE', #1416, #91, #1596 ) ;
#1233 = CARTESIAN_POINT ( 'NONE',  ( -0.8674418677376060094, -0.7750000000000000222, 0.9200000000000000400 ) ) ;
#1234 = DIRECTION ( 'NONE',  ( 1.000000000000000000, 0.000000000000000000, -0.000000000000000000 ) ) ;
#1235 = LINE ( 'NONE', #1244, #1918 ) ;
#1236 = FACE_OUTER_BOUND ( 'NONE', #2355, .T. ) ;
#1237 = ORIENTED_EDGE ( 'NONE', *, *, #84, .F. ) ;
#1238 = EDGE_CURVE ( 'NONE', #12, #1491, #1747, .T. ) ;
#1239 = CARTESIAN_POINT ( 'NONE',  ( -1.067441867737605854, -0.7750000000000000222, 0.9200000000000000400 ) ) ;
#1240 = VECTOR ( 'NONE', #1935, 1000.000000000000000 ) ;
#1241 = VERTEX_POINT ( 'NONE', #1483 ) ;
#1242 = ORIENTED_EDGE ( 'NONE', *, *, #2171, .T. ) ;
#1243 = STYLED_ITEM ( 'NONE', ( #130 ), #1583 ) ;
#1244 = CARTESIAN_POINT ( 'NONE',  ( 1.067441867737605854, -0.7249999999999999778, -0.9199999999999999289 ) ) ;
#1245 =( NAMED_UNIT ( * ) PLANE_ANGLE_UNIT ( ) SI_UNIT ( $, .RADIAN. ) );
#1246 = LINE ( 'NONE', #1667, #771 ) ;
#1247 = ORIENTED_EDGE ( 'NONE', *, *, #2373, .T. ) ;
#1248 = VECTOR ( 'NONE', #1664, 1000.000000000000000 ) ;
#1249 = DIRECTION ( 'NONE',  ( 0.3187883565316664836, -0.8926073982886755243, -0.3187883565316664836 ) ) ;
#1250 =( NAMED_UNIT ( * ) SI_UNIT ( $, .STERADIAN. ) SOLID_ANGLE_UNIT ( ) );
#1251 = DIRECTION ( 'NONE',  ( 0.000000000000000000, 0.000000000000000000, 1.000000000000000000 ) ) ;
#1252 = DIRECTION ( 'NONE',  ( -1.000000000000000000, 0.000000000000000000, 0.000000000000000000 ) ) ;
#1253 = EDGE_CURVE ( 'NONE', #676, #287, #1269, .T. ) ;
#1254 = VERTEX_POINT ( 'NONE', #240 ) ;
#1255 =( NAMED_UNIT ( * ) PLANE_ANGLE_UNIT ( ) SI_UNIT ( $, .RADIAN. ) );
#1256 =( NAMED_UNIT ( * ) PLANE_ANGLE_UNIT ( ) SI_UNIT ( $, .RADIAN. ) );
#1257 = DIRECTION ( 'NONE',  ( -1.000000000000000000, 0.000000000000000000, -0.000000000000000000 ) ) ;
#1258 = EDGE_CURVE ( 'NONE', #76, #1299, #2119, .T. ) ;
#1259 = CARTESIAN_POINT ( 'NONE',  ( -0.7667914115715491752, -0.7249999999999999778, 1.000000000000000000 ) ) ;
#1260 = CARTESIAN_POINT ( 'NONE',  ( -0.6299999999999998934, -0.7249999999999999778, 0.000000000000000000 ) ) ;
#1261 = DIRECTION ( 'NONE',  ( -0.000000000000000000, 1.000000000000000000, -0.000000000000000000 ) ) ;
#1262 = LINE ( 'NONE', #777, #518 ) ;
#1263 = SURFACE_STYLE_FILL_AREA ( #887 ) ;
#1264 = VECTOR ( 'NONE', #1099, 1000.000000000000000 ) ;
#1265 = DIRECTION ( 'NONE',  ( 0.000000000000000000, -1.000000000000000000, 0.000000000000000000 ) ) ;
#1266 = CARTESIAN_POINT ( 'NONE',  ( 1.250000000000000000, -0.4749999999999999778, 1.000000000000000000 ) ) ;
#1267 = CARTESIAN_POINT ( 'NONE',  ( 0.9674418677376059872, -0.7750000000000000222, -1.149128784747792009 ) ) ;
#1268 = ORIENTED_EDGE ( 'NONE', *, *, #1928, .F. ) ;
#1269 = LINE ( 'NONE', #217, #1534 ) ;
#1270 = VECTOR ( 'NONE', #3, 1000.000000000000000 ) ;
#1271 = ORIENTED_EDGE ( 'NONE', *, *, #589, .F. ) ;
#1272 = ORIENTED_EDGE ( 'NONE', *, *, #2036, .F. ) ;
#1273 = CIRCLE ( 'NONE', #2121, 0.2500000000000000000 ) ;
#1274 = VECTOR ( 'NONE', #155, 1000.000000000000000 ) ;
#1275 = ORIENTED_EDGE ( 'NONE', *, *, #2096, .F. ) ;
#1277 = EDGE_CURVE ( 'NONE', #75, #823, #49, .T. ) ;
#1276 = LINE ( 'NONE', #1145, #2158 ) ;
#1278 = SURFACE_SIDE_STYLE ('',( #972 ) ) ;
#1279 = CARTESIAN_POINT ( 'NONE',  ( 1.067441867737605854, -0.7249999999999999778, 0.9200000000000000400 ) ) ;
#1280 = CARTESIAN_POINT ( 'NONE',  ( 1.067441867737605854, -0.4749999999999999778, -0.9199999999999999289 ) ) ;
#1281 = PRESENTATION_LAYER_ASSIGNMENT (  '', '', ( #1162 ) ) ;
#1282 = DIRECTION ( 'NONE',  ( 1.000000000000000000, 0.000000000000000000, 0.000000000000000000 ) ) ;
#1283 = ADVANCED_FACE ( 'NONE', ( #2186 ), #1153, .F. ) ;
#1284 = ORIENTED_EDGE ( 'NONE', *, *, #1635, .F. ) ;
#1285 = UNCERTAINTY_MEASURE_WITH_UNIT (LENGTH_MEASURE( 1.000000000000000082E-05 ), #862, 'distance_accuracy_value', 'NONE');
#1286 = ORIENTED_EDGE ( 'NONE', *, *, #225, .F. ) ;
#1287 = PRESENTATION_LAYER_ASSIGNMENT (  '', '', ( #2111 ) ) ;
#1288 = CARTESIAN_POINT ( 'NONE',  ( -0.7667914115715491752, -0.4749999999999999778, 1.000000000000000000 ) ) ;
#1289 = CARTESIAN_POINT ( 'NONE',  ( 1.250000000000000000, 0.1250000000000000000, 1.000000000000000000 ) ) ;
#1290 = DIRECTION ( 'NONE',  ( -1.000000000000000000, 0.000000000000000000, -0.000000000000000000 ) ) ;
#1291 = UNCERTAINTY_MEASURE_WITH_UNIT (LENGTH_MEASURE( 1.000000000000000082E-05 ), #362, 'distance_accuracy_value', 'NONE');
#1292 = ADVANCED_FACE ( 'NONE', ( #698, #315 ), #1892, .T. ) ;
#1293 = CARTESIAN_POINT ( 'NONE',  ( -0.9674418677376059872, -0.7750000000000000222, 1.149128784747792009 ) ) ;
#1294 = PRESENTATION_STYLE_ASSIGNMENT (( #121 ) ) ;
#1295 = CIRCLE ( 'NONE', #1190, 0.2500000000000000000 ) ;
#1296 = ORIENTED_EDGE ( 'NONE', *, *, #589, .T. ) ;
#1297 = CARTESIAN_POINT ( 'NONE',  ( -0.8674418677376060094, -0.4749999999999999778, 0.9200000000000000400 ) ) ;
#1298 = VECTOR ( 'NONE', #1403, 1000.000000000000000 ) ;
#1299 = VERTEX_POINT ( 'NONE', #969 ) ;
#1300 = CLOSED_SHELL ( 'NONE', ( #534, #173, #2063, #1094, #1640, #753, #570, #886, #1985, #1451, #197, #1086, #2185, #542 ) ) ;
#1301 = EDGE_CURVE ( 'NONE', #1429, #800, #1341, .T. ) ;
#1302 = ORIENTED_EDGE ( 'NONE', *, *, #2025, .F. ) ;
#1303 = AXIS2_PLACEMENT_3D ( 'NONE', #2273, #2279, #1497 ) ;
#1304 = DIRECTION ( 'NONE',  ( -0.000000000000000000, 0.000000000000000000, -1.000000000000000000 ) ) ;
#1305 = PLANE ( 'NONE',  #374 ) ;
#1306 = SURFACE_STYLE_USAGE ( .BOTH. , #1867 ) ;
#1307 = EDGE_LOOP ( 'NONE', ( #11, #2306, #1750, #1577 ) ) ;
#1308 = AXIS2_PLACEMENT_3D ( 'NONE', #788, #2059, #1532 ) ;
#1309 = EDGE_CURVE ( 'NONE', #704, #2254, #378, .T. ) ;
#1310 = ORIENTED_EDGE ( 'NONE', *, *, #1390, .F. ) ;
#1311 = VECTOR ( 'NONE', #1842, 1000.000000000000000 ) ;
#1312 = DIRECTION ( 'NONE',  ( -1.000000000000000000, 0.000000000000000000, 0.000000000000000000 ) ) ;
#1313 = LINE ( 'NONE', #187, #228 ) ;
#1314 = VERTEX_POINT ( 'NONE', #1748 ) ;
#1315 = DIRECTION ( 'NONE',  ( 1.000000000000000000, 0.000000000000000000, 0.000000000000000000 ) ) ;
#1316 =( NAMED_UNIT ( * ) SI_UNIT ( $, .STERADIAN. ) SOLID_ANGLE_UNIT ( ) );
#1317 = VECTOR ( 'NONE', #521, 1000.000000000000000 ) ;
#1318 = AXIS2_PLACEMENT_3D ( 'NONE', #1050, #329, #2324 ) ;
#1319 = ORIENTED_EDGE ( 'NONE', *, *, #241, .F. ) ;
#1320 = ORIENTED_EDGE ( 'NONE', *, *, #1886, .T. ) ;
#1321 = VECTOR ( 'NONE', #1459, 1000.000000000000000 ) ;
#1322 = CARTESIAN_POINT ( 'NONE',  ( 1.067441867737605854, -0.7249999999999999778, -0.9199999999999999289 ) ) ;
#1323 = UNCERTAINTY_MEASURE_WITH_UNIT (LENGTH_MEASURE( 1.000000000000000082E-05 ), #13, 'distance_accuracy_value', 'NONE');
#1324 = VERTEX_POINT ( 'NONE', #661 ) ;
#1325 = VECTOR ( 'NONE', #666, 1000.000000000000000 ) ;
#1326 = SURFACE_STYLE_FILL_AREA ( #1679 ) ;
#1327 = FACE_OUTER_BOUND ( 'NONE', #1566, .T. ) ;
#1328 = SURFACE_STYLE_USAGE ( .BOTH. , #430 ) ;
#1329 = AXIS2_PLACEMENT_3D ( 'NONE', #1418, #2316, #1398 ) ;
#1330 = AXIS2_PLACEMENT_3D ( 'NONE', #1753, #272, #701 ) ;
#1331 = FILL_AREA_STYLE ('',( #1181 ) ) ;
#1332 =( NAMED_UNIT ( * ) SI_UNIT ( $, .STERADIAN. ) SOLID_ANGLE_UNIT ( ) );
#1333 = ORIENTED_EDGE ( 'NONE', *, *, #1371, .F. ) ;
#1334 = EDGE_LOOP ( 'NONE', ( #1881, #1119, #189, #384 ) ) ;
#1335 =( NAMED_UNIT ( * ) PLANE_ANGLE_UNIT ( ) SI_UNIT ( $, .RADIAN. ) );
#1336 = PRESENTATION_STYLE_ASSIGNMENT (( #115 ) ) ;
#1337 = DIRECTION ( 'NONE',  ( -0.000000000000000000, 1.000000000000000000, -0.000000000000000000 ) ) ;
#1338 = EDGE_CURVE ( 'NONE', #956, #2005, #760, .T. ) ;
#1339 = PRESENTATION_STYLE_ASSIGNMENT (( #861 ) ) ;
#1340 = DIRECTION ( 'NONE',  ( -0.000000000000000000, 1.000000000000000000, -0.000000000000000000 ) ) ;
#1341 = LINE ( 'NONE', #258, #1562 ) ;
#1342 = VERTEX_POINT ( 'NONE', #447 ) ;
#1343 = CARTESIAN_POINT ( 'NONE',  ( -1.168092323903662910, -0.7750000000000000222, -1.000000000000000000 ) ) ;
#1344 = ORIENTED_EDGE ( 'NONE', *, *, #1173, .F. ) ;
#1345 = COLOUR_RGB ( '',0.2000000000000000111, 0.2000000000000000111, 0.2000000000000000111 ) ;
#1346 = MECHANICAL_DESIGN_GEOMETRIC_PRESENTATION_REPRESENTATION (  '', ( #1971 ), #988 ) ;
#1347 = COLOUR_RGB ( '',0.2000000000000000111, 0.2000000000000000111, 0.2000000000000000111 ) ;
#1348 = ORIENTED_EDGE ( 'NONE', *, *, #1238, .T. ) ;
#1349 = VECTOR ( 'NONE', #1351, 1000.000000000000000 ) ;
#1350 = DIRECTION ( 'NONE',  ( 0.000000000000000000, 0.000000000000000000, -1.000000000000000000 ) ) ;
#1351 = DIRECTION ( 'NONE',  ( -1.000000000000000000, 0.000000000000000000, 0.000000000000000000 ) ) ;
#1352 = UNCERTAINTY_MEASURE_WITH_UNIT (LENGTH_MEASURE( 1.000000000000000082E-05 ), #1549, 'distance_accuracy_value', 'NONE');
#1353 = MECHANICAL_DESIGN_GEOMETRIC_PRESENTATION_REPRESENTATION (  '', ( #2006 ), #1487 ) ;
#1354 = SURFACE_SIDE_STYLE ('',( #694 ) ) ;
#1355 = EDGE_CURVE ( 'NONE', #459, #1076, #863, .T. ) ;
#1356 = FILL_AREA_STYLE ('',( #1175 ) ) ;
#1357 = CARTESIAN_POINT ( 'NONE',  ( 1.250000000000000000, 0.1250000000000000000, -1.000000000000000000 ) ) ;
#1358 = AXIS2_PLACEMENT_3D ( 'NONE', #991, #1005, #1908 ) ;
#1359 = PRESENTATION_LAYER_ASSIGNMENT (  '', '', ( #1860 ) ) ;
#1360 = SURFACE_STYLE_USAGE ( .BOTH. , #65 ) ;
#1361 = SURFACE_SIDE_STYLE ('',( #729 ) ) ;
#1362 = ORIENTED_EDGE ( 'NONE', *, *, #519, .T. ) ;
#1363 = EDGE_LOOP ( 'NONE', ( #2291, #2156, #1195, #2302 ) ) ;
#1364 = DIRECTION ( 'NONE',  ( 0.000000000000000000, 0.000000000000000000, -1.000000000000000000 ) ) ;
#1365 = DIRECTION ( 'NONE',  ( -0.000000000000000000, 0.000000000000000000, 1.000000000000000000 ) ) ;
#1366 = DIRECTION ( 'NONE',  ( -0.000000000000000000, 1.000000000000000000, -0.000000000000000000 ) ) ;
#1367 = LINE ( 'NONE', #1114, #405 ) ;
#1368 = FACE_OUTER_BOUND ( 'NONE', #774, .T. ) ;
#1369 = AXIS2_PLACEMENT_3D ( 'NONE', #2309, #2133, #1988 ) ;
#1370 = CARTESIAN_POINT ( 'NONE',  ( -1.168092323903662910, -0.7249999999999999778, -1.000000000000000000 ) ) ;
#1371 = EDGE_CURVE ( 'NONE', #2045, #1314, #586, .T. ) ;
#1372 = STYLED_ITEM ( 'NONE', ( #625 ), #2221 ) ;
#1373 = ORIENTED_EDGE ( 'NONE', *, *, #309, .T. ) ;
#1374 = DIRECTION ( 'NONE',  ( 0.000000000000000000, 0.000000000000000000, -1.000000000000000000 ) ) ;
#1375 = VECTOR ( 'NONE', #1570, 1000.000000000000000 ) ;
#1376 =( NAMED_UNIT ( * ) SI_UNIT ( $, .STERADIAN. ) SOLID_ANGLE_UNIT ( ) );
#1377 = LINE ( 'NONE', #1666, #671 ) ;
#1378 = EDGE_LOOP ( 'NONE', ( #207, #2230, #1815, #1767 ) ) ;
#1379 = ORIENTED_EDGE ( 'NONE', *, *, #354, .F. ) ;
#1380 = FACE_OUTER_BOUND ( 'NONE', #2062, .T. ) ;
#1381 = VECTOR ( 'NONE', #1758, 1000.000000000000000 ) ;
#1382 = VERTEX_POINT ( 'NONE', #2323 ) ;
#1383 = DIRECTION ( 'NONE',  ( -0.000000000000000000, 1.000000000000000000, -0.000000000000000000 ) ) ;
#1384 = CARTESIAN_POINT ( 'NONE',  ( 0.9674418677376059872, -0.4749999999999999778, 1.149128784747792009 ) ) ;
#1385 = LINE ( 'NONE', #2190, #357 ) ;
#1386 = DIRECTION ( 'NONE',  ( 1.000000000000000000, 0.000000000000000000, 0.000000000000000000 ) ) ;
#1387 = MECHANICAL_DESIGN_GEOMETRIC_PRESENTATION_REPRESENTATION (  '', ( #907 ), #1520 ) ;
#1388 = CARTESIAN_POINT ( 'NONE',  ( 0.9674418677376059872, -0.7750000000000000222, -1.149128784747792009 ) ) ;
#1389 = CARTESIAN_POINT ( 'NONE',  ( 1.050000000000000044, -0.4749999999999999778, 0.7949999999999999289 ) ) ;
#1390 = EDGE_CURVE ( 'NONE', #1429, #436, #1070, .T. ) ;
#1391 = ORIENTED_EDGE ( 'NONE', *, *, #369, .T. ) ;
#1392 = SURFACE_STYLE_USAGE ( .BOTH. , #1732 ) ;
#1393 = ORIENTED_EDGE ( 'NONE', *, *, #1164, .F. ) ;
#1394 = MANIFOLD_SOLID_BREP ( 'Boss-Extrude4[1]', #1300 ) ;
#1395 = CARTESIAN_POINT ( 'NONE',  ( -0.9674418677376059872, -0.4749999999999999778, -1.149128784747792009 ) ) ;
#1396 =( GEOMETRIC_REPRESENTATION_CONTEXT ( 3 ) GLOBAL_UNCERTAINTY_ASSIGNED_CONTEXT ( ( #1426 ) ) GLOBAL_UNIT_ASSIGNED_CONTEXT ( ( #1999, #2142, #1428 ) ) REPRESENTATION_CONTEXT ( 'NONE', 'WORKASPACE' ) );
#1397 = DIRECTION ( 'NONE',  ( -0.000000000000000000, 1.000000000000000000, -0.000000000000000000 ) ) ;
#1398 = DIRECTION ( 'NONE',  ( 0.000000000000000000, 0.000000000000000000, 1.000000000000000000 ) ) ;
#1399 = DIRECTION ( 'NONE',  ( 0.000000000000000000, 0.000000000000000000, 1.000000000000000000 ) ) ;
#1400 =( NAMED_UNIT ( * ) PLANE_ANGLE_UNIT ( ) SI_UNIT ( $, .RADIAN. ) );
#1401 = PRESENTATION_LAYER_ASSIGNMENT (  '', '', ( #223 ) ) ;
#1402 = VECTOR ( 'NONE', #1965, 1000.000000000000000 ) ;
#1403 = DIRECTION ( 'NONE',  ( 1.000000000000000000, 0.000000000000000000, 0.000000000000000000 ) ) ;
#1404 = CARTESIAN_POINT ( 'NONE',  ( 0.7667914115715491752, -0.4749999999999999778, 1.000000000000000000 ) ) ;
#1405 = FILL_AREA_STYLE_COLOUR ( '', #1347 ) ;
#1406 = EDGE_LOOP ( 'NONE', ( #1885, #1458, #1616, #1132 ) ) ;
#1407 = LINE ( 'NONE', #1089, #1274 ) ;
#1408 = COLOUR_RGB ( '',0.2000000000000000111, 0.2000000000000000111, 0.2000000000000000111 ) ;
#1409 = ORIENTED_EDGE ( 'NONE', *, *, #1807, .T. ) ;
#1410 = LINE ( 'NONE', #1023, #442 ) ;
#1411 = ORIENTED_EDGE ( 'NONE', *, *, #1437, .T. ) ;
#1412 = SURFACE_STYLE_FILL_AREA ( #965 ) ;
#1413 = CARTESIAN_POINT ( 'NONE',  ( 0.7667914115715487311, -0.7750000000000000222, 1.000000000000000000 ) ) ;
#1414 = CARTESIAN_POINT ( 'NONE',  ( 1.175000000000000044, -0.1250000000000000000, -0.9200000000000000400 ) ) ;
#1415 = CARTESIAN_POINT ( 'NONE',  ( 0.9674418677376059872, -0.7750000000000000222, -1.149128784747792009 ) ) ;
#1416 = CARTESIAN_POINT ( 'NONE',  ( 0.000000000000000000, -0.7750000000000000222, 0.9200000000000000400 ) ) ;
#1417 = EDGE_CURVE ( 'NONE', #385, #1182, #457, .T. ) ;
#1418 = CARTESIAN_POINT ( 'NONE',  ( -0.9674418677376059872, -0.4749999999999999778, 1.149128784747792009 ) ) ;
#1419 = DIRECTION ( 'NONE',  ( -1.000000000000000000, 0.000000000000000000, 0.000000000000000000 ) ) ;
#1420 = DIRECTION ( 'NONE',  ( -0.000000000000000000, 0.000000000000000000, -1.000000000000000000 ) ) ;
#1421 = STYLED_ITEM ( 'NONE', ( #1916 ), #1849 ) ;
#1422 = ORIENTED_EDGE ( 'NONE', *, *, #818, .F. ) ;
#1423 = CARTESIAN_POINT ( 'NONE',  ( 1.250000000000000000, -0.7249999999999999778, 1.000000000000000000 ) ) ;
#1424 = DIRECTION ( 'NONE',  ( -0.000000000000000000, 1.000000000000000000, -0.000000000000000000 ) ) ;
#1425 = VERTEX_POINT ( 'NONE', #1404 ) ;
#1426 = UNCERTAINTY_MEASURE_WITH_UNIT (LENGTH_MEASURE( 1.000000000000000082E-05 ), #1999, 'distance_accuracy_value', 'NONE');
#1427 =( LENGTH_UNIT ( ) NAMED_UNIT ( * ) SI_UNIT ( .MILLI., .METRE. ) );
#1428 =( NAMED_UNIT ( * ) SI_UNIT ( $, .STERADIAN. ) SOLID_ANGLE_UNIT ( ) );
#1429 = VERTEX_POINT ( 'NONE', #684 ) ;
#1430 = FILL_AREA_STYLE ('',( #1228 ) ) ;
#1431 = CYLINDRICAL_SURFACE ( 'NONE', #57, 0.2500000000000000000 ) ;
#1432 = COLOUR_RGB ( '',0.8980392156862745390, 0.9176470588235293713, 0.9294117647058823817 ) ;
#1433 = CARTESIAN_POINT ( 'NONE',  ( 0.9674418677376059872, -0.7750000000000000222, 1.149128784747792009 ) ) ;
#1434 = DIRECTION ( 'NONE',  ( -0.000000000000000000, 0.000000000000000000, 1.000000000000000000 ) ) ;
#1435 = DIRECTION ( 'NONE',  ( -0.000000000000000000, 1.000000000000000000, -0.000000000000000000 ) ) ;
#1436 = ORIENTED_EDGE ( 'NONE', *, *, #1141, .F. ) ;
#1437 = EDGE_CURVE ( 'NONE', #1799, #2068, #1529, .T. ) ;
#1438 = FILL_AREA_STYLE ('',( #717 ) ) ;
#1439 = COLOUR_RGB ( '',0.2000000000000000111, 0.2000000000000000111, 0.2000000000000000111 ) ;
#1440 = VERTEX_POINT ( 'NONE', #1757 ) ;
#1441 = CARTESIAN_POINT ( 'NONE',  ( 0.7667914115715487311, -0.7750000000000000222, 1.000000000000000000 ) ) ;
#1442 = ORIENTED_EDGE ( 'NONE', *, *, #606, .F. ) ;
#1443 = CARTESIAN_POINT ( 'NONE',  ( 1.168092323903662910, -0.4749999999999999778, -1.000000000000000000 ) ) ;
#1444 = CARTESIAN_POINT ( 'NONE',  ( 0.7667914115715487311, -0.7249999999999999778, 1.000000000000000000 ) ) ;
#1445 = CIRCLE ( 'NONE', #1936, 0.2500000000000000000 ) ;
#1446 = ORIENTED_EDGE ( 'NONE', *, *, #1338, .T. ) ;
#1447 = LINE ( 'NONE', #1289, #654 ) ;
#1448 = MECHANICAL_DESIGN_GEOMETRIC_PRESENTATION_REPRESENTATION (  '', ( #1695 ), #1579 ) ;
#1449 = CARTESIAN_POINT ( 'NONE',  ( -1.250000000000000000, -0.4749999999999999778, -1.000000000000000000 ) ) ;
#1450 = CARTESIAN_POINT ( 'NONE',  ( 0.9674418677376059872, -0.7249999999999999778, -1.149128784747792009 ) ) ;
#1451 = ADVANCED_FACE ( 'NONE', ( #2262 ), #1500, .F. ) ;
#1452 = CARTESIAN_POINT ( 'NONE',  ( -1.250000000000000000, -0.7249999999999999778, 1.000000000000000000 ) ) ;
#1453 = ORIENTED_EDGE ( 'NONE', *, *, #190, .T. ) ;
#1454 = STYLED_ITEM ( 'NONE', ( #859 ), #1659 ) ;
#1455 = CARTESIAN_POINT ( 'NONE',  ( -0.9674418677376059872, -0.7249999999999999778, -1.149128784747792009 ) ) ;
#1456 = SURFACE_STYLE_USAGE ( .BOTH. , #1278 ) ;
#1457 = AXIS2_PLACEMENT_3D ( 'NONE', #1395, #334, #1591 ) ;
#1458 = ORIENTED_EDGE ( 'NONE', *, *, #1417, .F. ) ;
#1459 = DIRECTION ( 'NONE',  ( -0.000000000000000000, 1.000000000000000000, -0.000000000000000000 ) ) ;
#1460 = DIRECTION ( 'NONE',  ( -1.000000000000000000, -0.000000000000000000, -0.000000000000000000 ) ) ;
#1461 = FILL_AREA_STYLE_COLOUR ( '', #100 ) ;
#1462 = SURFACE_STYLE_FILL_AREA ( #838 ) ;
#1463 = COLOUR_RGB ( '',0.2000000000000000111, 0.2000000000000000111, 0.2000000000000000111 ) ;
#1464 = VERTEX_POINT ( 'NONE', #1595 ) ;
#1465 = CARTESIAN_POINT ( 'NONE',  ( -1.168092323903662910, -0.7750000000000000222, 1.000000000000000000 ) ) ;
#1466 = PRODUCT_DEFINITION_SHAPE ( 'NONE', 'NONE',  #541 ) ;
#1467 = LINE ( 'NONE', #1966, #797 ) ;
#1468 = FACE_OUTER_BOUND ( 'NONE', #575, .T. ) ;
#1469 = ORIENTED_EDGE ( 'NONE', *, *, #1043, .T. ) ;
#1470 =( NAMED_UNIT ( * ) SI_UNIT ( $, .STERADIAN. ) SOLID_ANGLE_UNIT ( ) );
#1471 = FACE_OUTER_BOUND ( 'NONE', #743, .T. ) ;
#1472 = VECTOR ( 'NONE', #1222, 1000.000000000000000 ) ;
#1473 = EDGE_LOOP ( 'NONE', ( #529, #841, #158, #211 ) ) ;
#1474 = VECTOR ( 'NONE', #1189, 1000.000000000000000 ) ;
#1475 = DIRECTION ( 'NONE',  ( -0.000000000000000000, 1.000000000000000000, -0.000000000000000000 ) ) ;
#1477 = EDGE_CURVE ( 'NONE', #1814, #2140, #2092, .T. ) ;
#1476 = VECTOR ( 'NONE', #69, 1000.000000000000000 ) ;
#1478 = PLANE ( 'NONE',  #431 ) ;
#1479 = ORIENTED_EDGE ( 'NONE', *, *, #134, .T. ) ;
#1480 = ADVANCED_FACE ( 'NONE', ( #1368 ), #1038, .F. ) ;
#1481 = ADVANCED_FACE ( 'NONE', ( #1984 ), #1064, .F. ) ;
#1482 = CARTESIAN_POINT ( 'NONE',  ( -1.250000000000000000, -0.7249999999999999778, 1.000000000000000000 ) ) ;
#1483 = CARTESIAN_POINT ( 'NONE',  ( -0.7667914115715491752, -0.7750000000000000222, -1.000000000000000000 ) ) ;
#1484 = MECHANICAL_DESIGN_GEOMETRIC_PRESENTATION_REPRESENTATION (  '', ( #1851 ), #461 ) ;
#1485 = CARTESIAN_POINT ( 'NONE',  ( 0.9674418677376059872, -0.7249999999999999778, 1.149128784747792009 ) ) ;
#1486 = CARTESIAN_POINT ( 'NONE',  ( 0.9674418677376059872, -0.4749999999999999778, -1.149128784747792009 ) ) ;
#1487 =( GEOMETRIC_REPRESENTATION_CONTEXT ( 3 ) GLOBAL_UNCERTAINTY_ASSIGNED_CONTEXT ( ( #1085 ) ) GLOBAL_UNIT_ASSIGNED_CONTEXT ( ( #1919, #1913, #267 ) ) REPRESENTATION_CONTEXT ( 'NONE', 'WORKASPACE' ) );
#1488 = ORIENTED_EDGE ( 'NONE', *, *, #1524, .T. ) ;
#1489 = ORIENTED_EDGE ( 'NONE', *, *, #2224, .F. ) ;
#1490 = EDGE_CURVE ( 'NONE', #1440, #2169, #1235, .T. ) ;
#1491 = VERTEX_POINT ( 'NONE', #129 ) ;
#1492 = ADVANCED_FACE ( 'NONE', ( #639 ), #328, .F. ) ;
#1493 = STYLED_ITEM ( 'NONE', ( #2089 ), #1668 ) ;
#1494 =( LENGTH_UNIT ( ) NAMED_UNIT ( * ) SI_UNIT ( .MILLI., .METRE. ) );
#1495 = DIRECTION ( 'NONE',  ( -0.000000000000000000, 1.000000000000000000, -0.000000000000000000 ) ) ;
#1496 =( GEOMETRIC_REPRESENTATION_CONTEXT ( 3 ) GLOBAL_UNCERTAINTY_ASSIGNED_CONTEXT ( ( #311 ) ) GLOBAL_UNIT_ASSIGNED_CONTEXT ( ( #813, #263, #2081 ) ) REPRESENTATION_CONTEXT ( 'NONE', 'WORKASPACE' ) );
#1497 = DIRECTION ( 'NONE',  ( 0.000000000000000000, 0.000000000000000000, 1.000000000000000000 ) ) ;
#1498 = LINE ( 'NONE', #2100, #1689 ) ;
#1499 =( LENGTH_UNIT ( ) NAMED_UNIT ( * ) SI_UNIT ( .MILLI., .METRE. ) );
#1500 = CYLINDRICAL_SURFACE ( 'NONE', #2237, 0.2500000000000000000 ) ;
#1501 = DIRECTION ( 'NONE',  ( 0.000000000000000000, 0.000000000000000000, 1.000000000000000000 ) ) ;
#1502 = VECTOR ( 'NONE', #1063, 1000.000000000000000 ) ;
#1503 = ORIENTED_EDGE ( 'NONE', *, *, #1417, .T. ) ;
#1504 =( NAMED_UNIT ( * ) SI_UNIT ( $, .STERADIAN. ) SOLID_ANGLE_UNIT ( ) );
#1505 = VECTOR ( 'NONE', #2080, 1000.000000000000000 ) ;
#1506 = ORIENTED_EDGE ( 'NONE', *, *, #2123, .F. ) ;
#1507 = VERTEX_POINT ( 'NONE', #903 ) ;
#1508 = PRESENTATION_STYLE_ASSIGNMENT (( #1662 ) ) ;
#1509 = DIRECTION ( 'NONE',  ( -0.000000000000000000, 1.000000000000000000, -0.000000000000000000 ) ) ;
#1510 = DIRECTION ( 'NONE',  ( 1.000000000000000000, 0.000000000000000000, 0.000000000000000000 ) ) ;
#1511 = ORIENTED_EDGE ( 'NONE', *, *, #177, .F. ) ;
#1512 = AXIS2_PLACEMENT_3D ( 'NONE', #1485, #1475, #1374 ) ;
#1513 = VECTOR ( 'NONE', #1126, 1000.000000000000000 ) ;
#1514 = EDGE_CURVE ( 'NONE', #512, #953, #1155, .T. ) ;
#1515 =( GEOMETRIC_REPRESENTATION_CONTEXT ( 3 ) GLOBAL_UNCERTAINTY_ASSIGNED_CONTEXT ( ( #1146 ) ) GLOBAL_UNIT_ASSIGNED_CONTEXT ( ( #1541, #1649, #1316 ) ) REPRESENTATION_CONTEXT ( 'NONE', 'WORKASPACE' ) );
#1516 = UNCERTAINTY_MEASURE_WITH_UNIT (LENGTH_MEASURE( 1.000000000000000082E-05 ), #2275, 'distance_accuracy_value', 'NONE');
#1517 = FILL_AREA_STYLE_COLOUR ( '', #1730 ) ;
#1518 = CARTESIAN_POINT ( 'NONE',  ( 1.250000000000000000, -0.7249999999999999778, -1.000000000000000000 ) ) ;
#1519 = ORIENTED_EDGE ( 'NONE', *, *, #1824, .T. ) ;
#1520 =( GEOMETRIC_REPRESENTATION_CONTEXT ( 3 ) GLOBAL_UNCERTAINTY_ASSIGNED_CONTEXT ( ( #657 ) ) GLOBAL_UNIT_ASSIGNED_CONTEXT ( ( #2207, #579, #1116 ) ) REPRESENTATION_CONTEXT ( 'NONE', 'WORKASPACE' ) );
#1521 = ORIENTED_EDGE ( 'NONE', *, *, #2025, .T. ) ;
#1522 = FILL_AREA_STYLE_COLOUR ( '', #978 ) ;
#1523 = CARTESIAN_POINT ( 'NONE',  ( -0.7667914115715491752, -0.7249999999999999778, -1.000000000000000000 ) ) ;
#1524 = EDGE_CURVE ( 'NONE', #1941, #1582, #1776, .T. ) ;
#1525 = FACE_OUTER_BOUND ( 'NONE', #235, .T. ) ;
#1526 =( NAMED_UNIT ( * ) PLANE_ANGLE_UNIT ( ) SI_UNIT ( $, .RADIAN. ) );
#1527 = VECTOR ( 'NONE', #899, 1000.000000000000000 ) ;
#1528 = VERTEX_POINT ( 'NONE', #2363 ) ;
#1529 = LINE ( 'NONE', #2304, #199 ) ;
#1530 = ORIENTED_EDGE ( 'NONE', *, *, #552, .T. ) ;
#1531 = UNCERTAINTY_MEASURE_WITH_UNIT (LENGTH_MEASURE( 1.000000000000000082E-05 ), #1576, 'distance_accuracy_value', 'NONE');
#1532 = DIRECTION ( 'NONE',  ( 1.000000000000000000, 0.000000000000000000, -0.000000000000000000 ) ) ;
#1533 =( LENGTH_UNIT ( ) NAMED_UNIT ( * ) SI_UNIT ( .MILLI., .METRE. ) );
#1534 = VECTOR ( 'NONE', #245, 1000.000000000000000 ) ;
#1535 = MECHANICAL_DESIGN_GEOMETRIC_PRESENTATION_REPRESENTATION (  '', ( #2377 ), #42 ) ;
#1536 = ORIENTED_EDGE ( 'NONE', *, *, #2371, .F. ) ;
#1537 = SURFACE_STYLE_FILL_AREA ( #1438 ) ;
#1538 = DIRECTION ( 'NONE',  ( -1.000000000000000000, 0.000000000000000000, -0.000000000000000000 ) ) ;
#1539 = ORIENTED_EDGE ( 'NONE', *, *, #455, .F. ) ;
#1540 = LINE ( 'NONE', #1203, #1325 ) ;
#1541 =( LENGTH_UNIT ( ) NAMED_UNIT ( * ) SI_UNIT ( .MILLI., .METRE. ) );
#1542 = EDGE_CURVE ( 'NONE', #1870, #1644, #433, .T. ) ;
#1543 = UNCERTAINTY_MEASURE_WITH_UNIT (LENGTH_MEASURE( 1.000000000000000082E-05 ), #716, 'distance_accuracy_value', 'NONE');
#1544 = SURFACE_STYLE_USAGE ( .BOTH. , #1691 ) ;
#1545 = CARTESIAN_POINT ( 'NONE',  ( 0.000000000000000000, -0.7750000000000000222, -1.000000000000000000 ) ) ;
#1546 = AXIS2_PLACEMENT_3D ( 'NONE', #670, #2148, #509 ) ;
#1547 = UNCERTAINTY_MEASURE_WITH_UNIT (LENGTH_MEASURE( 1.000000000000000082E-05 ), #1692, 'distance_accuracy_value', 'NONE');
#1548 = DIRECTION ( 'NONE',  ( 0.000000000000000000, -0.000000000000000000, 1.000000000000000000 ) ) ;
#1549 =( LENGTH_UNIT ( ) NAMED_UNIT ( * ) SI_UNIT ( .MILLI., .METRE. ) );
#1550 = DIRECTION ( 'NONE',  ( 0.000000000000000000, 0.000000000000000000, 1.000000000000000000 ) ) ;
#1551 = CARTESIAN_POINT ( 'NONE',  ( 0.8674418677376060094, -0.7750000000000000222, 0.9200000000000000400 ) ) ;
#1552 = ORIENTED_EDGE ( 'NONE', *, *, #1975, .T. ) ;
#1553 = ORIENTED_EDGE ( 'NONE', *, *, #1609, .T. ) ;
#1554 = SURFACE_SIDE_STYLE ('',( #1412 ) ) ;
#1555 = EDGE_CURVE ( 'NONE', #1241, #900, #1096, .T. ) ;
#1556 = SURFACE_STYLE_USAGE ( .BOTH. , #257 ) ;
#1557 = PLANE ( 'NONE',  #218 ) ;
#1558 =( GEOMETRIC_REPRESENTATION_CONTEXT ( 3 ) GLOBAL_UNCERTAINTY_ASSIGNED_CONTEXT ( ( #2364 ) ) GLOBAL_UNIT_ASSIGNED_CONTEXT ( ( #110, #1400, #305 ) ) REPRESENTATION_CONTEXT ( 'NONE', 'WORKASPACE' ) );
#1559 = VECTOR ( 'NONE', #596, 1000.000000000000000 ) ;
#1560 = CARTESIAN_POINT ( 'NONE',  ( 0.000000000000000000, -0.7750000000000000222, -1.000000000000000000 ) ) ;
#1561 =( NAMED_UNIT ( * ) SI_UNIT ( $, .STERADIAN. ) SOLID_ANGLE_UNIT ( ) );
#1562 = VECTOR ( 'NONE', #1365, 1000.000000000000000 ) ;
#1563 = LINE ( 'NONE', #1713, #132 ) ;
#1564 = EDGE_LOOP ( 'NONE', ( #232, #1319, #1379, #1887 ) ) ;
#1565 = SURFACE_STYLE_FILL_AREA ( #1356 ) ;
#1566 = EDGE_LOOP ( 'NONE', ( #404, #2292, #1639, #979, #248, #281, #2138, #1167, #2366, #1302, #2151, #89, #2378, #1987, #1284, #1237, #1047, #2003, #1422, #1185 ) ) ;
#1567 = VERTEX_POINT ( 'NONE', #1803 ) ;
#1568 = LINE ( 'NONE', #1124, #2154 ) ;
#1569 = SURFACE_STYLE_FILL_AREA ( #301 ) ;
#1570 = DIRECTION ( 'NONE',  ( -0.000000000000000000, 1.000000000000000000, -0.000000000000000000 ) ) ;
#1571 = DIRECTION ( 'NONE',  ( 1.000000000000000000, 0.000000000000000000, 0.000000000000000000 ) ) ;
#1572 = CIRCLE ( 'NONE', #660, 0.2500000000000000000 ) ;
#1573 =( LENGTH_UNIT ( ) NAMED_UNIT ( * ) SI_UNIT ( .MILLI., .METRE. ) );
#1574 = EDGE_CURVE ( 'NONE', #2243, #1941, #310, .T. ) ;
#1575 = CARTESIAN_POINT ( 'NONE',  ( 0.000000000000000000, -0.7750000000000000222, 0.9200000000000000400 ) ) ;
#1576 =( LENGTH_UNIT ( ) NAMED_UNIT ( * ) SI_UNIT ( .MILLI., .METRE. ) );
#1577 = ORIENTED_EDGE ( 'NONE', *, *, #381, .T. ) ;
#1578 = DIRECTION ( 'NONE',  ( -1.000000000000000000, -0.000000000000000000, -0.000000000000000000 ) ) ;
#1579 =( GEOMETRIC_REPRESENTATION_CONTEXT ( 3 ) GLOBAL_UNCERTAINTY_ASSIGNED_CONTEXT ( ( #1709 ) ) GLOBAL_UNIT_ASSIGNED_CONTEXT ( ( #1217, #2313, #1775 ) ) REPRESENTATION_CONTEXT ( 'NONE', 'WORKASPACE' ) );
#1580 = DIRECTION ( 'NONE',  ( 0.000000000000000000, 0.000000000000000000, -1.000000000000000000 ) ) ;
#1581 = CARTESIAN_POINT ( 'NONE',  ( 1.168092323903662910, -0.7750000000000000222, -1.000000000000000000 ) ) ;
#1582 = VERTEX_POINT ( 'NONE', #1444 ) ;
#1583 = MANIFOLD_SOLID_BREP ( 'Boss-Extrude3', #1704 ) ;
#1584 = VECTOR ( 'NONE', #2196, 1000.000000000000000 ) ;
#1585 = DIRECTION ( 'NONE',  ( 0.000000000000000000, 0.000000000000000000, 1.000000000000000000 ) ) ;
#1586 =( NAMED_UNIT ( * ) SI_UNIT ( $, .STERADIAN. ) SOLID_ANGLE_UNIT ( ) );
#1587 = VERTEX_POINT ( 'NONE', #2161 ) ;
#1588 = CARTESIAN_POINT ( 'NONE',  ( -1.250000000000000000, 0.1250000000000000000, 1.000000000000000000 ) ) ;
#1589 = ORIENTED_EDGE ( 'NONE', *, *, #103, .T. ) ;
#1590 = LINE ( 'NONE', #296, #1502 ) ;
#1591 = DIRECTION ( 'NONE',  ( 0.000000000000000000, 0.000000000000000000, -1.000000000000000000 ) ) ;
#1592 = VERTEX_POINT ( 'NONE', #1994 ) ;
#1593 = DIRECTION ( 'NONE',  ( 1.000000000000000000, 0.000000000000000000, 0.000000000000000000 ) ) ;
#1594 = CARTESIAN_POINT ( 'NONE',  ( -1.175000000000000044, -0.1250000000000000000, -0.9200000000000000400 ) ) ;
#1595 = CARTESIAN_POINT ( 'NONE',  ( -1.067441867737605854, -0.7249999999999999778, -0.9200000000000000400 ) ) ;
#1596 = DIRECTION ( 'NONE',  ( -1.000000000000000000, 0.000000000000000000, 0.000000000000000000 ) ) ;
#1597 = ORIENTED_EDGE ( 'NONE', *, *, #1154, .T. ) ;
#1598 = ORIENTED_EDGE ( 'NONE', *, *, #354, .T. ) ;
#1599 = SURFACE_SIDE_STYLE ('',( #860 ) ) ;
#1600 = CARTESIAN_POINT ( 'NONE',  ( 0.000000000000000000, -0.4749999999999999778, -0.7949999999999999289 ) ) ;
#1601 = PLANE ( 'NONE',  #1946 ) ;
#1602 = DIRECTION ( 'NONE',  ( -0.000000000000000000, 1.000000000000000000, -0.000000000000000000 ) ) ;
#1603 = STYLED_ITEM ( 'NONE', ( #1508 ), #770 ) ;
#1604 = CARTESIAN_POINT ( 'NONE',  ( 0.000000000000000000, -0.7249999999999999778, -1.000000000000000000 ) ) ;
#1605 = DIRECTION ( 'NONE',  ( 0.000000000000000000, 0.000000000000000000, 1.000000000000000000 ) ) ;
#1606 = EDGE_LOOP ( 'NONE', ( #52, #1789, #803, #1901 ) ) ;
#1607 = FACE_OUTER_BOUND ( 'NONE', #491, .T. ) ;
#1608 = APPLICATION_PROTOCOL_DEFINITION ( 'draft international standard', 'automotive_design', 1998, #150 ) ;
#1609 = EDGE_CURVE ( 'NONE', #2254, #871, #2069, .T. ) ;
#1610 = EDGE_CURVE ( 'NONE', #1969, #2005, #1717, .T. ) ;
#1611 = DIRECTION ( 'NONE',  ( -0.000000000000000000, 0.000000000000000000, -1.000000000000000000 ) ) ;
#1612 = CARTESIAN_POINT ( 'NONE',  ( 0.8674418677376060094, -0.4749999999999999778, 0.9200000000000000400 ) ) ;
#1613 = CARTESIAN_POINT ( 'NONE',  ( -0.8674418677376061204, -0.7750000000000000222, -0.9200000000000000400 ) ) ;
#1614 = MECHANICAL_DESIGN_GEOMETRIC_PRESENTATION_REPRESENTATION (  '', ( #1493 ), #731 ) ;
#1615 = SURFACE_STYLE_USAGE ( .BOTH. , #719 ) ;
#1616 = ORIENTED_EDGE ( 'NONE', *, *, #2238, .F. ) ;
#1617 = LINE ( 'NONE', #888, #2240 ) ;
#1618 = FACE_OUTER_BOUND ( 'NONE', #1721, .T. ) ;
#1619 = ORIENTED_EDGE ( 'NONE', *, *, #238, .F. ) ;
#1620 = EDGE_LOOP ( 'NONE', ( #475, #1511, #1536, #118 ) ) ;
#1621 = FACE_OUTER_BOUND ( 'NONE', #2382, .T. ) ;
#1622 = ORIENTED_EDGE ( 'NONE', *, *, #2054, .F. ) ;
#1623 = SURFACE_STYLE_FILL_AREA ( #449 ) ;
#1624 = DIRECTION ( 'NONE',  ( -1.000000000000000000, 0.000000000000000000, 0.000000000000000000 ) ) ;
#1625 = DIRECTION ( 'NONE',  ( -0.000000000000000000, 1.000000000000000000, -0.000000000000000000 ) ) ;
#1626 = LINE ( 'NONE', #29, #1248 ) ;
#1627 = CARTESIAN_POINT ( 'NONE',  ( 0.9674418677376059872, -0.7750000000000000222, 1.149128784747792009 ) ) ;
#1628 = DIRECTION ( 'NONE',  ( -1.000000000000000000, -0.000000000000000000, 0.000000000000000000 ) ) ;
#1629 = CARTESIAN_POINT ( 'NONE',  ( -0.9674418677376059872, -0.7249999999999999778, 1.149128784747792009 ) ) ;
#1630 = ADVANCED_FACE ( 'NONE', ( #952 ), #2201, .F. ) ;
#1631 =( LENGTH_UNIT ( ) NAMED_UNIT ( * ) SI_UNIT ( .MILLI., .METRE. ) );
#1632 = MECHANICAL_DESIGN_GEOMETRIC_PRESENTATION_REPRESENTATION (  '', ( #1454 ), #605 ) ;
#1633 = FILL_AREA_STYLE ('',( #520 ) ) ;
#1634 = DIRECTION ( 'NONE',  ( -5.421010862427526114E-16, 0.000000000000000000, 1.000000000000000000 ) ) ;
#1635 = EDGE_CURVE ( 'NONE', #1938, #676, #196, .T. ) ;
#1636 = AXIS2_PLACEMENT_3D ( 'NONE', #816, #1907, #1714 ) ;
#1637 = CARTESIAN_POINT ( 'NONE',  ( 1.250000000000000000, 0.1250000000000000000, 1.000000000000000000 ) ) ;
#1638 = DIRECTION ( 'NONE',  ( 1.000000000000000000, 0.000000000000000000, 0.000000000000000000 ) ) ;
#1639 = ORIENTED_EDGE ( 'NONE', *, *, #2112, .F. ) ;
#1640 = ADVANCED_FACE ( 'NONE', ( #408 ), #339, .F. ) ;
#1641 = ORIENTED_EDGE ( 'NONE', *, *, #618, .F. ) ;
#1642 = DIRECTION ( 'NONE',  ( 1.000000000000000000, 0.000000000000000000, 0.000000000000000000 ) ) ;
#1643 = MECHANICAL_DESIGN_GEOMETRIC_PRESENTATION_REPRESENTATION (  '', ( #826 ), #250 ) ;
#1644 = VERTEX_POINT ( 'NONE', #1226 ) ;
#1645 = PRESENTATION_STYLE_ASSIGNMENT (( #1544 ) ) ;
#1646 = ORIENTED_EDGE ( 'NONE', *, *, #664, .F. ) ;
#1647 = EDGE_CURVE ( 'NONE', #1528, #427, #1172, .T. ) ;
#1648 = CARTESIAN_POINT ( 'NONE',  ( 0.6300000000000000044, -0.7750000000000000222, 0.000000000000000000 ) ) ;
#1649 =( NAMED_UNIT ( * ) PLANE_ANGLE_UNIT ( ) SI_UNIT ( $, .RADIAN. ) );
#1650 = VERTEX_POINT ( 'NONE', #1413 ) ;
#1651 =( LENGTH_UNIT ( ) NAMED_UNIT ( * ) SI_UNIT ( .MILLI., .METRE. ) );
#1652 = LINE ( 'NONE', #1357, #1051 ) ;
#1653 = PLANE ( 'NONE',  #631 ) ;
#1654 = MECHANICAL_DESIGN_GEOMETRIC_PRESENTATION_REPRESENTATION (  '', ( #1162 ), #1396 ) ;
#1655 = PLANE ( 'NONE',  #1062 ) ;
#1656 = CARTESIAN_POINT ( 'NONE',  ( 0.9674418677376059872, -0.7750000000000000222, 1.149128784747792009 ) ) ;
#1657 = EDGE_CURVE ( 'NONE', #551, #993, #1229, .T. ) ;
#1658 = CARTESIAN_POINT ( 'NONE',  ( -1.067441867737605854, -0.7750000000000000222, -0.9200000000000000400 ) ) ;
#1659 = ADVANCED_FACE ( 'NONE', ( #227 ), #333, .F. ) ;
#1660 = ORIENTED_EDGE ( 'NONE', *, *, #885, .F. ) ;
#1661 =( GEOMETRIC_REPRESENTATION_CONTEXT ( 3 ) GLOBAL_UNCERTAINTY_ASSIGNED_CONTEXT ( ( #179 ) ) GLOBAL_UNIT_ASSIGNED_CONTEXT ( ( #335, #882, #161 ) ) REPRESENTATION_CONTEXT ( 'NONE', 'WORKASPACE' ) );
#1662 = SURFACE_STYLE_USAGE ( .BOTH. , #200 ) ;
#1663 = VERTEX_POINT ( 'NONE', #1171 ) ;
#1664 = DIRECTION ( 'NONE',  ( -0.000000000000000000, -0.000000000000000000, -1.000000000000000000 ) ) ;
#1665 = ORIENTED_EDGE ( 'NONE', *, *, #1876, .T. ) ;
#1666 = CARTESIAN_POINT ( 'NONE',  ( -0.8674418677376060094, -0.7249999999999999778, -0.9200000000000000400 ) ) ;
#1667 = CARTESIAN_POINT ( 'NONE',  ( 0.9432926829268309943, -0.7737804878048760715, -0.6882926829268308788 ) ) ;
#1668 = ADVANCED_FACE ( 'NONE', ( #1771 ), #627, .F. ) ;
#1669 = ORIENTED_EDGE ( 'NONE', *, *, #691, .F. ) ;
#1670 = EDGE_CURVE ( 'NONE', #592, #2140, #1693, .T. ) ;
#1671 = LINE ( 'NONE', #1794, #1298 ) ;
#1672 = EDGE_LOOP ( 'NONE', ( #1479, #1272, #452, #2070 ) ) ;
#1673 = VERTEX_POINT ( 'NONE', #2082 ) ;
#1674 = AXIS2_PLACEMENT_3D ( 'NONE', #2010, #1991, #1821 ) ;
#1675 = SURFACE_STYLE_FILL_AREA ( #685 ) ;
#1676 = CARTESIAN_POINT ( 'NONE',  ( -1.175000000000000044, -0.1250000000000000000, -0.9200000000000000400 ) ) ;
#1677 = EDGE_LOOP ( 'NONE', ( #141, #2314, #840, #2122 ) ) ;
#1678 = COLOUR_RGB ( '',0.2000000000000000111, 0.2000000000000000111, 0.2000000000000000111 ) ;
#1679 = FILL_AREA_STYLE ('',( #598 ) ) ;
#1680 = FACE_OUTER_BOUND ( 'NONE', #897, .T. ) ;
#1681 = ADVANCED_FACE ( 'NONE', ( #2182 ), #971, .F. ) ;
#1682 = DIRECTION ( 'NONE',  ( -0.000000000000000000, 1.000000000000000000, -0.000000000000000000 ) ) ;
#1683 = CARTESIAN_POINT ( 'NONE',  ( 0.8674418677376060094, -0.7249999999999999778, -0.9200000000000000400 ) ) ;
#1684 = EDGE_CURVE ( 'NONE', #1464, #1342, #1498, .T. ) ;
#1685 = EDGE_CURVE ( 'NONE', #647, #1663, #547, .T. ) ;
#1686 = CARTESIAN_POINT ( 'NONE',  ( 0.9674418677376059872, -0.7249999999999999778, 1.149128784747792009 ) ) ;
#1687 = ORIENTED_EDGE ( 'NONE', *, *, #691, .T. ) ;
#1688 = DIRECTION ( 'NONE',  ( 1.000000000000000000, 0.000000000000000000, 0.000000000000000000 ) ) ;
#1689 = VECTOR ( 'NONE', #1011, 1000.000000000000000 ) ;
#1690 = LINE ( 'NONE', #756, #1806 ) ;
#1691 = SURFACE_SIDE_STYLE ('',( #761 ) ) ;
#1692 =( LENGTH_UNIT ( ) NAMED_UNIT ( * ) SI_UNIT ( .MILLI., .METRE. ) );
#1693 = CIRCLE ( 'NONE', #507, 0.2500000000000000000 ) ;
#1694 = VECTOR ( 'NONE', #1091, 1000.000000000000000 ) ;
#1695 = STYLED_ITEM ( 'NONE', ( #465 ), #950 ) ;
#1696 = ORIENTED_EDGE ( 'NONE', *, *, #992, .T. ) ;
#1697 = CARTESIAN_POINT ( 'NONE',  ( -1.168092323903662910, -0.7249999999999999778, -1.000000000000000000 ) ) ;
#1698 = LINE ( 'NONE', #1989, #97 ) ;
#1699 = PRESENTATION_STYLE_ASSIGNMENT (( #968 ) ) ;
#1700 = EDGE_LOOP ( 'NONE', ( #642, #995, #1178, #562 ) ) ;
#1701 = CYLINDRICAL_SURFACE ( 'NONE', #2297, 0.2500000000000000000 ) ;
#1702 = DIRECTION ( 'NONE',  ( 0.000000000000000000, 0.000000000000000000, -1.000000000000000000 ) ) ;
#1703 = VECTOR ( 'NONE', #1169, 1000.000000000000000 ) ;
#1704 = CLOSED_SHELL ( 'NONE', ( #1849, #906, #346, #730, #1659, #1292, #1118, #2202, #1863, #1850, #2020, #10, #2384, #784, #1798, #157, #1813, #21, #950, #2221, #1668, #1481, #332, #148, #752, #1283, #2231, #1107, #1630, #1681, #770, #2204 ) ) ;
#1705 = SURFACE_STYLE_FILL_AREA ( #776 ) ;
#1706 = FILL_AREA_STYLE_COLOUR ( '', #147 ) ;
#1707 = PLANE ( 'NONE',  #2367 ) ;
#1708 = FILL_AREA_STYLE ('',( #908 ) ) ;
#1709 = UNCERTAINTY_MEASURE_WITH_UNIT (LENGTH_MEASURE( 1.000000000000000082E-05 ), #1217, 'distance_accuracy_value', 'NONE');
#1710 = SURFACE_SIDE_STYLE ('',( #1728 ) ) ;
#1711 = VERTEX_POINT ( 'NONE', #2281 ) ;
#1712 = VERTEX_POINT ( 'NONE', #1735 ) ;
#1713 = CARTESIAN_POINT ( 'NONE',  ( -0.8674418677376060094, -0.7249999999999999778, 0.9200000000000000400 ) ) ;
#1714 = DIRECTION ( 'NONE',  ( 0.000000000000000000, 0.000000000000000000, 1.000000000000000000 ) ) ;
#1715 = VECTOR ( 'NONE', #109, 1000.000000000000000 ) ;
#1716 = LINE ( 'NONE', #2379, #43 ) ;
#1717 = LINE ( 'NONE', #2141, #1174 ) ;
#1718 = FILL_AREA_STYLE ('',( #656 ) ) ;
#1719 = DIRECTION ( 'NONE',  ( -0.000000000000000000, 1.000000000000000000, -0.000000000000000000 ) ) ;
#1720 = AXIS2_PLACEMENT_3D ( 'NONE', #1293, #1682, #193 ) ;
#1721 = EDGE_LOOP ( 'NONE', ( #60, #451, #914, #573, #368, #2213, #1007, #1777, #72, #1861, #1296, #302 ) ) ;
#1722 = FILL_AREA_STYLE_COLOUR ( '', #1678 ) ;
#1723 = STYLED_ITEM ( 'NONE', ( #1699 ), #157 ) ;
#1724 = ORIENTED_EDGE ( 'NONE', *, *, #1791, .T. ) ;
#1725 = ORIENTED_EDGE ( 'NONE', *, *, #1514, .T. ) ;
#1726 = EDGE_CURVE ( 'NONE', #15, #1797, #1865, .T. ) ;
#1727 = COLOUR_RGB ( '',0.2000000000000000111, 0.2000000000000000111, 0.2000000000000000111 ) ;
#1728 = SURFACE_STYLE_FILL_AREA ( #1883 ) ;
#1729 = CARTESIAN_POINT ( 'NONE',  ( -1.168092323903662910, -0.7750000000000000222, -1.000000000000000000 ) ) ;
#1730 = COLOUR_RGB ( '',0.2000000000000000111, 0.2000000000000000111, 0.2000000000000000111 ) ;
#1731 = AXIS2_PLACEMENT_3D ( 'NONE', #1915, #2087, #48 ) ;
#1732 = SURFACE_SIDE_STYLE ('',( #2128 ) ) ;
#1733 =( NAMED_UNIT ( * ) SI_UNIT ( $, .STERADIAN. ) SOLID_ANGLE_UNIT ( ) );
#1734 = CARTESIAN_POINT ( 'NONE',  ( -1.250000000000000000, -0.1250000000000000000, 1.000000000000000000 ) ) ;
#1735 = CARTESIAN_POINT ( 'NONE',  ( -0.7667914115715491752, -0.7249999999999999778, 1.000000000000000000 ) ) ;
#1736 = ORIENTED_EDGE ( 'NONE', *, *, #1855, .T. ) ;
#1737 = FILL_AREA_STYLE_COLOUR ( '', #1104 ) ;
#1738 = AXIS2_PLACEMENT_3D ( 'NONE', #725, #537, #2178 ) ;
#1739 = SURFACE_STYLE_USAGE ( .BOTH. , #277 ) ;
#1740 = EDGE_LOOP ( 'NONE', ( #622, #2264, #2269, #928 ) ) ;
#1741 = EDGE_CURVE ( 'NONE', #1440, #1663, #2234, .T. ) ;
#1742 = VECTOR ( 'NONE', #81, 1000.000000000000000 ) ;
#1743 = PRESENTATION_LAYER_ASSIGNMENT (  '', '', ( #1372 ) ) ;
#1744 = LINE ( 'NONE', #1676, #18 ) ;
#1745 = LINE ( 'NONE', #1648, #1264 ) ;
#1746 = ORIENTED_EDGE ( 'NONE', *, *, #1886, .F. ) ;
#1747 = LINE ( 'NONE', #1452, #74 ) ;
#1748 = CARTESIAN_POINT ( 'NONE',  ( -1.250000000000000000, 0.1250000000000000000, -1.000000000000000000 ) ) ;
#1749 = ORIENTED_EDGE ( 'NONE', *, *, #650, .F. ) ;
#1750 = ORIENTED_EDGE ( 'NONE', *, *, #951, .F. ) ;
#1751 = CIRCLE ( 'NONE', #425, 0.2500000000000000000 ) ;
#1752 = ORIENTED_EDGE ( 'NONE', *, *, #1154, .F. ) ;
#1753 = CARTESIAN_POINT ( 'NONE',  ( -0.9674418677376059872, -0.7750000000000000222, -1.149128784747792009 ) ) ;
#1754 = AXIS2_PLACEMENT_3D ( 'NONE', #2079, #34, #974 ) ;
#1755 = LINE ( 'NONE', #939, #1139 ) ;
#1756 = FILL_AREA_STYLE ('',( #313 ) ) ;
#1757 = CARTESIAN_POINT ( 'NONE',  ( 0.8674418677376060094, -0.7249999999999999778, -0.9200000000000000400 ) ) ;
#1758 = DIRECTION ( 'NONE',  ( 1.000000000000000000, 0.000000000000000000, 0.000000000000000000 ) ) ;
#1759 = EDGE_CURVE ( 'NONE', #800, #2084, #2375, .T. ) ;
#1760 = DIRECTION ( 'NONE',  ( 0.000000000000000000, 0.000000000000000000, -1.000000000000000000 ) ) ;
#1761 = DIRECTION ( 'NONE',  ( -0.000000000000000000, 0.000000000000000000, -1.000000000000000000 ) ) ;
#1762 = ORIENTED_EDGE ( 'NONE', *, *, #2248, .T. ) ;
#1763 = ORIENTED_EDGE ( 'NONE', *, *, #910, .T. ) ;
#1764 = DIRECTION ( 'NONE',  ( 0.000000000000000000, 0.000000000000000000, -1.000000000000000000 ) ) ;
#1765 = AXIS2_PLACEMENT_3D ( 'NONE', #1869, #568, #411 ) ;
#1766 = DIRECTION ( 'NONE',  ( 0.000000000000000000, 0.000000000000000000, 1.000000000000000000 ) ) ;
#1767 = ORIENTED_EDGE ( 'NONE', *, *, #252, .F. ) ;
#1768 = EDGE_CURVE ( 'NONE', #1644, #1784, #2308, .T. ) ;
#1769 = PLANE ( 'NONE',  #917 ) ;
#1770 = CARTESIAN_POINT ( 'NONE',  ( -0.8674418677376060094, -0.7750000000000000222, 0.9200000000000000400 ) ) ;
#1771 = FACE_OUTER_BOUND ( 'NONE', #608, .T. ) ;
#1772 = AXIS2_PLACEMENT_3D ( 'NONE', #144, #524, #1795 ) ;
#1773 = SURFACE_STYLE_FILL_AREA ( #1430 ) ;
#1774 = DIRECTION ( 'NONE',  ( 1.000000000000000000, 0.000000000000000000, 0.000000000000000000 ) ) ;
#1775 =( NAMED_UNIT ( * ) SI_UNIT ( $, .STERADIAN. ) SOLID_ANGLE_UNIT ( ) );
#1776 = CIRCLE ( 'NONE', #1772, 0.2500000000000000000 ) ;
#1777 = ORIENTED_EDGE ( 'NONE', *, *, #1759, .T. ) ;
#1778 = SURFACE_STYLE_FILL_AREA ( #1207 ) ;
#1779 = ORIENTED_EDGE ( 'NONE', *, *, #1143, .T. ) ;
#1780 =( NAMED_UNIT ( * ) PLANE_ANGLE_UNIT ( ) SI_UNIT ( $, .RADIAN. ) );
#1781 = DIRECTION ( 'NONE',  ( 0.000000000000000000, 0.3363363969981530976, 0.9417419115948385544 ) ) ;
#1782 = COLOUR_RGB ( '',0.2000000000000000111, 0.2000000000000000111, 0.2000000000000000111 ) ;
#1783 = CYLINDRICAL_SURFACE ( 'NONE', #1923, 0.2500000000000000000 ) ;
#1784 = VERTEX_POINT ( 'NONE', #2198 ) ;
#1785 = DIRECTION ( 'NONE',  ( 0.000000000000000000, 0.3363363969981530976, -0.9417419115948385544 ) ) ;
#1786 = ORIENTED_EDGE ( 'NONE', *, *, #1338, .F. ) ;
#1787 = CARTESIAN_POINT ( 'NONE',  ( -0.8674418677376060094, -0.7249999999999999778, 0.9200000000000000400 ) ) ;
#1788 = SURFACE_SIDE_STYLE ('',( #1675 ) ) ;
#1789 = ORIENTED_EDGE ( 'NONE', *, *, #980, .F. ) ;
#1790 = FACE_BOUND ( 'NONE', #260, .T. ) ;
#1791 = EDGE_CURVE ( 'NONE', #2239, #1818, #2345, .T. ) ;
#1792 = PLANE ( 'NONE',  #1210 ) ;
#1793 = MECHANICAL_DESIGN_GEOMETRIC_PRESENTATION_REPRESENTATION (  '', ( #783 ), #892 ) ;
#1794 = CARTESIAN_POINT ( 'NONE',  ( -1.250000000000000000, -0.7249999999999999778, -1.000000000000000000 ) ) ;
#1795 = DIRECTION ( 'NONE',  ( 0.000000000000000000, 0.000000000000000000, -1.000000000000000000 ) ) ;
#1796 = CARTESIAN_POINT ( 'NONE',  ( 0.000000000000000000, -0.7249999999999999778, 0.9200000000000000400 ) ) ;
#1797 = VERTEX_POINT ( 'NONE', #87 ) ;
#1798 = ADVANCED_FACE ( 'NONE', ( #1525 ), #1066, .F. ) ;
#1799 = VERTEX_POINT ( 'NONE', #1465 ) ;
#1800 =( NAMED_UNIT ( * ) PLANE_ANGLE_UNIT ( ) SI_UNIT ( $, .RADIAN. ) );
#1801 = CARTESIAN_POINT ( 'NONE',  ( 0.8674418677376060094, -0.7750000000000000222, -0.9200000000000000400 ) ) ;
#1802 = CARTESIAN_POINT ( 'NONE',  ( 1.250000000000000000, -0.7750000000000000222, 1.000000000000000000 ) ) ;
#1803 = CARTESIAN_POINT ( 'NONE',  ( 1.168092323903662910, -0.7249999999999999778, -1.000000000000000000 ) ) ;
#1804 = CARTESIAN_POINT ( 'NONE',  ( 1.067441867737605854, -0.4749999999999999778, 0.9200000000000000400 ) ) ;
#1805 = AXIS2_PLACEMENT_3D ( 'NONE', #1871, #239, #603 ) ;
#1806 = VECTOR ( 'NONE', #583, 1000.000000000000000 ) ;
#1807 = EDGE_CURVE ( 'NONE', #1841, #1241, #1834, .T. ) ;
#1808 = CARTESIAN_POINT ( 'NONE',  ( 1.250000000000000000, -0.7249999999999999778, 1.000000000000000000 ) ) ;
#1809 = DIRECTION ( 'NONE',  ( -0.000000000000000000, 1.000000000000000000, -0.000000000000000000 ) ) ;
#1810 = DIRECTION ( 'NONE',  ( 1.000000000000000000, -0.000000000000000000, 5.421010862427526114E-16 ) ) ;
#1811 = CARTESIAN_POINT ( 'NONE',  ( 1.175000000000000044, -0.1250000000000000000, 0.9200000000000000400 ) ) ;
#1812 = ORIENTED_EDGE ( 'NONE', *, *, #827, .T. ) ;
#1813 = ADVANCED_FACE ( 'NONE', ( #790 ), #127, .F. ) ;
#1814 = VERTEX_POINT ( 'NONE', #1770 ) ;
#1815 = ORIENTED_EDGE ( 'NONE', *, *, #472, .F. ) ;
#1816 = CIRCLE ( 'NONE', #1884, 0.2500000000000000000 ) ;
#1817 = FACE_OUTER_BOUND ( 'NONE', #1406, .T. ) ;
#1818 = VERTEX_POINT ( 'NONE', #681 ) ;
#1819 = AXIS2_PLACEMENT_3D ( 'NONE', #1267, #358, #145 ) ;
#1820 = COLOUR_RGB ( '',0.2000000000000000111, 0.2000000000000000111, 0.2000000000000000111 ) ;
#1821 = DIRECTION ( 'NONE',  ( 1.000000000000000000, 0.000000000000000000, 0.000000000000000000 ) ) ;
#1822 = DIRECTION ( 'NONE',  ( 0.000000000000000000, 0.000000000000000000, 1.000000000000000000 ) ) ;
#1823 = CARTESIAN_POINT ( 'NONE',  ( 0.000000000000000000, -0.7750000000000000222, 1.000000000000000000 ) ) ;
#1824 = EDGE_CURVE ( 'NONE', #2084, #658, #2176, .T. ) ;
#1825 = ADVANCED_FACE ( 'NONE', ( #1980 ), #1431, .F. ) ;
#1826 = PRESENTATION_LAYER_ASSIGNMENT (  '', '', ( #1903 ) ) ;
#1827 = CARTESIAN_POINT ( 'NONE',  ( 0.7667914115715491752, -0.7750000000000000222, -1.000000000000000000 ) ) ;
#1828 = DIRECTION ( 'NONE',  ( 1.000000000000000000, 0.000000000000000000, 0.000000000000000000 ) ) ;
#1829 = ORIENTED_EDGE ( 'NONE', *, *, #1657, .T. ) ;
#1830 = DIRECTION ( 'NONE',  ( -0.000000000000000000, 1.000000000000000000, -0.000000000000000000 ) ) ;
#1831 =( NAMED_UNIT ( * ) SI_UNIT ( $, .STERADIAN. ) SOLID_ANGLE_UNIT ( ) );
#1832 = ORIENTED_EDGE ( 'NONE', *, *, #1059, .T. ) ;
#1833 = CARTESIAN_POINT ( 'NONE',  ( 0.8674418677376060094, -0.7249999999999999778, 0.9200000000000000400 ) ) ;
#1834 = CIRCLE ( 'NONE', #1330, 0.2500000000000000000 ) ;
#1835 = DIRECTION ( 'NONE',  ( 0.000000000000000000, 0.000000000000000000, 1.000000000000000000 ) ) ;
#1836 = COLOUR_RGB ( '',0.2000000000000000111, 0.2000000000000000111, 0.2000000000000000111 ) ;
#1837 = ADVANCED_FACE ( 'NONE', ( #2035 ), #668, .F. ) ;
#1838 = DIRECTION ( 'NONE',  ( -0.000000000000000000, 0.000000000000000000, -1.000000000000000000 ) ) ;
#1839 = DIRECTION ( 'NONE',  ( -0.000000000000000000, 1.000000000000000000, 0.000000000000000000 ) ) ;
#1840 = LINE ( 'NONE', #958, #318 ) ;
#1841 = VERTEX_POINT ( 'NONE', #1613 ) ;
#1842 = DIRECTION ( 'NONE',  ( -0.000000000000000000, 1.000000000000000000, -0.000000000000000000 ) ) ;
#1843 = CARTESIAN_POINT ( 'NONE',  ( -1.067441867737605854, -0.7249999999999999778, -0.9200000000000000400 ) ) ;
#1844 = ORIENTED_EDGE ( 'NONE', *, *, #733, .T. ) ;
#1845 = VECTOR ( 'NONE', #1933, 1000.000000000000000 ) ;
#1846 = FILL_AREA_STYLE_COLOUR ( '', #1727 ) ;
#1847 = EDGE_LOOP ( 'NONE', ( #700, #1973, #466, #1552 ) ) ;
#1848 = UNCERTAINTY_MEASURE_WITH_UNIT (LENGTH_MEASURE( 1.000000000000000082E-05 ), #1631, 'distance_accuracy_value', 'NONE');
#1849 = ADVANCED_FACE ( 'NONE', ( #274 ), #294, .F. ) ;
#1850 = ADVANCED_FACE ( 'NONE', ( #1607 ), #1792, .F. ) ;
#1851 = STYLED_ITEM ( 'NONE', ( #1105 ), #784 ) ;
#1852 = PLANE ( 'NONE',  #400 ) ;
#1853 = FILL_AREA_STYLE ('',( #1517 ) ) ;
#1854 = AXIS2_PLACEMENT_3D ( 'NONE', #2376, #548, #1828 ) ;
#1855 = EDGE_CURVE ( 'NONE', #1968, #1075, #484, .T. ) ;
#1856 = DIRECTION ( 'NONE',  ( 0.000000000000000000, 0.000000000000000000, -1.000000000000000000 ) ) ;
#1857 = ORIENTED_EDGE ( 'NONE', *, *, #134, .F. ) ;
#1858 = STYLED_ITEM ( 'NONE', ( #2115 ), #1681 ) ;
#1859 = DIRECTION ( 'NONE',  ( 0.000000000000000000, 0.000000000000000000, -1.000000000000000000 ) ) ;
#1860 = STYLED_ITEM ( 'NONE', ( #2218 ), #2231 ) ;
#1861 = ORIENTED_EDGE ( 'NONE', *, *, #624, .T. ) ;
#1862 = SURFACE_SIDE_STYLE ('',( #1326 ) ) ;
#1863 = ADVANCED_FACE ( 'NONE', ( #2090 ), #1601, .F. ) ;
#1864 = CARTESIAN_POINT ( 'NONE',  ( -0.7667914115715491752, -0.4749999999999999778, -1.000000000000000000 ) ) ;
#1865 = LINE ( 'NONE', #1000, #2114 ) ;
#1866 = VECTOR ( 'NONE', #577, 1000.000000000000000 ) ;
#1867 = SURFACE_SIDE_STYLE ('',( #834 ) ) ;
#1868 = VECTOR ( 'NONE', #708, 1000.000000000000000 ) ;
#1869 = CARTESIAN_POINT ( 'NONE',  ( -1.250000000000000000, 0.1250000000000000000, 1.000000000000000000 ) ) ;
#1870 = VERTEX_POINT ( 'NONE', #2311 ) ;
#1871 = CARTESIAN_POINT ( 'NONE',  ( -0.6299999999999998934, -0.7750000000000000222, 0.000000000000000000 ) ) ;
#1872 = AXIS2_PLACEMENT_3D ( 'NONE', #825, #2253, #243 ) ;
#1873 = LINE ( 'NONE', #210, #2208 ) ;
#1874 = ORIENTED_EDGE ( 'NONE', *, *, #1647, .F. ) ;
#1875 = ORIENTED_EDGE ( 'NONE', *, *, #2098, .F. ) ;
#1876 = EDGE_CURVE ( 'NONE', #2188, #2191, #1123, .T. ) ;
#1877 = PRESENTATION_LAYER_ASSIGNMENT (  '', '', ( #17 ) ) ;
#1878 = PRESENTATION_STYLE_ASSIGNMENT (( #765 ) ) ;
#1879 = COLOUR_RGB ( '',0.2000000000000000111, 0.2000000000000000111, 0.2000000000000000111 ) ;
#1880 = PLANE ( 'NONE',  #2113 ) ;
#1881 = ORIENTED_EDGE ( 'NONE', *, *, #280, .F. ) ;
#1882 = PRESENTATION_STYLE_ASSIGNMENT (( #927 ) ) ;
#1883 = FILL_AREA_STYLE ('',( #1722 ) ) ;
#1884 = AXIS2_PLACEMENT_3D ( 'NONE', #1093, #1809, #724 ) ;
#1885 = ORIENTED_EDGE ( 'NONE', *, *, #2098, .T. ) ;
#1886 = EDGE_CURVE ( 'NONE', #363, #959, #2203, .T. ) ;
#1887 = ORIENTED_EDGE ( 'NONE', *, *, #650, .T. ) ;
#1888 = SURFACE_STYLE_USAGE ( .BOTH. , #1710 ) ;
#1889 = UNCERTAINTY_MEASURE_WITH_UNIT (LENGTH_MEASURE( 1.000000000000000082E-05 ), #1427, 'distance_accuracy_value', 'NONE');
#1890 = CARTESIAN_POINT ( 'NONE',  ( -0.9674418677376059872, -0.7750000000000000222, 1.149128784747792009 ) ) ;
#1891 = CARTESIAN_POINT ( 'NONE',  ( 0.000000000000000000, -0.7750000000000000222, -1.000000000000000000 ) ) ;
#1892 = PLANE ( 'NONE',  #182 ) ;
#1893 = AXIS2_PLACEMENT_3D ( 'NONE', #2130, #1056, #1605 ) ;
#1894 = VECTOR ( 'NONE', #2001, 1000.000000000000000 ) ;
#1895 = FILL_AREA_STYLE_COLOUR ( '', #2023 ) ;
#1896 = COLOUR_RGB ( '',0.2000000000000000111, 0.2000000000000000111, 0.2000000000000000111 ) ;
#1897 = ORIENTED_EDGE ( 'NONE', *, *, #806, .T. ) ;
#1898 = STYLED_ITEM ( 'NONE', ( #418 ), #10 ) ;
#1899 = DIRECTION ( 'NONE',  ( -0.000000000000000000, 1.000000000000000000, -0.000000000000000000 ) ) ;
#1900 = PRESENTATION_STYLE_ASSIGNMENT (( #1739 ) ) ;
#1901 = ORIENTED_EDGE ( 'NONE', *, *, #2251, .T. ) ;
#1902 = LINE ( 'NONE', #831, #2270 ) ;
#1903 = STYLED_ITEM ( 'NONE', ( #1339 ), #1630 ) ;
#1904 = EDGE_LOOP ( 'NONE', ( #1221, #2015, #2217, #1026, #1925, #1275, #462, #2104, #1186, #632, #1344, #206 ) ) ;
#1905 =( LENGTH_UNIT ( ) NAMED_UNIT ( * ) SI_UNIT ( .MILLI., .METRE. ) );
#1906 = CARTESIAN_POINT ( 'NONE',  ( -1.250000000000000000, -0.1250000000000000000, -1.000000000000000000 ) ) ;
#1907 = DIRECTION ( 'NONE',  ( -0.000000000000000000, 1.000000000000000000, 0.000000000000000000 ) ) ;
#1908 = DIRECTION ( 'NONE',  ( 0.000000000000000000, -0.000000000000000000, -1.000000000000000000 ) ) ;
#1909 = ORIENTED_EDGE ( 'NONE', *, *, #1477, .F. ) ;
#1910 = ORIENTED_EDGE ( 'NONE', *, *, #1192, .F. ) ;
#1911 = EDGE_CURVE ( 'NONE', #667, #436, #1716, .T. ) ;
#1912 = ORIENTED_EDGE ( 'NONE', *, *, #980, .T. ) ;
#1913 =( NAMED_UNIT ( * ) PLANE_ANGLE_UNIT ( ) SI_UNIT ( $, .RADIAN. ) );
#1914 = DIRECTION ( 'NONE',  ( -0.000000000000000000, 1.000000000000000000, -0.000000000000000000 ) ) ;
#1915 = CARTESIAN_POINT ( 'NONE',  ( -1.250000000000000000, -0.7249999999999999778, 1.000000000000000000 ) ) ;
#1916 = PRESENTATION_STYLE_ASSIGNMENT (( #2126 ) ) ;
#1917 = LINE ( 'NONE', #785, #1311 ) ;
#1918 = VECTOR ( 'NONE', #1810, 1000.000000000000000 ) ;
#1919 =( LENGTH_UNIT ( ) NAMED_UNIT ( * ) SI_UNIT ( .MILLI., .METRE. ) );
#1920 = ORIENTED_EDGE ( 'NONE', *, *, #428, .F. ) ;
#1921 = VECTOR ( 'NONE', #872, 1000.000000000000000 ) ;
#1922 = CARTESIAN_POINT ( 'NONE',  ( 0.000000000000000000, 0.000000000000000000, 0.000000000000000000 ) ) ;
#1923 = AXIS2_PLACEMENT_3D ( 'NONE', #1388, #2322, #1585 ) ;
#1924 = VECTOR ( 'NONE', #1022, 1000.000000000000000 ) ;
#1925 = ORIENTED_EDGE ( 'NONE', *, *, #1876, .F. ) ;
#1926 = VERTEX_POINT ( 'NONE', #327 ) ;
#1927 = VECTOR ( 'NONE', #2343, 1000.000000000000000 ) ;
#1928 = EDGE_CURVE ( 'NONE', #800, #262, #347, .T. ) ;
#1929 = UNCERTAINTY_MEASURE_WITH_UNIT (LENGTH_MEASURE( 1.000000000000000082E-05 ), #406, 'distance_accuracy_value', 'NONE');
#1930 = ORIENTED_EDGE ( 'NONE', *, *, #266, .T. ) ;
#1931 = VECTOR ( 'NONE', #453, 1000.000000000000000 ) ;
#1932 = CARTESIAN_POINT ( 'NONE',  ( -1.067441867737605854, -0.4749999999999999778, 0.9200000000000000400 ) ) ;
#1933 = DIRECTION ( 'NONE',  ( -0.000000000000000000, -1.000000000000000000, -0.000000000000000000 ) ) ;
#1934 = ORIENTED_EDGE ( 'NONE', *, *, #1029, .T. ) ;
#1935 = DIRECTION ( 'NONE',  ( 0.000000000000000000, 0.000000000000000000, -1.000000000000000000 ) ) ;
#1936 = AXIS2_PLACEMENT_3D ( 'NONE', #1629, #1435, #2179 ) ;
#1937 = PLANE ( 'NONE',  #1318 ) ;
#1938 = VERTEX_POINT ( 'NONE', #1288 ) ;
#1939 = CARTESIAN_POINT ( 'NONE',  ( 1.168092323903662910, -0.4749999999999999778, -1.000000000000000000 ) ) ;
#1940 = EDGE_CURVE ( 'NONE', #146, #2243, #1034, .T. ) ;
#1941 = VERTEX_POINT ( 'NONE', #1833 ) ;
#1942 = SURFACE_SIDE_STYLE ('',( #16 ) ) ;
#1943 =( GEOMETRIC_REPRESENTATION_CONTEXT ( 3 ) GLOBAL_UNCERTAINTY_ASSIGNED_CONTEXT ( ( #1889 ) ) GLOBAL_UNIT_ASSIGNED_CONTEXT ( ( #1427, #1800, #303 ) ) REPRESENTATION_CONTEXT ( 'NONE', 'WORKASPACE' ) );
#1944 = CARTESIAN_POINT ( 'NONE',  ( -1.050000000000000044, -0.4749999999999999778, 0.000000000000000000 ) ) ;
#1945 = PLANE ( 'NONE',  #80 ) ;
#1946 = AXIS2_PLACEMENT_3D ( 'NONE', #2331, #1220, #1420 ) ;
#1947 = FACE_OUTER_BOUND ( 'NONE', #651, .T. ) ;
#1948 = ORIENTED_EDGE ( 'NONE', *, *, #747, .F. ) ;
#1949 = SURFACE_STYLE_FILL_AREA ( #1954 ) ;
#1950 = SURFACE_SIDE_STYLE ('',( #94 ) ) ;
#1951 = SURFACE_SIDE_STYLE ('',( #1773 ) ) ;
#1952 = VECTOR ( 'NONE', #1350, 1000.000000000000000 ) ;
#1953 = DIRECTION ( 'NONE',  ( 0.000000000000000000, 0.000000000000000000, -1.000000000000000000 ) ) ;
#1954 = FILL_AREA_STYLE ('',( #278 ) ) ;
#1955 = FACE_OUTER_BOUND ( 'NONE', #809, .T. ) ;
#1956 = ORIENTED_EDGE ( 'NONE', *, *, #1741, .T. ) ;
#1957 = CIRCLE ( 'NONE', #36, 0.2500000000000000000 ) ;
#1958 = ORIENTED_EDGE ( 'NONE', *, *, #428, .T. ) ;
#1959 = LINE ( 'NONE', #2088, #1476 ) ;
#1960 = LINE ( 'NONE', #989, #445 ) ;
#1961 = DIRECTION ( 'NONE',  ( 0.000000000000000000, 0.000000000000000000, 1.000000000000000000 ) ) ;
#1962 = SURFACE_STYLE_USAGE ( .BOTH. , #1081 ) ;
#1963 = CARTESIAN_POINT ( 'NONE',  ( 0.000000000000000000, -0.4749999999999999778, 0.7949999999999999289 ) ) ;
#1964 = DIRECTION ( 'NONE',  ( 0.000000000000000000, 0.000000000000000000, 1.000000000000000000 ) ) ;
#1965 = DIRECTION ( 'NONE',  ( -0.000000000000000000, 1.000000000000000000, -0.000000000000000000 ) ) ;
#1966 = CARTESIAN_POINT ( 'NONE',  ( -0.7667914115715491752, -0.7249999999999999778, 1.000000000000000000 ) ) ;
#1967 = SURFACE_STYLE_USAGE ( .BOTH. , #1951 ) ;
#1968 = VERTEX_POINT ( 'NONE', #540 ) ;
#1969 = VERTEX_POINT ( 'NONE', #918 ) ;
#1970 = CARTESIAN_POINT ( 'NONE',  ( 0.7667914115715491752, -0.7249999999999999778, -1.000000000000000000 ) ) ;
#1971 = STYLED_ITEM ( 'NONE', ( #1878 ), #752 ) ;
#1972 = PLANE ( 'NONE',  #835 ) ;
#1973 = ORIENTED_EDGE ( 'NONE', *, *, #1108, .F. ) ;
#1974 = AXIS2_PLACEMENT_3D ( 'NONE', #1129, #2368, #1290 ) ;
#1975 = EDGE_CURVE ( 'NONE', #959, #1784, #1313, .T. ) ;
#1976 = EDGE_CURVE ( 'NONE', #673, #363, #815, .T. ) ;
#1977 = CARTESIAN_POINT ( 'NONE',  ( 1.250000000000000000, 0.1250000000000000000, 1.000000000000000000 ) ) ;
#1978 = CARTESIAN_POINT ( 'NONE',  ( -1.250000000000000000, -0.7249999999999999778, -1.000000000000000000 ) ) ;
#1979 = SURFACE_SIDE_STYLE ('',( #793 ) ) ;
#1980 = FACE_OUTER_BOUND ( 'NONE', #532, .T. ) ;
#1981 = CIRCLE ( 'NONE', #473, 0.2500000000000000000 ) ;
#1982 = DIRECTION ( 'NONE',  ( -1.000000000000000000, -0.000000000000000000, -0.000000000000000000 ) ) ;
#1983 = CARTESIAN_POINT ( 'NONE',  ( -1.250000000000000000, -0.7249999999999999778, -1.000000000000000000 ) ) ;
#1984 = FACE_OUTER_BOUND ( 'NONE', #967, .T. ) ;
#1985 = ADVANCED_FACE ( 'NONE', ( #1947 ), #2175, .F. ) ;
#1986 = VECTOR ( 'NONE', #2249, 1000.000000000000000 ) ;
#1987 = ORIENTED_EDGE ( 'NONE', *, *, #1253, .F. ) ;
#1988 = DIRECTION ( 'NONE',  ( 0.000000000000000000, 0.000000000000000000, 1.000000000000000000 ) ) ;
#1989 = CARTESIAN_POINT ( 'NONE',  ( 1.067441867737605854, -0.7249999999999999778, 0.9200000000000000400 ) ) ;
#1990 = ORIENTED_EDGE ( 'NONE', *, *, #2261, .F. ) ;
#1991 = DIRECTION ( 'NONE',  ( -0.000000000000000000, 0.000000000000000000, 1.000000000000000000 ) ) ;
#1992 = ORIENTED_EDGE ( 'NONE', *, *, #2371, .T. ) ;
#1993 = CARTESIAN_POINT ( 'NONE',  ( 1.250000000000000000, -0.7750000000000000222, 0.000000000000000000 ) ) ;
#1994 = CARTESIAN_POINT ( 'NONE',  ( 0.6300000000000000044, -0.7750000000000000222, -1.000000000000000000 ) ) ;
#1995 = ORIENTED_EDGE ( 'NONE', *, *, #849, .T. ) ;
#1996 = VECTOR ( 'NONE', #1386, 1000.000000000000000 ) ;
#1997 = ADVANCED_FACE ( 'NONE', ( #308 ), #1655, .T. ) ;
#1998 = MECHANICAL_DESIGN_GEOMETRIC_PRESENTATION_REPRESENTATION (  '', ( #1903 ), #1943 ) ;
#1999 =( LENGTH_UNIT ( ) NAMED_UNIT ( * ) SI_UNIT ( .MILLI., .METRE. ) );
#2000 = EDGE_CURVE ( 'NONE', #1075, #1382, #1202, .T. ) ;
#2001 = DIRECTION ( 'NONE',  ( 1.000000000000000000, 0.000000000000000000, 0.000000000000000000 ) ) ;
#2002 = CARTESIAN_POINT ( 'NONE',  ( 0.9674418677376059872, -0.7750000000000000222, 1.149128784747792009 ) ) ;
#2003 = ORIENTED_EDGE ( 'NONE', *, *, #1029, .F. ) ;
#2004 = CARTESIAN_POINT ( 'NONE',  ( 1.168092323903662910, -0.7249999999999999778, 1.000000000000000000 ) ) ;
#2005 = VERTEX_POINT ( 'NONE', #2166 ) ;
#2006 = STYLED_ITEM ( 'NONE', ( #591 ), #346 ) ;
#2007 = EDGE_CURVE ( 'NONE', #1650, #1582, #432, .T. ) ;
#2008 = COLOUR_RGB ( '',0.2000000000000000111, 0.2000000000000000111, 0.2000000000000000111 ) ;
#2009 = EDGE_CURVE ( 'NONE', #1592, #588, #1745, .T. ) ;
#2010 = CARTESIAN_POINT ( 'NONE',  ( 0.000000000000000000, -0.7750000000000000222, -1.000000000000000000 ) ) ;
#2011 = CARTESIAN_POINT ( 'NONE',  ( -0.7667914115715491752, -0.7249999999999999778, 1.000000000000000000 ) ) ;
#2012 = LINE ( 'NONE', #73, #1952 ) ;
#2013 = LINE ( 'NONE', #1891, #351 ) ;
#2014 =( NAMED_UNIT ( * ) PLANE_ANGLE_UNIT ( ) SI_UNIT ( $, .RADIAN. ) );
#2015 = ORIENTED_EDGE ( 'NONE', *, *, #758, .F. ) ;
#2016 = CARTESIAN_POINT ( 'NONE',  ( 0.9674418677376059872, -0.4749999999999999778, 1.149128784747792009 ) ) ;
#2017 = FACE_OUTER_BOUND ( 'NONE', #762, .T. ) ;
#2018 = ORIENTED_EDGE ( 'NONE', *, *, #1043, .F. ) ;
#2019 = FACE_OUTER_BOUND ( 'NONE', #1156, .T. ) ;
#2020 = ADVANCED_FACE ( 'NONE', ( #276 ), #1478, .F. ) ;
#2021 = AXIS2_PLACEMENT_3D ( 'NONE', #2349, #1625, #2317 ) ;
#2022 = DIRECTION ( 'NONE',  ( -0.000000000000000000, -0.000000000000000000, 1.000000000000000000 ) ) ;
#2023 = COLOUR_RGB ( '',0.2000000000000000111, 0.2000000000000000111, 0.2000000000000000111 ) ;
#2024 = CARTESIAN_POINT ( 'NONE',  ( 0.6300000000000000044, -0.7249999999999999778, -1.000000000000000000 ) ) ;
#2025 = EDGE_CURVE ( 'NONE', #528, #1968, #893, .T. ) ;
#2026 = CARTESIAN_POINT ( 'NONE',  ( -0.8674418677376061204, -0.7249999999999999778, -0.9200000000000000400 ) ) ;
#2027 = MECHANICAL_DESIGN_GEOMETRIC_PRESENTATION_REPRESENTATION (  '', ( #469 ), #1661 ) ;
#2028 = SURFACE_STYLE_USAGE ( .BOTH. , #214 ) ;
#2029 = CARTESIAN_POINT ( 'NONE',  ( -0.9674418677376059872, -0.4749999999999999778, 1.149128784747792009 ) ) ;
#2030 = ORIENTED_EDGE ( 'NONE', *, *, #1371, .T. ) ;
#2031 = DIRECTION ( 'NONE',  ( 0.000000000000000000, 0.000000000000000000, -1.000000000000000000 ) ) ;
#2032 = ORIENTED_EDGE ( 'NONE', *, *, #2007, .F. ) ;
#2033 = DIRECTION ( 'NONE',  ( 1.000000000000000000, 0.000000000000000000, 0.000000000000000000 ) ) ;
#2034 = CARTESIAN_POINT ( 'NONE',  ( -0.9674418677376059872, -0.7249999999999999778, 1.149128784747792009 ) ) ;
#2035 = FACE_OUTER_BOUND ( 'NONE', #513, .T. ) ;
#2036 = EDGE_CURVE ( 'NONE', #459, #1587, #2284, .T. ) ;
#2037 = DIRECTION ( 'NONE',  ( 1.000000000000000000, -0.000000000000000000, 5.421010862427526114E-16 ) ) ;
#2038 = STYLED_ITEM ( 'NONE', ( #2312 ), #1850 ) ;
#2039 = VECTOR ( 'NONE', #696, 1000.000000000000000 ) ;
#2040 = LINE ( 'NONE', #222, #71 ) ;
#2041 = ORIENTED_EDGE ( 'NONE', *, *, #870, .T. ) ;
#2042 = DIRECTION ( 'NONE',  ( -0.000000000000000000, 1.000000000000000000, -0.000000000000000000 ) ) ;
#2043 = LINE ( 'NONE', #722, #1317 ) ;
#2044 = ORIENTED_EDGE ( 'NONE', *, *, #806, .F. ) ;
#2045 = VERTEX_POINT ( 'NONE', #567 ) ;
#2046 = DIRECTION ( 'NONE',  ( 1.000000000000000000, 0.000000000000000000, 0.000000000000000000 ) ) ;
#2047 =( NAMED_UNIT ( * ) PLANE_ANGLE_UNIT ( ) SI_UNIT ( $, .RADIAN. ) );
#2048 = FACE_OUTER_BOUND ( 'NONE', #1090, .T. ) ;
#2049 = VECTOR ( 'NONE', #1397, 1000.000000000000000 ) ;
#2050 = SURFACE_STYLE_FILL_AREA ( #1853 ) ;
#2051 = DIRECTION ( 'NONE',  ( 0.000000000000000000, 0.000000000000000000, -1.000000000000000000 ) ) ;
#2052 = PLANE ( 'NONE',  #1765 ) ;
#2053 = PRESENTATION_LAYER_ASSIGNMENT (  '', '', ( #236 ) ) ;
#2054 = EDGE_CURVE ( 'NONE', #823, #61, #1981, .T. ) ;
#2055 = CARTESIAN_POINT ( 'NONE',  ( -0.8674418677376061204, -0.7750000000000000222, -0.9200000000000000400 ) ) ;
#2056 = CARTESIAN_POINT ( 'NONE',  ( 0.000000000000000000, -0.7750000000000000222, 1.000000000000000000 ) ) ;
#2057 =( LENGTH_UNIT ( ) NAMED_UNIT ( * ) SI_UNIT ( .MILLI., .METRE. ) );
#2058 = ORIENTED_EDGE ( 'NONE', *, *, #680, .F. ) ;
#2059 = DIRECTION ( 'NONE',  ( 0.000000000000000000, 0.000000000000000000, 1.000000000000000000 ) ) ;
#2060 = DIRECTION ( 'NONE',  ( 1.000000000000000000, 0.000000000000000000, 0.000000000000000000 ) ) ;
#2061 = MECHANICAL_DESIGN_GEOMETRIC_PRESENTATION_REPRESENTATION (  '', ( #630 ), #201 ) ;
#2062 = EDGE_LOOP ( 'NONE', ( #58, #1268, #4, #1014 ) ) ;
#2063 = ADVANCED_FACE ( 'NONE', ( #2235 ), #1852, .F. ) ;
#2064 = PLANE ( 'NONE',  #2265 ) ;
#2065 = UNCERTAINTY_MEASURE_WITH_UNIT (LENGTH_MEASURE( 1.000000000000000082E-05 ), #2348, 'distance_accuracy_value', 'NONE');
#2066 = VECTOR ( 'NONE', #2022, 1000.000000000000000 ) ;
#2067 = EDGE_CURVE ( 'NONE', #673, #1870, #275, .T. ) ;
#2068 = VERTEX_POINT ( 'NONE', #410 ) ;
#2069 = LINE ( 'NONE', #1260, #488 ) ;
#2070 = ORIENTED_EDGE ( 'NONE', *, *, #539, .T. ) ;
#2071 =( GEOMETRIC_REPRESENTATION_CONTEXT ( 3 ) GLOBAL_UNCERTAINTY_ASSIGNED_CONTEXT ( ( #1032 ) ) GLOBAL_UNIT_ASSIGNED_CONTEXT ( ( #1533, #2047, #975 ) ) REPRESENTATION_CONTEXT ( 'NONE', 'WORKASPACE' ) );
#2072 = COLOUR_RGB ( '',0.2000000000000000111, 0.2000000000000000111, 0.2000000000000000111 ) ;
#2073 = ORIENTED_EDGE ( 'NONE', *, *, #2171, .F. ) ;
#2074 = STYLED_ITEM ( 'NONE', ( #550 ), #1863 ) ;
#2075 = FACE_OUTER_BOUND ( 'NONE', #1672, .T. ) ;
#2076 = ORIENTED_EDGE ( 'NONE', *, *, #103, .F. ) ;
#2077 = LINE ( 'NONE', #1939, #1931 ) ;
#2078 = VECTOR ( 'NONE', #653, 1000.000000000000000 ) ;
#2079 = CARTESIAN_POINT ( 'NONE',  ( -0.7667914115715491752, -0.7249999999999999778, 1.000000000000000000 ) ) ;
#2080 = DIRECTION ( 'NONE',  ( -1.000000000000000000, 0.000000000000000000, 0.000000000000000000 ) ) ;
#2081 =( NAMED_UNIT ( * ) SI_UNIT ( $, .STERADIAN. ) SOLID_ANGLE_UNIT ( ) );
#2082 = CARTESIAN_POINT ( 'NONE',  ( -1.050000000000000044, -0.4749999999999999778, -0.7949999999999999289 ) ) ;
#2083 = CARTESIAN_POINT ( 'NONE',  ( 1.250000000000000000, -0.1250000000000000000, 1.000000000000000000 ) ) ;
#2084 = VERTEX_POINT ( 'NONE', #2226 ) ;
#2085 = VERTEX_POINT ( 'NONE', #1683 ) ;
#2086 = SURFACE_SIDE_STYLE ('',( #1623 ) ) ;
#2087 = DIRECTION ( 'NONE',  ( 1.000000000000000000, 0.000000000000000000, 0.000000000000000000 ) ) ;
#2088 = CARTESIAN_POINT ( 'NONE',  ( -1.250000000000000000, 0.1250000000000000000, 1.000000000000000000 ) ) ;
#2089 = PRESENTATION_STYLE_ASSIGNMENT (( #2258 ) ) ;
#2090 = FACE_OUTER_BOUND ( 'NONE', #1057, .T. ) ;
#2091 = AXIS2_PLACEMENT_3D ( 'NONE', #1384, #279, #1580 ) ;
#2092 = LINE ( 'NONE', #1233, #46 ) ;
#2093 = SURFACE_STYLE_USAGE ( .BOTH. , #2086 ) ;
#2094 = MECHANICAL_DESIGN_GEOMETRIC_PRESENTATION_REPRESENTATION (  '', ( #236 ), #1150 ) ;
#2095 = FACE_OUTER_BOUND ( 'NONE', #1620, .T. ) ;
#2096 = EDGE_CURVE ( 'NONE', #1926, #2188, #1262, .T. ) ;
#2097 = ORIENTED_EDGE ( 'NONE', *, *, #177, .T. ) ;
#2098 = EDGE_CURVE ( 'NONE', #2085, #1182, #128, .T. ) ;
#2099 = LINE ( 'NONE', #470, #1703 ) ;
#2100 = CARTESIAN_POINT ( 'NONE',  ( -0.8674418677376060094, -0.7249999999999999778, -0.9200000000000000400 ) ) ;
#2101 = ORIENTED_EDGE ( 'NONE', *, *, #1309, .T. ) ;
#2102 = ORIENTED_EDGE ( 'NONE', *, *, #1258, .T. ) ;
#2103 =( GEOMETRIC_REPRESENTATION_CONTEXT ( 3 ) GLOBAL_UNCERTAINTY_ASSIGNED_CONTEXT ( ( #165 ) ) GLOBAL_UNIT_ASSIGNED_CONTEXT ( ( #2299, #1004, #1376 ) ) REPRESENTATION_CONTEXT ( 'NONE', 'WORKASPACE' ) );
#2104 = ORIENTED_EDGE ( 'NONE', *, *, #1008, .F. ) ;
#2105 = FACE_OUTER_BOUND ( 'NONE', #479, .T. ) ;
#2106 = CARTESIAN_POINT ( 'NONE',  ( 4.987329993433326313E-16, -0.7750000000000000222, -0.9200000000000004841 ) ) ;
#2107 = LINE ( 'NONE', #154, #415 ) ;
#2108 = UNCERTAINTY_MEASURE_WITH_UNIT (LENGTH_MEASURE( 1.000000000000000082E-05 ), #186, 'distance_accuracy_value', 'NONE');
#2109 = DIRECTION ( 'NONE',  ( -0.000000000000000000, 1.000000000000000000, -0.000000000000000000 ) ) ;
#2110 = ORIENTED_EDGE ( 'NONE', *, *, #858, .F. ) ;
#2111 = STYLED_ITEM ( 'NONE', ( #1294 ), #1394 ) ;
#2112 = EDGE_CURVE ( 'NONE', #35, #514, #66, .T. ) ;
#2113 = AXIS2_PLACEMENT_3D ( 'NONE', #960, #33, #226 ) ;
#2114 = VECTOR ( 'NONE', #68, 1000.000000000000000 ) ;
#2115 = PRESENTATION_STYLE_ASSIGNMENT (( #251 ) ) ;
#2116 = CARTESIAN_POINT ( 'NONE',  ( -0.9674418677376059872, -0.4749999999999999778, -1.149128784747792009 ) ) ;
#2117 = CARTESIAN_POINT ( 'NONE',  ( -1.250000000000000000, 0.1250000000000000000, -1.000000000000000000 ) ) ;
#2118 = ORIENTED_EDGE ( 'NONE', *, *, #571, .T. ) ;
#2119 = LINE ( 'NONE', #2056, #1505 ) ;
#2120 = CARTESIAN_POINT ( 'NONE',  ( -0.6299999999999998934, -0.7249999999999999778, -1.000000000000000000 ) ) ;
#2121 = AXIS2_PLACEMENT_3D ( 'NONE', #1656, #160, #912 ) ;
#2122 = ORIENTED_EDGE ( 'NONE', *, *, #992, .F. ) ;
#2123 = EDGE_CURVE ( 'NONE', #337, #37, #1917, .T. ) ;
#2124 = LINE ( 'NONE', #848, #1381 ) ;
#2125 = LINE ( 'NONE', #517, #1472 ) ;
#2126 = SURFACE_STYLE_USAGE ( .BOTH. , #1942 ) ;
#2127 = ORIENTED_EDGE ( 'NONE', *, *, #1490, .T. ) ;
#2128 = SURFACE_STYLE_FILL_AREA ( #88 ) ;
#2129 = CARTESIAN_POINT ( 'NONE',  ( 1.250000000000000000, -0.7249999999999999778, -1.000000000000000000 ) ) ;
#2130 = CARTESIAN_POINT ( 'NONE',  ( -0.9674418677376059872, -0.7249999999999999778, 1.149128784747792009 ) ) ;
#2132 = EDGE_CURVE ( 'NONE', #409, #512, #1744, .T. ) ;
#2131 = VECTOR ( 'NONE', #2350, 1000.000000000000000 ) ;
#2133 = DIRECTION ( 'NONE',  ( -0.000000000000000000, 1.000000000000000000, -0.000000000000000000 ) ) ;
#2134 = CARTESIAN_POINT ( 'NONE',  ( -1.067441867737605854, -0.7249999999999999778, 0.9200000000000000400 ) ) ;
#2135 = DIRECTION ( 'NONE',  ( -0.000000000000000000, 1.000000000000000000, -0.000000000000000000 ) ) ;
#2136 = DIRECTION ( 'NONE',  ( -0.000000000000000000, 1.000000000000000000, -0.000000000000000000 ) ) ;
#2137 = ORIENTED_EDGE ( 'NONE', *, *, #2132, .F. ) ;
#2138 = ORIENTED_EDGE ( 'NONE', *, *, #398, .F. ) ;
#2139 = EDGE_CURVE ( 'NONE', #634, #62, #1690, .T. ) ;
#2140 = VERTEX_POINT ( 'NONE', #1136 ) ;
#2141 = CARTESIAN_POINT ( 'NONE',  ( -0.9692073170731719811, -0.7012195121951204646, 0.7142073170731719767 ) ) ;
#2142 =( NAMED_UNIT ( * ) PLANE_ANGLE_UNIT ( ) SI_UNIT ( $, .RADIAN. ) );
#2143 = CARTESIAN_POINT ( 'NONE',  ( 0.7667914115715491752, -0.7750000000000000222, -1.000000000000000000 ) ) ;
#2144 = DIRECTION ( 'NONE',  ( -0.000000000000000000, 1.000000000000000000, -0.000000000000000000 ) ) ;
#2145 = DIRECTION ( 'NONE',  ( 0.000000000000000000, 0.000000000000000000, 1.000000000000000000 ) ) ;
#2146 = VECTOR ( 'NONE', #911, 1000.000000000000000 ) ;
#2147 = FILL_AREA_STYLE ('',( #126 ) ) ;
#2148 = DIRECTION ( 'NONE',  ( -0.000000000000000000, 1.000000000000000000, -0.000000000000000000 ) ) ;
#2149 = ORIENTED_EDGE ( 'NONE', *, *, #1684, .T. ) ;
#2150 = VECTOR ( 'NONE', #1578, 1000.000000000000000 ) ;
#2151 = ORIENTED_EDGE ( 'NONE', *, *, #1224, .F. ) ;
#2152 = ORIENTED_EDGE ( 'NONE', *, *, #680, .T. ) ;
#2153 = DIRECTION ( 'NONE',  ( 0.000000000000000000, 0.000000000000000000, 1.000000000000000000 ) ) ;
#2155 = EDGE_CURVE ( 'NONE', #337, #557, #1367, .T. ) ;
#2154 = VECTOR ( 'NONE', #1133, 1000.000000000000000 ) ;
#2156 = ORIENTED_EDGE ( 'NONE', *, *, #733, .F. ) ;
#2157 = DIRECTION ( 'NONE',  ( -0.000000000000000000, -1.000000000000000000, -0.000000000000000000 ) ) ;
#2158 = VECTOR ( 'NONE', #1312, 1000.000000000000000 ) ;
#2159 =( GEOMETRIC_REPRESENTATION_CONTEXT ( 3 ) GLOBAL_UNCERTAINTY_ASSIGNED_CONTEXT ( ( #172 ) ) GLOBAL_UNIT_ASSIGNED_CONTEXT ( ( #1053, #693, #1046 ) ) REPRESENTATION_CONTEXT ( 'NONE', 'WORKASPACE' ) );
#2160 = DIRECTION ( 'NONE',  ( 0.000000000000000000, 0.000000000000000000, 1.000000000000000000 ) ) ;
#2161 = CARTESIAN_POINT ( 'NONE',  ( 0.7667914115715491752, -0.7249999999999999778, -1.000000000000000000 ) ) ;
#2162 = SURFACE_STYLE_USAGE ( .BOTH. , #338 ) ;
#2163 = SURFACE_SIDE_STYLE ('',( #1263 ) ) ;
#2164 = FILL_AREA_STYLE_COLOUR ( '', #1439 ) ;
#2165 = DIRECTION ( 'NONE',  ( 0.000000000000000000, 0.000000000000000000, 1.000000000000000000 ) ) ;
#2166 = CARTESIAN_POINT ( 'NONE',  ( -1.050000000000000044, -0.4749999999999999778, 0.7949999999999999289 ) ) ;
#2167 = DIRECTION ( 'NONE',  ( -0.000000000000000000, 0.000000000000000000, -1.000000000000000000 ) ) ;
#2168 = CARTESIAN_POINT ( 'NONE',  ( 0.000000000000000000, -0.7750000000000000222, -1.000000000000000000 ) ) ;
#2169 = VERTEX_POINT ( 'NONE', #1322 ) ;
#2170 = AXIS2_PLACEMENT_3D ( 'NONE', #63, #98, #1764 ) ;
#2171 = EDGE_CURVE ( 'NONE', #1182, #667, #1200, .T. ) ;
#2172 = EDGE_CURVE ( 'NONE', #1592, #459, #2346, .T. ) ;
#2173 = DIRECTION ( 'NONE',  ( -0.000000000000000000, 1.000000000000000000, -0.000000000000000000 ) ) ;
#2174 = VERTEX_POINT ( 'NONE', #1125 ) ;
#2175 = PLANE ( 'NONE',  #1674 ) ;
#2176 = LINE ( 'NONE', #117, #92 ) ;
#2177 = CARTESIAN_POINT ( 'NONE',  ( -1.250000000000000000, -0.4749999999999999778, -1.000000000000000000 ) ) ;
#2178 = DIRECTION ( 'NONE',  ( -1.000000000000000000, 0.000000000000000000, 0.000000000000000000 ) ) ;
#2179 = DIRECTION ( 'NONE',  ( 8.673617379884035472E-16, 0.000000000000000000, -1.000000000000000000 ) ) ;
#2180 = MANIFOLD_SOLID_BREP ( 'Boss-Extrude4[2]', #1168 ) ;
#2181 =( GEOMETRIC_REPRESENTATION_CONTEXT ( 3 ) GLOBAL_UNCERTAINTY_ASSIGNED_CONTEXT ( ( #1196 ) ) GLOBAL_UNIT_ASSIGNED_CONTEXT ( ( #234, #1526, #426 ) ) REPRESENTATION_CONTEXT ( 'NONE', 'WORKASPACE' ) );
#2182 = FACE_OUTER_BOUND ( 'NONE', #1018, .T. ) ;
#2183 = ORIENTED_EDGE ( 'NONE', *, *, #455, .T. ) ;
#2184 = ORIENTED_EDGE ( 'NONE', *, *, #2223, .T. ) ;
#2185 = ADVANCED_FACE ( 'NONE', ( #212 ), #1880, .T. ) ;
#2186 = FACE_OUTER_BOUND ( 'NONE', #246, .T. ) ;
#2187 = STYLED_ITEM ( 'NONE', ( #561 ), #1107 ) ;
#2188 = VERTEX_POINT ( 'NONE', #219 ) ;
#2189 = FILL_AREA_STYLE ('',( #890 ) ) ;
#2190 = CARTESIAN_POINT ( 'NONE',  ( 0.8674418677376060094, -0.7750000000000000222, -0.9200000000000000400 ) ) ;
#2191 = VERTEX_POINT ( 'NONE', #1697 ) ;
#2192 = SURFACE_SIDE_STYLE ('',( #1462 ) ) ;
#2193 = EDGE_CURVE ( 'NONE', #2174, #1926, #292, .T. ) ;
#2194 = SURFACE_SIDE_STYLE ('',( #444 ) ) ;
#2195 = PRESENTATION_LAYER_ASSIGNMENT (  '', '', ( #1243 ) ) ;
#2196 = DIRECTION ( 'NONE',  ( -0.000000000000000000, 1.000000000000000000, -0.000000000000000000 ) ) ;
#2197 = PRESENTATION_LAYER_ASSIGNMENT (  '', '', ( #2038 ) ) ;
#2198 = CARTESIAN_POINT ( 'NONE',  ( 1.168092323903662910, -0.4749999999999999778, 1.000000000000000000 ) ) ;
#2199 = ORIENTED_EDGE ( 'NONE', *, *, #1143, .F. ) ;
#2200 = ORIENTED_EDGE ( 'NONE', *, *, #443, .F. ) ;
#2201 = CYLINDRICAL_SURFACE ( 'NONE', #1369, 0.2500000000000000000 ) ;
#2202 = ADVANCED_FACE ( 'NONE', ( #2105 ), #614, .F. ) ;
#2203 = LINE ( 'NONE', #2004, #166 ) ;
#2204 = ADVANCED_FACE ( 'NONE', ( #1790, #1327 ), #2252, .T. ) ;
#2205 = CARTESIAN_POINT ( 'NONE',  ( 4.987329993433326313E-16, -0.7249999999999999778, -0.9200000000000004841 ) ) ;
#2206 = COLOUR_RGB ( '',0.6901960784313725394, 0.6117647058823529882, 0.5294117647058823595 ) ;
#2207 =( LENGTH_UNIT ( ) NAMED_UNIT ( * ) SI_UNIT ( .MILLI., .METRE. ) );
#2208 = VECTOR ( 'NONE', #382, 1000.000000000000000 ) ;
#2209 = ORIENTED_EDGE ( 'NONE', *, *, #55, .F. ) ;
#2210 = CARTESIAN_POINT ( 'NONE',  ( -1.250000000000000000, -0.7249999999999999778, 1.000000000000000000 ) ) ;
#2211 = LINE ( 'NONE', #1804, #233 ) ;
#2212 = LINE ( 'NONE', #271, #1924 ) ;
#2213 = ORIENTED_EDGE ( 'NONE', *, *, #114, .T. ) ;
#2214 = ORIENTED_EDGE ( 'NONE', *, *, #505, .F. ) ;
#2215 = AXIS2_PLACEMENT_3D ( 'NONE', #944, #2042, #1158 ) ;
#2216 = DIRECTION ( 'NONE',  ( 0.000000000000000000, 0.000000000000000000, -1.000000000000000000 ) ) ;
#2217 = ORIENTED_EDGE ( 'NONE', *, *, #2139, .F. ) ;
#2218 = PRESENTATION_STYLE_ASSIGNMENT (( #1360 ) ) ;
#2219 = CARTESIAN_POINT ( 'NONE',  ( 0.8674418677376060094, -0.7750000000000000222, 0.9200000000000000400 ) ) ;
#2220 = AXIS2_PLACEMENT_3D ( 'NONE', #1686, #244, #1702 ) ;
#2221 = ADVANCED_FACE ( 'NONE', ( #360 ), #2064, .F. ) ;
#2222 = PRODUCT ( 'LQH2HPN100MGRL', 'LQH2HPN100MGRL', '', ( #1058 ) ) ;
#2223 = EDGE_CURVE ( 'NONE', #1254, #1464, #54, .T. ) ;
#2224 = EDGE_CURVE ( 'NONE', #956, #953, #1960, .T. ) ;
#2225 = DIRECTION ( 'NONE',  ( 0.000000000000000000, 0.000000000000000000, -1.000000000000000000 ) ) ;
#2226 = CARTESIAN_POINT ( 'NONE',  ( 1.168092323903662910, -0.7750000000000000222, 1.000000000000000000 ) ) ;
#2227 = AXIS2_PLACEMENT_3D ( 'NONE', #458, #1366, #855 ) ;
#2228 = DIRECTION ( 'NONE',  ( -0.000000000000000000, 1.000000000000000000, -0.000000000000000000 ) ) ;
#2229 = ADVANCED_BREP_SHAPE_REPRESENTATION ( 'LQH2HPN100MGRL', ( #1583, #1394, #2180, #511 ), #637 ) ;
#2230 = ORIENTED_EDGE ( 'NONE', *, *, #940, .F. ) ;
#2231 = ADVANCED_FACE ( 'NONE', ( #938 ), #1019, .F. ) ;
#2232 = FILL_AREA_STYLE ('',( #394 ) ) ;
#2233 = DIRECTION ( 'NONE',  ( -0.000000000000000000, 1.000000000000000000, -0.000000000000000000 ) ) ;
#2234 = LINE ( 'NONE', #1194, #1742 ) ;
#2235 = FACE_OUTER_BOUND ( 'NONE', #1606, .T. ) ;
#2236 = FILL_AREA_STYLE_COLOUR ( '', #2072 ) ;
#2237 = AXIS2_PLACEMENT_3D ( 'NONE', #852, #1055, #1766 ) ;
#2238 = EDGE_CURVE ( 'NONE', #1076, #385, #677, .T. ) ;
#2239 = VERTEX_POINT ( 'NONE', #659 ) ;
#2240 = VECTOR ( 'NONE', #1419, 1000.000000000000000 ) ;
#2241 = SURFACE_STYLE_FILL_AREA ( #1152 ) ;
#2242 = ORIENTED_EDGE ( 'NONE', *, *, #2036, .T. ) ;
#2243 = VERTEX_POINT ( 'NONE', #1020 ) ;
#2244 = ADVANCED_FACE ( 'NONE', ( #2019 ), #2285, .F. ) ;
#2245 = SURFACE_STYLE_FILL_AREA ( #486 ) ;
#2246 = FILL_AREA_STYLE_COLOUR ( '', #616 ) ;
#2247 = AXIS2_PLACEMENT_3D ( 'NONE', #2034, #403, #188 ) ;
#2248 = EDGE_CURVE ( 'NONE', #514, #1870, #2077, .T. ) ;
#2249 = DIRECTION ( 'NONE',  ( -0.000000000000000000, 1.000000000000000000, -0.000000000000000000 ) ) ;
#2250 = FILL_AREA_STYLE_COLOUR ( '', #1896 ) ;
#2251 = EDGE_CURVE ( 'NONE', #76, #871, #623, .T. ) ;
#2252 = PLANE ( 'NONE',  #1636 ) ;
#2253 = DIRECTION ( 'NONE',  ( -0.000000000000000000, 0.000000000000000000, 1.000000000000000000 ) ) ;
#2254 = VERTEX_POINT ( 'NONE', #2120 ) ;
#2255 = ORIENTED_EDGE ( 'NONE', *, *, #827, .F. ) ;
#2256 = CARTESIAN_POINT ( 'NONE',  ( -1.250000000000000000, -0.1250000000000000000, -1.000000000000000000 ) ) ;
#2257 = AXIS2_PLACEMENT_3D ( 'NONE', #1600, #1781, #2330 ) ;
#2258 = SURFACE_STYLE_USAGE ( .BOTH. , #1354 ) ;
#2259 = COLOUR_RGB ( '',0.2000000000000000111, 0.2000000000000000111, 0.2000000000000000111 ) ;
#2260 = ORIENTED_EDGE ( 'NONE', *, *, #1610, .F. ) ;
#2261 = EDGE_CURVE ( 'NONE', #1711, #270, #78, .T. ) ;
#2262 = FACE_OUTER_BOUND ( 'NONE', #578, .T. ) ;
#2263 = SURFACE_STYLE_FILL_AREA ( #629 ) ;
#2264 = ORIENTED_EDGE ( 'NONE', *, *, #870, .F. ) ;
#2265 = AXIS2_PLACEMENT_3D ( 'NONE', #255, #996, #1538 ) ;
#2266 = VECTOR ( 'NONE', #2136, 1000.000000000000000 ) ;
#2267 = CIRCLE ( 'NONE', #2286, 0.2500000000000000000 ) ;
#2268 = ORIENTED_EDGE ( 'NONE', *, *, #1355, .F. ) ;
#2269 = ORIENTED_EDGE ( 'NONE', *, *, #1015, .F. ) ;
#2270 = VECTOR ( 'NONE', #1041, 1000.000000000000000 ) ;
#2271 = ORIENTED_EDGE ( 'NONE', *, *, #398, .T. ) ;
#2272 = DIRECTION ( 'NONE',  ( 0.000000000000000000, 0.000000000000000000, 1.000000000000000000 ) ) ;
#2273 = CARTESIAN_POINT ( 'NONE',  ( 0.9674418677376059872, -0.7249999999999999778, 1.149128784747792009 ) ) ;
#2274 = EDGE_CURVE ( 'NONE', #169, #667, #2321, .T. ) ;
#2275 =( LENGTH_UNIT ( ) NAMED_UNIT ( * ) SI_UNIT ( .MILLI., .METRE. ) );
#2276 = MECHANICAL_DESIGN_GEOMETRIC_PRESENTATION_REPRESENTATION (  '', ( #2074 ), #1558 ) ;
#2277 = ORIENTED_EDGE ( 'NONE', *, *, #2155, .T. ) ;
#2278 = ORIENTED_EDGE ( 'NONE', *, *, #487, .T. ) ;
#2279 = DIRECTION ( 'NONE',  ( -0.000000000000000000, 1.000000000000000000, -0.000000000000000000 ) ) ;
#2280 = DIRECTION ( 'NONE',  ( -0.000000000000000000, 1.000000000000000000, -0.000000000000000000 ) ) ;
#2281 = CARTESIAN_POINT ( 'NONE',  ( -1.250000000000000000, 0.1250000000000000000, 1.000000000000000000 ) ) ;
#2282 = ORIENTED_EDGE ( 'NONE', *, *, #2223, .F. ) ;
#2283 = COLOUR_RGB ( '',0.2000000000000000111, 0.2000000000000000111, 0.2000000000000000111 ) ;
#2284 = LINE ( 'NONE', #1827, #728 ) ;
#2285 = PLANE ( 'NONE',  #162 ) ;
#2286 = AXIS2_PLACEMENT_3D ( 'NONE', #2116, #1035, #1953 ) ;
#2287 = ORIENTED_EDGE ( 'NONE', *, *, #715, .T. ) ;
#2288 = EDGE_CURVE ( 'NONE', #37, #647, #935, .T. ) ;
#2289 = DIRECTION ( 'NONE',  ( -0.000000000000000000, 1.000000000000000000, -0.000000000000000000 ) ) ;
#2290 = LINE ( 'NONE', #498, #902 ) ;
#2291 = ORIENTED_EDGE ( 'NONE', *, *, #1574, .T. ) ;
#2292 = ORIENTED_EDGE ( 'NONE', *, *, #2248, .F. ) ;
#2293 = LINE ( 'NONE', #2362, #359 ) ;
#2294 = MECHANICAL_DESIGN_GEOMETRIC_PRESENTATION_REPRESENTATION (  '', ( #2344 ), #876 ) ;
#2295 = ORIENTED_EDGE ( 'NONE', *, *, #758, .T. ) ;
#2296 = LINE ( 'NONE', #7, #464 ) ;
#2297 = AXIS2_PLACEMENT_3D ( 'NONE', #2002, #2352, #1822 ) ;
#2298 = CARTESIAN_POINT ( 'NONE',  ( 4.987329993433326313E-16, -0.7750000000000000222, -0.9200000000000004841 ) ) ;
#2299 =( LENGTH_UNIT ( ) NAMED_UNIT ( * ) SI_UNIT ( .MILLI., .METRE. ) );
#2300 = PRESENTATION_LAYER_ASSIGNMENT (  '', '', ( #1898 ) ) ;
#2301 = CARTESIAN_POINT ( 'NONE',  ( 1.250000000000000000, 0.1250000000000000000, 1.000000000000000000 ) ) ;
#2302 = ORIENTED_EDGE ( 'NONE', *, *, #1940, .T. ) ;
#2303 =( GEOMETRIC_REPRESENTATION_CONTEXT ( 3 ) GLOBAL_UNCERTAINTY_ASSIGNED_CONTEXT ( ( #613 ) ) GLOBAL_UNIT_ASSIGNED_CONTEXT ( ( #1027, #2334, #1586 ) ) REPRESENTATION_CONTEXT ( 'NONE', 'WORKASPACE' ) );
#2304 = CARTESIAN_POINT ( 'NONE',  ( 0.000000000000000000, -0.7750000000000000222, 1.000000000000000000 ) ) ;
#2305 = STYLED_ITEM ( 'NONE', ( #1230 ), #2020 ) ;
#2306 = ORIENTED_EDGE ( 'NONE', *, *, #1741, .F. ) ;
#2307 = DIRECTION ( 'NONE',  ( 1.000000000000000000, 0.000000000000000000, 5.421010862427526114E-16 ) ) ;
#2308 = LINE ( 'NONE', #175, #40 ) ;
#2309 = CARTESIAN_POINT ( 'NONE',  ( 0.9674418677376059872, -0.7249999999999999778, -1.149128784747792009 ) ) ;
#2310 = DIRECTION ( 'NONE',  ( -0.000000000000000000, 1.000000000000000000, -0.000000000000000000 ) ) ;
#2311 = CARTESIAN_POINT ( 'NONE',  ( 1.250000000000000000, -0.4749999999999999778, -1.000000000000000000 ) ) ;
#2312 = PRESENTATION_STYLE_ASSIGNMENT (( #1215 ) ) ;
#2313 =( NAMED_UNIT ( * ) PLANE_ANGLE_UNIT ( ) SI_UNIT ( $, .RADIAN. ) );
#2314 = ORIENTED_EDGE ( 'NONE', *, *, #2132, .T. ) ;
#2315 = EDGE_CURVE ( 'NONE', #262, #658, #1902, .T. ) ;
#2316 = DIRECTION ( 'NONE',  ( -0.000000000000000000, 1.000000000000000000, -0.000000000000000000 ) ) ;
#2317 = DIRECTION ( 'NONE',  ( 0.000000000000000000, 0.000000000000000000, 1.000000000000000000 ) ) ;
#2318 = SURFACE_STYLE_FILL_AREA ( #1718 ) ;
#2319 = DIRECTION ( 'NONE',  ( -1.000000000000000000, 0.000000000000000000, 0.000000000000000000 ) ) ;
#2320 = ORIENTED_EDGE ( 'NONE', *, *, #238, .T. ) ;
#2321 = LINE ( 'NONE', #1581, #1474 ) ;
#2322 = DIRECTION ( 'NONE',  ( -0.000000000000000000, 1.000000000000000000, -0.000000000000000000 ) ) ;
#2323 = CARTESIAN_POINT ( 'NONE',  ( -0.8674418677376060094, -0.4749999999999999778, -0.9200000000000000400 ) ) ;
#2324 = DIRECTION ( 'NONE',  ( 1.000000000000000000, 0.000000000000000000, 0.000000000000000000 ) ) ;
#2325 = LINE ( 'NONE', #697, #261 ) ;
#2326 = ORIENTED_EDGE ( 'NONE', *, *, #331, .F. ) ;
#2327 = COLOUR_RGB ( '',0.2000000000000000111, 0.2000000000000000111, 0.2000000000000000111 ) ;
#2328 =( NAMED_UNIT ( * ) PLANE_ANGLE_UNIT ( ) SI_UNIT ( $, .RADIAN. ) );
#2329 = SURFACE_STYLE_USAGE ( .BOTH. , #1599 ) ;
#2330 = DIRECTION ( 'NONE',  ( 1.000000000000000000, -0.000000000000000000, 0.000000000000000000 ) ) ;
#2331 = CARTESIAN_POINT ( 'NONE',  ( -1.050000000000000044, -0.4749999999999999778, 0.000000000000000000 ) ) ;
#2332 = CARTESIAN_POINT ( 'NONE',  ( 1.250000000000000000, -0.7750000000000000222, 1.000000000000000000 ) ) ;
#2333 = PRESENTATION_LAYER_ASSIGNMENT (  '', '', ( #1851 ) ) ;
#2334 =( NAMED_UNIT ( * ) PLANE_ANGLE_UNIT ( ) SI_UNIT ( $, .RADIAN. ) );
#2335 = STYLED_ITEM ( 'NONE', ( #1900 ), #332 ) ;
#2336 = ORIENTED_EDGE ( 'NONE', *, *, #1555, .T. ) ;
#2337 = MECHANICAL_DESIGN_GEOMETRIC_PRESENTATION_REPRESENTATION (  '', ( #1898 ), #67 ) ;
#2338 = EDGE_LOOP ( 'NONE', ( #1687, #2030, #503, #1779 ) ) ;
#2339 = FILL_AREA_STYLE ('',( #1088 ) ) ;
#2340 = CARTESIAN_POINT ( 'NONE',  ( -1.250000000000000000, -0.7750000000000000222, 1.000000000000000000 ) ) ;
#2341 = DIRECTION ( 'NONE',  ( 0.000000000000000000, 0.000000000000000000, 1.000000000000000000 ) ) ;
#2342 = PLANE ( 'NONE',  #454 ) ;
#2343 = DIRECTION ( 'NONE',  ( -0.000000000000000000, 1.000000000000000000, -0.000000000000000000 ) ) ;
#2344 = STYLED_ITEM ( 'NONE', ( #53 ), #2229 ) ;
#2345 = CIRCLE ( 'NONE', #1512, 0.2500000000000000000 ) ;
#2346 = LINE ( 'NONE', #792, #1067 ) ;
#2347 = COLOUR_RGB ( '',0.2000000000000000111, 0.2000000000000000111, 0.2000000000000000111 ) ;
#2348 =( LENGTH_UNIT ( ) NAMED_UNIT ( * ) SI_UNIT ( .MILLI., .METRE. ) );
#2349 = CARTESIAN_POINT ( 'NONE',  ( -0.9674418677376059872, -0.7750000000000000222, -1.149128784747792009 ) ) ;
#2350 = DIRECTION ( 'NONE',  ( -1.000000000000000000, 0.000000000000000000, 0.000000000000000000 ) ) ;
#2351 = CARTESIAN_POINT ( 'NONE',  ( 0.000000000000000000, -0.7249999999999999778, 0.9200000000000000400 ) ) ;
#2352 = DIRECTION ( 'NONE',  ( -0.000000000000000000, 1.000000000000000000, -0.000000000000000000 ) ) ;
#2353 = ORIENTED_EDGE ( 'NONE', *, *, #1928, .T. ) ;
#2354 = UNCERTAINTY_MEASURE_WITH_UNIT (LENGTH_MEASURE( 1.000000000000000082E-05 ), #216, 'distance_accuracy_value', 'NONE');
#2355 = EDGE_LOOP ( 'NONE', ( #106, #1442, #224, #124 ) ) ;
#2356 = ORIENTED_EDGE ( 'NONE', *, *, #381, .F. ) ;
#2357 = LINE ( 'NONE', #2011, #213 ) ;
#2358 = ORIENTED_EDGE ( 'NONE', *, *, #1164, .T. ) ;
#2359 = AXIS2_PLACEMENT_3D ( 'NONE', #877, #1611, #1624 ) ;
#2360 = EDGE_CURVE ( 'NONE', #2191, #634, #984, .T. ) ;
#2361 = AXIS2_PLACEMENT_3D ( 'NONE', #705, #1761, #140 ) ;
#2362 = CARTESIAN_POINT ( 'NONE',  ( 0.6300000000000000044, -0.7750000000000000222, -1.000000000000000000 ) ) ;
#2363 = CARTESIAN_POINT ( 'NONE',  ( -1.067441867737605854, -0.7750000000000000222, 0.9200000000000000400 ) ) ;
#2364 = UNCERTAINTY_MEASURE_WITH_UNIT (LENGTH_MEASURE( 1.000000000000000082E-05 ), #110, 'distance_accuracy_value', 'NONE');
#2365 = DIRECTION ( 'NONE',  ( -0.000000000000000000, -1.000000000000000000, -0.000000000000000000 ) ) ;
#2366 = ORIENTED_EDGE ( 'NONE', *, *, #1855, .F. ) ;
#2367 = AXIS2_PLACEMENT_3D ( 'NONE', #1142, #32, #1315 ) ;
#2368 = DIRECTION ( 'NONE',  ( 0.000000000000000000, 0.000000000000000000, -1.000000000000000000 ) ) ;
#2369 = ORIENTED_EDGE ( 'NONE', *, *, #1657, .F. ) ;
#2370 = UNCERTAINTY_MEASURE_WITH_UNIT (LENGTH_MEASURE( 1.000000000000000082E-05 ), #1905, 'distance_accuracy_value', 'NONE');
#2371 = EDGE_CURVE ( 'NONE', #61, #1841, #441, .T. ) ;
#2372 = ORIENTED_EDGE ( 'NONE', *, *, #1542, .T. ) ;
#2373 = EDGE_CURVE ( 'NONE', #953, #1969, #1540, .T. ) ;
#2374 = CARTESIAN_POINT ( 'NONE',  ( 1.250000000000000000, -0.7249999999999999778, 1.000000000000000000 ) ) ;
#2375 = LINE ( 'NONE', #1823, #1002 ) ;
#2376 = CARTESIAN_POINT ( 'NONE',  ( 0.000000000000000000, -0.7750000000000000222, -1.000000000000000000 ) ) ;
#2377 = STYLED_ITEM ( 'NONE', ( #703 ), #1283 ) ;
#2378 = ORIENTED_EDGE ( 'NONE', *, *, #715, .F. ) ;
#2379 = CARTESIAN_POINT ( 'NONE',  ( 0.000000000000000000, -0.7249999999999999778, -1.000000000000000000 ) ) ;
#2380 = CARTESIAN_POINT ( 'NONE',  ( 1.250000000000000000, -0.7249999999999999778, -1.000000000000000000 ) ) ;
#2381 = LINE ( 'NONE', #736, #674 ) ;
#2382 = EDGE_LOOP ( 'NONE', ( #955, #1286, #898, #256 ) ) ;
#2383 = SHAPE_DEFINITION_REPRESENTATION ( #1466, #2229 ) ;
#2384 = ADVANCED_FACE ( 'NONE', ( #288 ), #386, .F. ) ;
ENDSEC;
END-ISO-10303-21;
