ISO-10303-21;
HEADER;
FILE_DESCRIPTION (( 'STEP AP214' ),
    '1' );
FILE_NAME ('CCS_CCSTDNOSYAGEO_0201_L0.63W0.33T0.33B0.2.STEP',
    '2025-07-29T15:17:46',
    ( '' ),
    ( '' ),
    'SwSTEP 2.0',
    'SolidWorks 2021',
    '' );
FILE_SCHEMA (( 'AUTOMOTIVE_DESIGN' ));
ENDSEC;

DATA;
#1 = VECTOR ( 'NONE', #2118, 1000.000000000000000 ) ;
#2 = AXIS2_PLACEMENT_3D ( 'NONE', #2562, #3964, #2508 ) ;
#3 = CARTESIAN_POINT ( 'NONE',  ( 0.000000000000000000, 0.3300000000000000155, -0.006863999999999998575 ) ) ;
#4 = ORIENTED_EDGE ( 'NONE', *, *, #1054, .T. ) ;
#5 =( LENGTH_UNIT ( ) NAMED_UNIT ( * ) SI_UNIT ( .MILLI., .METRE. ) );
#6 = FACE_OUTER_BOUND ( 'NONE', #4242, .T. ) ;
#7 = VECTOR ( 'NONE', #261, 1000.000000000000000 ) ;
#8 = ORIENTED_EDGE ( 'NONE', *, *, #2464, .T. ) ;
#9 = EDGE_CURVE ( 'NONE', #4150, #1268, #3269, .T. ) ;
#10 = CARTESIAN_POINT ( 'NONE',  ( 0.2659364968533158291, 0.3281360000000000388, -0.2083447309874472686 ) ) ;
#11 =( GEOMETRIC_REPRESENTATION_CONTEXT ( 3 ) GLOBAL_UNCERTAINTY_ASSIGNED_CONTEXT ( ( #4421 ) ) GLOBAL_UNIT_ASSIGNED_CONTEXT ( ( #706, #4520, #1735 ) ) REPRESENTATION_CONTEXT ( 'NONE', 'WORKASPACE' ) );
#12 = ORIENTED_EDGE ( 'NONE', *, *, #3356, .F. ) ;
#13 = FILL_AREA_STYLE ('',( #2294 ) ) ;
#14 = FACE_OUTER_BOUND ( 'NONE', #750, .T. ) ;
#15 = FACE_OUTER_BOUND ( 'NONE', #3626, .T. ) ;
#16 = VERTEX_POINT ( 'NONE', #101 ) ;
#17 = ADVANCED_FACE ( 'NONE', ( #2906 ), #2884, .T. ) ;
#18 = LINE ( 'NONE', #2384, #3018 ) ;
#19 = CARTESIAN_POINT ( 'NONE',  ( 0.1498514366517493535, 0.009372110039554912633, -0.008376728068316132217 ) ) ;
#20 = STYLED_ITEM ( 'NONE', ( #4313 ), #4529 ) ;
#21 = ORIENTED_EDGE ( 'NONE', *, *, #2268, .F. ) ;
#22 = VERTEX_POINT ( 'NONE', #2302 ) ;
#23 = SURFACE_SIDE_STYLE ('',( #3863 ) ) ;
#24 = SURFACE_STYLE_FILL_AREA ( #4467 ) ;
#25 = CARTESIAN_POINT ( 'NONE',  ( 0.1499999999999999667, 0.3162720000000000531, -0.006863999999999980360 ) ) ;
#26 = ORIENTED_EDGE ( 'NONE', *, *, #2375, .F. ) ;
#27 = DIRECTION ( 'NONE',  ( 0.000000000000000000, -0.000000000000000000, 1.000000000000000000 ) ) ;
#28 = FILL_AREA_STYLE_COLOUR ( '', #1383 ) ;
#29 = VERTEX_POINT ( 'NONE', #2635 ) ;
#30 = DIRECTION ( 'NONE',  ( 1.000000000000000000, -0.000000000000000000, -0.000000000000000000 ) ) ;
#31 = DIRECTION ( 'NONE',  ( 0.000000000000000000, 0.000000000000000000, 1.000000000000000000 ) ) ;
#32 = EDGE_CURVE ( 'NONE', #1242, #401, #3983, .T. ) ;
#33 = ORIENTED_EDGE ( 'NONE', *, *, #3982, .T. ) ;
#34 = FACE_OUTER_BOUND ( 'NONE', #2923, .T. ) ;
#35 = CARTESIAN_POINT ( 'NONE',  ( 0.4801974708265736580, 0.3207366831189307210, -0.3214925014640017120 ) ) ;
#36 = PRESENTATION_STYLE_ASSIGNMENT (( #3475 ) ) ;
#37 = ORIENTED_EDGE ( 'NONE', *, *, #862, .T. ) ;
#38 = CARTESIAN_POINT ( 'NONE',  ( 0.4800769244781383227, 0.3200314049429369145, -0.007940192189103573508 ) ) ;
#39 = EDGE_CURVE ( 'NONE', #938, #3880, #847, .T. ) ;
#40 = CARTESIAN_POINT ( 'NONE',  ( 0.1872252591682402045, 0.3281360000000000388, -0.1649999999999999800 ) ) ;
#41 =( NAMED_UNIT ( * ) SI_UNIT ( $, .STERADIAN. ) SOLID_ANGLE_UNIT ( ) );
#42 = ORIENTED_EDGE ( 'NONE', *, *, #731, .T. ) ;
#43 = EDGE_LOOP ( 'NONE', ( #2409, #1875, #1323, #4261, #4203, #4527 ) ) ;
#44 = CARTESIAN_POINT ( 'NONE',  ( 0.1499981116852613372, 0.3229398653938053143, -0.01194778499682350344 ) ) ;
#45 = DIRECTION ( 'NONE',  ( 1.000000000000000000, 0.000000000000000000, -0.000000000000000000 ) ) ;
#46 = DIRECTION ( 'NONE',  ( -1.000000000000000000, -0.000000000000000000, 0.000000000000000000 ) ) ;
#47 = EDGE_LOOP ( 'NONE', ( #4298, #2136, #1949, #672 ) ) ;
#48 = FACE_OUTER_BOUND ( 'NONE', #3365, .T. ) ;
#49 =( LENGTH_UNIT ( ) NAMED_UNIT ( * ) SI_UNIT ( .MILLI., .METRE. ) );
#50 = ORIENTED_EDGE ( 'NONE', *, *, #1506, .F. ) ;
#51 = DIRECTION ( 'NONE',  ( 0.000000000000000000, -1.000000000000000000, 0.000000000000000000 ) ) ;
#52 = SURFACE_STYLE_USAGE ( .BOTH. , #458 ) ;
#53 = ORIENTED_EDGE ( 'NONE', *, *, #4120, .T. ) ;
#54 = LINE ( 'NONE', #3974, #2269 ) ;
#55 = FILL_AREA_STYLE ('',( #781 ) ) ;
#56 = FACE_OUTER_BOUND ( 'NONE', #3902, .T. ) ;
#57 = ORIENTED_EDGE ( 'NONE', *, *, #2694, .F. ) ;
#58 = EDGE_CURVE ( 'NONE', #4233, #3900, #550, .T. ) ;
#59 = CARTESIAN_POINT ( 'NONE',  ( 0.6231360000000000232, 0.006863999999999998575, -0.3231360000000000343 ) ) ;
#60 = CIRCLE ( 'NONE', #3341, 0.006863999999999998575 ) ;
#61 =( NAMED_UNIT ( * ) PLANE_ANGLE_UNIT ( ) SI_UNIT ( $, .RADIAN. ) );
#62 = CARTESIAN_POINT ( 'NONE',  ( 0.1499999999999999667, 0.01372799999999997980, -0.3231360000000000343 ) ) ;
#63 = ORIENTED_EDGE ( 'NONE', *, *, #4007, .F. ) ;
#64 = MECHANICAL_DESIGN_GEOMETRIC_PRESENTATION_REPRESENTATION (  '', ( #1286 ), #4155 ) ;
#65 = ORIENTED_EDGE ( 'NONE', *, *, #3727, .T. ) ;
#66 = ADVANCED_FACE ( 'NONE', ( #1928 ), #2952, .F. ) ;
#67 = EDGE_CURVE ( 'NONE', #1088, #4020, #2676, .T. ) ;
#68 = CARTESIAN_POINT ( 'NONE',  ( 0.4868640000000001300, 0.000000000000000000, -0.3231360000000000343 ) ) ;
#69 = AXIS2_PLACEMENT_3D ( 'NONE', #3339, #4101, #889 ) ;
#70 = STYLED_ITEM ( 'NONE', ( #547 ), #1424 ) ;
#71 = EDGE_CURVE ( 'NONE', #515, #2833, #3704, .T. ) ;
#72 = PLANE ( 'NONE',  #3306 ) ;
#73 = PRESENTATION_LAYER_ASSIGNMENT (  '', '', ( #4017 ) ) ;
#74 =( GEOMETRIC_REPRESENTATION_CONTEXT ( 3 ) GLOBAL_UNCERTAINTY_ASSIGNED_CONTEXT ( ( #4212 ) ) GLOBAL_UNIT_ASSIGNED_CONTEXT ( ( #1121, #3260, #4382 ) ) REPRESENTATION_CONTEXT ( 'NONE', 'WORKASPACE' ) );
#75 = VERTEX_POINT ( 'NONE', #541 ) ;
#76 = CARTESIAN_POINT ( 'NONE',  ( 0.000000000000000000, 0.000000000000000000, 0.000000000000000000 ) ) ;
#77 = DIRECTION ( 'NONE',  ( 0.000000000000000000, 0.000000000000000000, 1.000000000000000000 ) ) ;
#78 = ORIENTED_EDGE ( 'NONE', *, *, #3410, .T. ) ;
#79 = VECTOR ( 'NONE', #1341, 1000.000000000000000 ) ;
#80 = FACE_OUTER_BOUND ( 'NONE', #3004, .T. ) ;
#81 = EDGE_LOOP ( 'NONE', ( #4208, #2790, #93, #3837 ) ) ;
#82 = CARTESIAN_POINT ( 'NONE',  ( 0.4800000000000001488, 0.006863999999999980360, -0.3231360000000000343 ) ) ;
#83 = DIRECTION ( 'NONE',  ( 0.000000000000000000, 0.000000000000000000, 1.000000000000000000 ) ) ;
#84 = CIRCLE ( 'NONE', #3805, 0.006863999999999980360 ) ;
#85 = COLOUR_RGB ( '',0.7686274509803920907, 0.7686274509803920907, 0.7686274509803920907 ) ;
#86 = ORIENTED_EDGE ( 'NONE', *, *, #1206, .F. ) ;
#87 = LINE ( 'NONE', #3256, #1096 ) ;
#88 = CARTESIAN_POINT ( 'NONE',  ( 0.1499756019922066363, 0.3192442375574681690, -0.007494134006091194775 ) ) ;
#89 = DIRECTION ( 'NONE',  ( 0.000000000000000000, 0.000000000000000000, 1.000000000000000000 ) ) ;
#90 = DIRECTION ( 'NONE',  ( 0.000000000000000000, -1.000000000000000000, 0.000000000000000000 ) ) ;
#91 = STYLED_ITEM ( 'NONE', ( #3674 ), #3810 ) ;
#92 = EDGE_LOOP ( 'NONE', ( #2222, #2684, #393, #1689 ) ) ;
#93 = ORIENTED_EDGE ( 'NONE', *, *, #4197, .F. ) ;
#94 = COLOUR_RGB ( '',0.7921568627450980005, 0.8196078431372548767, 0.9333333333333333481 ) ;
#95 = SURFACE_SIDE_STYLE ('',( #1222 ) ) ;
#96 = UNCERTAINTY_MEASURE_WITH_UNIT (LENGTH_MEASURE( 1.000000000000000082E-05 ), #2663, 'distance_accuracy_value', 'NONE');
#97 = EDGE_CURVE ( 'NONE', #3072, #171, #2608, .T. ) ;
#98 = DIRECTION ( 'NONE',  ( 0.2740217765953990026, 0.000000000000000000, -0.9617234872620618047 ) ) ;
#99 = FILL_AREA_STYLE_COLOUR ( '', #372 ) ;
#100 = ADVANCED_FACE ( 'NONE', ( #2255 ), #1227, .T. ) ;
#101 = CARTESIAN_POINT ( 'NONE',  ( 0.2870519459192984457, 0.3231360000000000343, -0.1773786982585502658 ) ) ;
#102 = DIRECTION ( 'NONE',  ( 0.000000000000000000, 1.000000000000000000, 0.000000000000000000 ) ) ;
#103 = EDGE_LOOP ( 'NONE', ( #2104, #260, #297, #705 ) ) ;
#104 = DIRECTION ( 'NONE',  ( 0.000000000000000000, 0.000000000000000000, 1.000000000000000000 ) ) ;
#105 =( NAMED_UNIT ( * ) SI_UNIT ( $, .STERADIAN. ) SOLID_ANGLE_UNIT ( ) );
#106 = ORIENTED_EDGE ( 'NONE', *, *, #4122, .T. ) ;
#107 = CARTESIAN_POINT ( 'NONE',  ( 0.4868640000000001300, 0.3231360000000000343, -0.3231360000000000343 ) ) ;
#108 = CARTESIAN_POINT ( 'NONE',  ( 0.3492638894570143648, 0.3281360000000000388, -0.1732479428933267340 ) ) ;
#109 = VERTEX_POINT ( 'NONE', #923 ) ;
#110 = SURFACE_STYLE_FILL_AREA ( #3235 ) ;
#111 = CARTESIAN_POINT ( 'NONE',  ( 0.1499999999999999667, 0.006863999999999980360, -0.3300000000000000155 ) ) ;
#112 = CARTESIAN_POINT ( 'NONE',  ( 0.2886098390511607770, 0.3231360000000000343, -0.1649999999999999800 ) ) ;
#113 = ORIENTED_EDGE ( 'NONE', *, *, #2975, .F. ) ;
#114 = EDGE_LOOP ( 'NONE', ( #1773, #682, #1443, #306 ) ) ;
#115 = FACE_OUTER_BOUND ( 'NONE', #1402, .T. ) ;
#116 = PRESENTATION_STYLE_ASSIGNMENT (( #1839 ) ) ;
#117 = EDGE_CURVE ( 'NONE', #3313, #686, #3733, .T. ) ;
#118 = CLOSED_SHELL ( 'NONE', ( #1424, #1536, #965, #1109, #1418, #561, #4529, #2348, #1676, #2081, #4366, #4511, #1815, #450, #3444, #2964, #3840, #2802, #2782, #3754, #2117, #1450, #2693, #3810, #2053, #1203, #2513, #17, #1181, #4181, #3239, #1304, #123, #2861, #144, #530, #1233, #633, #2233, #1775, #3589, #524, #3781, #2552, #2796, #3555, #585, #3314, #124, #2000, #1202, #256, #2407, #1339, #4170, #842, #1809, #786, #1642, #2664, #100, #385, #2826, #1594 ) ) ;
#119 =( NAMED_UNIT ( * ) SI_UNIT ( $, .STERADIAN. ) SOLID_ANGLE_UNIT ( ) );
#120 = ORIENTED_EDGE ( 'NONE', *, *, #32, .T. ) ;
#121 = CARTESIAN_POINT ( 'NONE',  ( 0.4801974708265736580, 0.008507498535998282707, -0.3207366831189307210 ) ) ;
#122 = VERTEX_POINT ( 'NONE', #1521 ) ;
#123 = ADVANCED_FACE ( 'NONE', ( #2932 ), #3740, .T. ) ;
#124 = ADVANCED_FACE ( 'NONE', ( #1993 ), #598, .T. ) ;
#125 = DIRECTION ( 'NONE',  ( 0.000000000000000000, -1.000000000000000000, 0.000000000000000000 ) ) ;
#126 = ORIENTED_EDGE ( 'NONE', *, *, #3839, .T. ) ;
#127 = CARTESIAN_POINT ( 'NONE',  ( 0.1500001697332406514, 0.3169894958389457562, -0.3231077884361101549 ) ) ;
#128 = LINE ( 'NONE', #1171, #4246 ) ;
#129 = ORIENTED_EDGE ( 'NONE', *, *, #1561, .T. ) ;
#130 = AXIS2_PLACEMENT_3D ( 'NONE', #3361, #3024, #1265 ) ;
#131 = SURFACE_STYLE_USAGE ( .BOTH. , #1175 ) ;
#132 = STYLED_ITEM ( 'NONE', ( #3095 ), #450 ) ;
#133 = LINE ( 'NONE', #1878, #656 ) ;
#134 = LINE ( 'NONE', #1558, #205 ) ;
#135 = ORIENTED_EDGE ( 'NONE', *, *, #3678, .T. ) ;
#136 = MECHANICAL_DESIGN_GEOMETRIC_PRESENTATION_REPRESENTATION (  '', ( #3477 ), #1138 ) ;
#137 = CARTESIAN_POINT ( 'NONE',  ( 0.1499999999999999667, 0.000000000000000000, -0.006863999999999980360 ) ) ;
#138 = CARTESIAN_POINT ( 'NONE',  ( 0.3319353280894461466, 0.3281360000000000388, -0.1840192170103121527 ) ) ;
#139 = AXIS2_PLACEMENT_3D ( 'NONE', #2434, #2124, #3440 ) ;
#140 = DIRECTION ( 'NONE',  ( 0.000000000000000000, -1.000000000000000000, 0.000000000000000000 ) ) ;
#141 =( GEOMETRIC_REPRESENTATION_CONTEXT ( 3 ) GLOBAL_UNCERTAINTY_ASSIGNED_CONTEXT ( ( #983 ) ) GLOBAL_UNIT_ASSIGNED_CONTEXT ( ( #2518, #4250, #3624 ) ) REPRESENTATION_CONTEXT ( 'NONE', 'WORKASPACE' ) );
#142 = CARTESIAN_POINT ( 'NONE',  ( 0.6300000000000000044, 0.000000000000000000, 0.000000000000000000 ) ) ;
#143 = CARTESIAN_POINT ( 'NONE',  ( 0.1496989803924541895, 0.3211255809460644706, -0.008874419053935498139 ) ) ;
#144 = ADVANCED_FACE ( 'NONE', ( #255 ), #215, .T. ) ;
#145 = ORIENTED_EDGE ( 'NONE', *, *, #39, .F. ) ;
#146 =( GEOMETRIC_REPRESENTATION_CONTEXT ( 3 ) GLOBAL_UNCERTAINTY_ASSIGNED_CONTEXT ( ( #3022 ) ) GLOBAL_UNIT_ASSIGNED_CONTEXT ( ( #1617, #3042, #167 ) ) REPRESENTATION_CONTEXT ( 'NONE', 'WORKASPACE' ) );
#147 = MECHANICAL_DESIGN_GEOMETRIC_PRESENTATION_REPRESENTATION (  '', ( #3357 ), #346 ) ;
#148 = DIRECTION ( 'NONE',  ( 0.000000000000000000, 0.000000000000000000, 1.000000000000000000 ) ) ;
#149 = EDGE_LOOP ( 'NONE', ( #4336, #214, #3549 ) ) ;
#150 = CARTESIAN_POINT ( 'NONE',  ( 0.1499999999999999944, 0.006863999999999998575, 0.000000000000000000 ) ) ;
#151 = FACE_OUTER_BOUND ( 'NONE', #630, .T. ) ;
#152 = EDGE_CURVE ( 'NONE', #1770, #3880, #1863, .T. ) ;
#153 = MECHANICAL_DESIGN_GEOMETRIC_PRESENTATION_REPRESENTATION (  '', ( #1599 ), #507 ) ;
#154 = ORIENTED_EDGE ( 'NONE', *, *, #2202, .T. ) ;
#155 = VECTOR ( 'NONE', #4106, 1000.000000000000114 ) ;
#156 = CARTESIAN_POINT ( 'NONE',  ( 0.3089588592604216033, 0.3281360000000000388, -0.1649999999999999800 ) ) ;
#157 =( GEOMETRIC_REPRESENTATION_CONTEXT ( 3 ) GLOBAL_UNCERTAINTY_ASSIGNED_CONTEXT ( ( #2284 ) ) GLOBAL_UNIT_ASSIGNED_CONTEXT ( ( #3275, #3343, #3986 ) ) REPRESENTATION_CONTEXT ( 'NONE', 'WORKASPACE' ) );
#158 = STYLED_ITEM ( 'NONE', ( #3540 ), #2233 ) ;
#159 = DIRECTION ( 'NONE',  ( 0.2755265765475200523, 0.000000000000000000, -0.9612934544747527843 ) ) ;
#160 = CARTESIAN_POINT ( 'NONE',  ( 0.1500033228270117591, 0.01219478211266757442, -0.3230057419544087316 ) ) ;
#161 = EDGE_CURVE ( 'NONE', #1975, #3313, #3866, .T. ) ;
#162 = ORIENTED_EDGE ( 'NONE', *, *, #302, .F. ) ;
#163 = MECHANICAL_DESIGN_GEOMETRIC_PRESENTATION_REPRESENTATION (  '', ( #4102 ), #1610 ) ;
#164 = DIRECTION ( 'NONE',  ( 0.000000000000000000, -1.000000000000000000, 0.000000000000000000 ) ) ;
#165 = LINE ( 'NONE', #2527, #988 ) ;
#166 = CIRCLE ( 'NONE', #734, 0.006863999999999980360 ) ;
#167 =( NAMED_UNIT ( * ) SI_UNIT ( $, .STERADIAN. ) SOLID_ANGLE_UNIT ( ) );
#168 = SURFACE_STYLE_FILL_AREA ( #3224 ) ;
#169 = FILL_AREA_STYLE_COLOUR ( '', #4219 ) ;
#170 = DIRECTION ( 'NONE',  ( -0.000000000000000000, 1.000000000000000000, 0.000000000000000000 ) ) ;
#171 = VERTEX_POINT ( 'NONE', #3965 ) ;
#172 = CARTESIAN_POINT ( 'NONE',  ( 0.1496989803924541895, 0.008874419053935570997, -0.008874419053935463444 ) ) ;
#173 = LINE ( 'NONE', #848, #2004 ) ;
#174 = ORIENTED_EDGE ( 'NONE', *, *, #1498, .T. ) ;
#175 = DIRECTION ( 'NONE',  ( 1.000000000000000000, 0.000000000000000000, 0.000000000000000000 ) ) ;
#176 = ORIENTED_EDGE ( 'NONE', *, *, #4361, .T. ) ;
#177 = EDGE_CURVE ( 'NONE', #1643, #755, #2130, .T. ) ;
#178 = DIRECTION ( 'NONE',  ( -1.000000000000000000, 0.000000000000000000, 0.000000000000000000 ) ) ;
#179 =( NAMED_UNIT ( * ) SI_UNIT ( $, .STERADIAN. ) SOLID_ANGLE_UNIT ( ) );
#180 = CARTESIAN_POINT ( 'NONE',  ( 0.4803010196075459537, 0.3211255809460644706, -0.008874419053935498139 ) ) ;
#181 = ORIENTED_EDGE ( 'NONE', *, *, #510, .T. ) ;
#182 = ADVANCED_FACE ( 'NONE', ( #2207 ), #2881, .T. ) ;
#183 = PRESENTATION_STYLE_ASSIGNMENT (( #3844 ) ) ;
#184 = FACE_OUTER_BOUND ( 'NONE', #3430, .T. ) ;
#185 = PRODUCT_CONTEXT ( 'NONE', #1950, 'mechanical' ) ;
#186 = CARTESIAN_POINT ( 'NONE',  ( 0.1431359999999999577, 0.3231360000000000343, -0.006863999999999998575 ) ) ;
#187 = DIRECTION ( 'NONE',  ( 1.000000000000000000, -0.000000000000000000, -0.000000000000000000 ) ) ;
#188 = ORIENTED_EDGE ( 'NONE', *, *, #152, .F. ) ;
#189 = UNCERTAINTY_MEASURE_WITH_UNIT (LENGTH_MEASURE( 1.000000000000000082E-05 ), #1118, 'distance_accuracy_value', 'NONE');
#190 = DIRECTION ( 'NONE',  ( -0.8843386665637592570, 0.000000000000000000, -0.4668459304955246969 ) ) ;
#191 = CYLINDRICAL_SURFACE ( 'NONE', #3441, 0.006863999999999980360 ) ;
#192 = ORIENTED_EDGE ( 'NONE', *, *, #4414, .F. ) ;
#193 = LINE ( 'NONE', #4355, #264 ) ;
#194 = DIRECTION ( 'NONE',  ( -1.000000000000000000, 0.000000000000000000, 0.000000000000000000 ) ) ;
#195 =( NAMED_UNIT ( * ) SI_UNIT ( $, .STERADIAN. ) SOLID_ANGLE_UNIT ( ) );
#196 = SPHERICAL_SURFACE ( 'NONE', #3435, 0.006863999999999998575 ) ;
#197 = CIRCLE ( 'NONE', #1213, 0.006863999999999998575 ) ;
#198 = FILL_AREA_STYLE ('',( #1326 ) ) ;
#199 = ORIENTED_EDGE ( 'NONE', *, *, #3049, .F. ) ;
#200 = EDGE_CURVE ( 'NONE', #1856, #1319, #396, .T. ) ;
#201 = VECTOR ( 'NONE', #4199, 1000.000000000000000 ) ;
#202 = DIRECTION ( 'NONE',  ( 0.000000000000000000, 0.000000000000000000, -1.000000000000000000 ) ) ;
#203 = MECHANICAL_DESIGN_GEOMETRIC_PRESENTATION_REPRESENTATION (  '', ( #2237 ), #1284 ) ;
#204 = EDGE_CURVE ( 'NONE', #1068, #3288, #795, .T. ) ;
#205 = VECTOR ( 'NONE', #4258, 1000.000000000000000 ) ;
#206 = PRESENTATION_STYLE_ASSIGNMENT (( #3337 ) ) ;
#207 = DIRECTION ( 'NONE',  ( 1.000000000000000000, 0.000000000000000000, 0.000000000000000000 ) ) ;
#208 = DIRECTION ( 'NONE',  ( -1.000000000000000000, 0.000000000000000000, 0.000000000000000000 ) ) ;
#209 = EDGE_CURVE ( 'NONE', #122, #2747, #1126, .T. ) ;
#210 = ORIENTED_EDGE ( 'NONE', *, *, #4443, .F. ) ;
#211 = AXIS2_PLACEMENT_3D ( 'NONE', #2167, #2596, #83 ) ;
#212 = AXIS2_PLACEMENT_3D ( 'NONE', #3576, #434, #1481 ) ;
#213 = DIRECTION ( 'NONE',  ( -0.7059037656364479663, 0.000000000000000000, 0.7083077534943992282 ) ) ;
#214 = ORIENTED_EDGE ( 'NONE', *, *, #4272, .T. ) ;
#215 = CYLINDRICAL_SURFACE ( 'NONE', #3847, 0.006863999999999980360 ) ;
#216 = CIRCLE ( 'NONE', #646, 0.006863999999999998575 ) ;
#217 = DIRECTION ( 'NONE',  ( 0.000000000000000000, 0.000000000000000000, -1.000000000000000000 ) ) ;
#218 = CARTESIAN_POINT ( 'NONE',  ( 0.3342214298028541308, 0.3231360000000000343, -0.1920307211585037532 ) ) ;
#219 = DIRECTION ( 'NONE',  ( 1.000000000000000000, 0.000000000000000000, 0.000000000000000000 ) ) ;
#220 = VECTOR ( 'NONE', #1437, 1000.000000000000114 ) ;
#221 = DIRECTION ( 'NONE',  ( 1.000000000000000000, 0.000000000000000000, -2.459231407381525783E-15 ) ) ;
#222 = ORIENTED_EDGE ( 'NONE', *, *, #1048, .T. ) ;
#223 = VECTOR ( 'NONE', #1602, 1000.000000000000000 ) ;
#224 = AXIS2_PLACEMENT_3D ( 'NONE', #1663, #1270, #1954 ) ;
#225 = DIRECTION ( 'NONE',  ( 0.000000000000000000, -1.000000000000000000, 0.000000000000000000 ) ) ;
#226 = DIRECTION ( 'NONE',  ( 0.000000000000000000, -1.000000000000000000, 0.000000000000000000 ) ) ;
#227 = AXIS2_PLACEMENT_3D ( 'NONE', #413, #2502, #2242 ) ;
#228 = CARTESIAN_POINT ( 'NONE',  ( 0.1872252591682402045, 0.3231360000000000343, -0.1649999999999999800 ) ) ;
#229 = MECHANICAL_DESIGN_GEOMETRIC_PRESENTATION_REPRESENTATION (  '', ( #4175 ), #3963 ) ;
#230 = EDGE_CURVE ( 'NONE', #75, #3861, #193, .T. ) ;
#231 = UNCERTAINTY_MEASURE_WITH_UNIT (LENGTH_MEASURE( 1.000000000000000082E-05 ), #2621, 'distance_accuracy_value', 'NONE');
#232 = DIRECTION ( 'NONE',  ( -1.000000000000000000, -0.000000000000000000, -0.000000000000000000 ) ) ;
#233 = DIRECTION ( 'NONE',  ( -1.000000000000000000, 0.000000000000000000, 0.000000000000000000 ) ) ;
#234 = DIRECTION ( 'NONE',  ( -1.000000000000000000, 0.000000000000000000, 2.459231407381525783E-15 ) ) ;
#235 = AXIS2_PLACEMENT_3D ( 'NONE', #4061, #4446, #1274 ) ;
#236 = ORIENTED_EDGE ( 'NONE', *, *, #2146, .T. ) ;
#237 = EDGE_CURVE ( 'NONE', #4020, #1711, #4115, .T. ) ;
#238 = DIRECTION ( 'NONE',  ( -0.4668459304955246969, 0.000000000000000000, 0.8843386665637592570 ) ) ;
#239 = PRESENTATION_LAYER_ASSIGNMENT (  '', '', ( #20 ) ) ;
#240 = SURFACE_SIDE_STYLE ('',( #1887 ) ) ;
#241 = SURFACE_SIDE_STYLE ('',( #525 ) ) ;
#242 = FILL_AREA_STYLE ('',( #1932 ) ) ;
#243 = VERTEX_POINT ( 'NONE', #773 ) ;
#244 = CARTESIAN_POINT ( 'NONE',  ( 0.006863999999999998575, 0.3231360000000000343, -0.006863999999999998575 ) ) ;
#245 =( NAMED_UNIT ( * ) PLANE_ANGLE_UNIT ( ) SI_UNIT ( $, .RADIAN. ) );
#246 = CARTESIAN_POINT ( 'NONE',  ( 0.1496989803924541895, 0.3211255809460645261, -0.3211255809460644151 ) ) ;
#247 = ORIENTED_EDGE ( 'NONE', *, *, #3897, .F. ) ;
#248 = PRESENTATION_STYLE_ASSIGNMENT (( #4433 ) ) ;
#249 = DIRECTION ( 'NONE',  ( 0.000000000000000000, 0.000000000000000000, 1.000000000000000000 ) ) ;
#250 = DIRECTION ( 'NONE',  ( 0.000000000000000000, 0.000000000000000000, 1.000000000000000000 ) ) ;
#251 = DIRECTION ( 'NONE',  ( -0.2764273280489743523, 0.000000000000000000, 0.9610348236706641734 ) ) ;
#252 = CARTESIAN_POINT ( 'NONE',  ( 0.1431359999999999855, 0.006863999999999998575, -0.3231360000000000343 ) ) ;
#253 = VERTEX_POINT ( 'NONE', #2129 ) ;
#254 = EDGE_CURVE ( 'NONE', #1268, #3541, #3998, .T. ) ;
#255 = FACE_OUTER_BOUND ( 'NONE', #3904, .T. ) ;
#256 = ADVANCED_FACE ( 'NONE', ( #2006 ), #897, .T. ) ;
#257 = PLANE ( 'NONE',  #4502 ) ;
#258 = SURFACE_SIDE_STYLE ('',( #3388 ) ) ;
#259 = LINE ( 'NONE', #4406, #3580 ) ;
#260 = ORIENTED_EDGE ( 'NONE', *, *, #1076, .F. ) ;
#261 = DIRECTION ( 'NONE',  ( -1.000000000000000000, 0.000000000000000000, 0.000000000000000000 ) ) ;
#262 = DIRECTION ( 'NONE',  ( -3.948871548971097722E-15, 1.000000000000000000, 0.000000000000000000 ) ) ;
#263 = DIRECTION ( 'NONE',  ( 1.000000000000000000, 0.000000000000000000, 0.000000000000000000 ) ) ;
#264 = VECTOR ( 'NONE', #4400, 1000.000000000000000 ) ;
#265 = LINE ( 'NONE', #1287, #1596 ) ;
#266 = DIRECTION ( 'NONE',  ( 0.9610029908221275896, 0.000000000000000000, 0.2765379750249968849 ) ) ;
#267 = ORIENTED_EDGE ( 'NONE', *, *, #1528, .T. ) ;
#268 =( LENGTH_UNIT ( ) NAMED_UNIT ( * ) SI_UNIT ( .MILLI., .METRE. ) );
#269 = VECTOR ( 'NONE', #2145, 1000.000000000000000 ) ;
#270 = ORIENTED_EDGE ( 'NONE', *, *, #3721, .T. ) ;
#271 = CARTESIAN_POINT ( 'NONE',  ( 0.1431359999999999577, 0.3231360000000000343, -0.006863999999999998575 ) ) ;
#272 = PRESENTATION_LAYER_ASSIGNMENT (  '', '', ( #4234 ) ) ;
#273 = CARTESIAN_POINT ( 'NONE',  ( 0.006863999999999980360, 0.006863999999999998575, -0.3300000000000000155 ) ) ;
#274 =( NAMED_UNIT ( * ) PLANE_ANGLE_UNIT ( ) SI_UNIT ( $, .RADIAN. ) );
#275 = EDGE_CURVE ( 'NONE', #1598, #1052, #1630, .T. ) ;
#276 = ORIENTED_EDGE ( 'NONE', *, *, #1528, .F. ) ;
#277 = DIRECTION ( 'NONE',  ( 0.2755265765475200523, 0.000000000000000000, -0.9612934544747527843 ) ) ;
#278 = SURFACE_SIDE_STYLE ('',( #3409 ) ) ;
#279 = PRESENTATION_LAYER_ASSIGNMENT (  '', '', ( #2247 ) ) ;
#280 = ORIENTED_EDGE ( 'NONE', *, *, #1475, .T. ) ;
#281 = AXIS2_PLACEMENT_3D ( 'NONE', #1390, #2791, #4194 ) ;
#282 = EDGE_CURVE ( 'NONE', #1844, #1607, #197, .T. ) ;
#283 = CARTESIAN_POINT ( 'NONE',  ( 0.3365673660705036929, 0.3231360000000000343, -0.2000928342688697570 ) ) ;
#284 = DIRECTION ( 'NONE',  ( -0.2760118818968593790, 0.000000000000000000, 0.9611542233438680194 ) ) ;
#285 = CARTESIAN_POINT ( 'NONE',  ( 0.3024100848085848892, 0.3231360000000000343, -0.2083447309874472686 ) ) ;
#286 = LINE ( 'NONE', #1190, #1866 ) ;
#287 = VECTOR ( 'NONE', #1476, 1000.000000000000000 ) ;
#288 = VECTOR ( 'NONE', #3800, 1000.000000000000000 ) ;
#289 = LINE ( 'NONE', #3842, #2547 ) ;
#290 = CARTESIAN_POINT ( 'NONE',  ( 0.6231360000000000232, 0.3231360000000000343, -0.006863999999999998575 ) ) ;
#291 = FACE_OUTER_BOUND ( 'NONE', #313, .T. ) ;
#292 = ORIENTED_EDGE ( 'NONE', *, *, #2436, .T. ) ;
#293 = SURFACE_SIDE_STYLE ('',( #2748 ) ) ;
#294 = LINE ( 'NONE', #1688, #79 ) ;
#295 = ORIENTED_EDGE ( 'NONE', *, *, #1475, .F. ) ;
#296 = COLOUR_RGB ( '',0.7686274509803920907, 0.7686274509803920907, 0.7686274509803920907 ) ;
#297 = ORIENTED_EDGE ( 'NONE', *, *, #2031, .F. ) ;
#298 = CARTESIAN_POINT ( 'NONE',  ( 0.4800000000000001488, 0.3231360000000000343, -0.01372799999999996072 ) ) ;
#299 = CARTESIAN_POINT ( 'NONE',  ( 0.3819520072573981406, 0.3231360000000000343, -0.1999756692495344157 ) ) ;
#300 =( NAMED_UNIT ( * ) SI_UNIT ( $, .STERADIAN. ) SOLID_ANGLE_UNIT ( ) );
#301 = ORIENTED_EDGE ( 'NONE', *, *, #2408, .T. ) ;
#302 = EDGE_CURVE ( 'NONE', #3631, #4541, #4428, .T. ) ;
#303 = DIRECTION ( 'NONE',  ( -0.2793947940814949793, 0.000000000000000000, 0.9601763114346026917 ) ) ;
#304 = DIRECTION ( 'NONE',  ( 0.9999891854650020395, 0.000000000000000000, 0.004650693823683970871 ) ) ;
#305 = CYLINDRICAL_SURFACE ( 'NONE', #3054, 0.006864000000000007248 ) ;
#306 = ORIENTED_EDGE ( 'NONE', *, *, #1444, .T. ) ;
#307 = ADVANCED_FACE ( 'NONE', ( #2292 ), #1936, .F. ) ;
#308 = DIRECTION ( 'NONE',  ( -1.000000000000000000, 0.000000000000000000, 0.000000000000000000 ) ) ;
#309 = DIRECTION ( 'NONE',  ( 0.000000000000000000, 1.000000000000000000, 0.000000000000000000 ) ) ;
#310 = LINE ( 'NONE', #1706, #1009 ) ;
#311 = ORIENTED_EDGE ( 'NONE', *, *, #3858, .F. ) ;
#312 = SURFACE_STYLE_USAGE ( .BOTH. , #4126 ) ;
#313 = EDGE_LOOP ( 'NONE', ( #1368, #1744, #2805, #3959 ) ) ;
#314 = FILL_AREA_STYLE_COLOUR ( '', #4404 ) ;
#315 = PLANE ( 'NONE',  #2755 ) ;
#316 = EDGE_LOOP ( 'NONE', ( #4399, #4457, #295, #4439 ) ) ;
#317 = CARTESIAN_POINT ( 'NONE',  ( 0.3024100848085848892, 0.3281360000000000388, -0.2083447309874472686 ) ) ;
#318 = ORIENTED_EDGE ( 'NONE', *, *, #1973, .T. ) ;
#319 = PLANE ( 'NONE',  #1179 ) ;
#320 = CARTESIAN_POINT ( 'NONE',  ( 0.2068507293713538198, 0.3281360000000000388, -0.1885350125314009251 ) ) ;
#321 = DIRECTION ( 'NONE',  ( 0.000000000000000000, 0.000000000000000000, -1.000000000000000000 ) ) ;
#322 = ORIENTED_EDGE ( 'NONE', *, *, #2975, .T. ) ;
#323 = VECTOR ( 'NONE', #232, 1000.000000000000000 ) ;
#324 = CARTESIAN_POINT ( 'NONE',  ( 0.1499947403365570475, 0.3227122925693834965, -0.01124788913744361948 ) ) ;
#325 = EDGE_CURVE ( 'NONE', #3492, #3234, #1320, .T. ) ;
#326 = CARTESIAN_POINT ( 'NONE',  ( 0.3718990113796860064, 0.3231360000000000343, -0.1650000000000000078 ) ) ;
#327 =( GEOMETRIC_REPRESENTATION_CONTEXT ( 3 ) GLOBAL_UNCERTAINTY_ASSIGNED_CONTEXT ( ( #3972 ) ) GLOBAL_UNIT_ASSIGNED_CONTEXT ( ( #2711, #245, #195 ) ) REPRESENTATION_CONTEXT ( 'NONE', 'WORKASPACE' ) );
#328 = CARTESIAN_POINT ( 'NONE',  ( 0.4800000000000000933, 0.007546627053175282950, -0.007546627053175273409 ) ) ;
#329 = AXIS2_PLACEMENT_3D ( 'NONE', #1668, #2774, #4174 ) ;
#330 = FILL_AREA_STYLE_COLOUR ( '', #1524 ) ;
#331 = EDGE_CURVE ( 'NONE', #171, #3110, #1259, .T. ) ;
#332 = EDGE_LOOP ( 'NONE', ( #3622, #1394, #3500, #1483 ) ) ;
#333 = CARTESIAN_POINT ( 'NONE',  ( 0.2770545214029251913, 0.3281360000000000388, -0.1649999999999999800 ) ) ;
#334 = VERTEX_POINT ( 'NONE', #915 ) ;
#335 = DIRECTION ( 'NONE',  ( -1.000000000000000000, 0.000000000000000000, 0.000000000000000000 ) ) ;
#336 = ORIENTED_EDGE ( 'NONE', *, *, #3049, .T. ) ;
#337 = DIRECTION ( 'NONE',  ( -0.000000000000000000, 2.714849189917637474E-15, 1.000000000000000000 ) ) ;
#338 =( NAMED_UNIT ( * ) SI_UNIT ( $, .STERADIAN. ) SOLID_ANGLE_UNIT ( ) );
#339 = ORIENTED_EDGE ( 'NONE', *, *, #760, .T. ) ;
#340 = PRESENTATION_STYLE_ASSIGNMENT (( #3100 ) ) ;
#341 = CARTESIAN_POINT ( 'NONE',  ( 0.4800105301632431876, 0.01147565782918081451, -0.007244062095797810553 ) ) ;
#342 = CARTESIAN_POINT ( 'NONE',  ( 0.4800000000000001488, 0.3231360000000000343, -0.3162720000000000531 ) ) ;
#343 = CIRCLE ( 'NONE', #2768, 0.006863999999999998575 ) ;
#344 = ORIENTED_EDGE ( 'NONE', *, *, #4477, .F. ) ;
#345 = AXIS2_PLACEMENT_3D ( 'NONE', #3934, #45, #793 ) ;
#346 =( GEOMETRIC_REPRESENTATION_CONTEXT ( 3 ) GLOBAL_UNCERTAINTY_ASSIGNED_CONTEXT ( ( #3560 ) ) GLOBAL_UNIT_ASSIGNED_CONTEXT ( ( #2714, #918, #937 ) ) REPRESENTATION_CONTEXT ( 'NONE', 'WORKASPACE' ) );
#347 = LINE ( 'NONE', #3535, #1579 ) ;
#348 =( NAMED_UNIT ( * ) PLANE_ANGLE_UNIT ( ) SI_UNIT ( $, .RADIAN. ) );
#349 = MECHANICAL_DESIGN_GEOMETRIC_PRESENTATION_REPRESENTATION (  '', ( #2179 ), #2924 ) ;
#350 = AXIS2_PLACEMENT_3D ( 'NONE', #4169, #3824, #3158 ) ;
#351 =( LENGTH_UNIT ( ) NAMED_UNIT ( * ) SI_UNIT ( .MILLI., .METRE. ) );
#352 = EDGE_CURVE ( 'NONE', #779, #1975, #576, .T. ) ;
#353 = VECTOR ( 'NONE', #1750, 1000.000000000000000 ) ;
#354 = CIRCLE ( 'NONE', #582, 0.006863999999999998575 ) ;
#355 = CARTESIAN_POINT ( 'NONE',  ( 0.6300000000000000044, 0.3231360000000000343, -0.006863999999999998575 ) ) ;
#356 = EDGE_LOOP ( 'NONE', ( #2734, #387, #1757, #2344 ) ) ;
#357 = LINE ( 'NONE', #3757, #2248 ) ;
#358 = FACE_OUTER_BOUND ( 'NONE', #81, .T. ) ;
#359 = PRESENTATION_LAYER_ASSIGNMENT (  '', '', ( #1308 ) ) ;
#360 = ORIENTED_EDGE ( 'NONE', *, *, #668, .F. ) ;
#361 = EDGE_CURVE ( 'NONE', #75, #3188, #1275, .T. ) ;
#362 = FILL_AREA_STYLE ('',( #314 ) ) ;
#363 = FACE_OUTER_BOUND ( 'NONE', #1028, .T. ) ;
#364 = AXIS2_PLACEMENT_3D ( 'NONE', #3473, #3408, #4151 ) ;
#365 = EDGE_LOOP ( 'NONE', ( #3455, #1113, #597 ) ) ;
#366 =( LENGTH_UNIT ( ) NAMED_UNIT ( * ) SI_UNIT ( .MILLI., .METRE. ) );
#367 = ORIENTED_EDGE ( 'NONE', *, *, #1762, .F. ) ;
#368 = MECHANICAL_DESIGN_GEOMETRIC_PRESENTATION_REPRESENTATION (  '', ( #3595 ), #1616 ) ;
#369 = SPHERICAL_SURFACE ( 'NONE', #1464, 0.006863999999999998575 ) ;
#370 = CARTESIAN_POINT ( 'NONE',  ( 0.2214419934715744775, 0.3281360000000000388, -0.1649999999999999800 ) ) ;
#371 = DIRECTION ( 'NONE',  ( -0.2760118818968593790, 0.000000000000000000, 0.9611542233438680194 ) ) ;
#372 = COLOUR_RGB ( '',0.7686274509803920907, 0.7686274509803920907, 0.7686274509803920907 ) ;
#373 = ORIENTED_EDGE ( 'NONE', *, *, #1140, .F. ) ;
#374 = ORIENTED_EDGE ( 'NONE', *, *, #4272, .F. ) ;
#375 =( NAMED_UNIT ( * ) SI_UNIT ( $, .STERADIAN. ) SOLID_ANGLE_UNIT ( ) );
#376 = EDGE_LOOP ( 'NONE', ( #2201, #3113, #1438, #1718 ) ) ;
#377 = PLANE ( 'NONE',  #422 ) ;
#378 = FILL_AREA_STYLE_COLOUR ( '', #2633 ) ;
#379 = CYLINDRICAL_SURFACE ( 'NONE', #1449, 0.006863999999999998575 ) ;
#380 = VERTEX_POINT ( 'NONE', #2339 ) ;
#381 = PLANE ( 'NONE',  #1382 ) ;
#382 = ORIENTED_EDGE ( 'NONE', *, *, #3274, .F. ) ;
#383 = CARTESIAN_POINT ( 'NONE',  ( 0.3938193945955072994, 0.3281360000000000388, -0.1999747271157947814 ) ) ;
#384 = SPHERICAL_SURFACE ( 'NONE', #212, 0.006863999999999998575 ) ;
#385 = ADVANCED_FACE ( 'NONE', ( #3743 ), #599, .T. ) ;
#386 = ADVANCED_FACE ( 'NONE', ( #3499 ), #315, .F. ) ;
#387 = ORIENTED_EDGE ( 'NONE', *, *, #533, .F. ) ;
#388 = DIRECTION ( 'NONE',  ( -1.000000000000000000, 0.000000000000000000, 0.000000000000000000 ) ) ;
#389 = CARTESIAN_POINT ( 'NONE',  ( 0.1499999999999999667, 0.01372799999999997633, -0.006863999999999980360 ) ) ;
#390 = DIRECTION ( 'NONE',  ( -1.000000000000000000, 0.000000000000000000, 0.000000000000000000 ) ) ;
#391 = EDGE_CURVE ( 'NONE', #2045, #4020, #1996, .T. ) ;
#392 = ORIENTED_EDGE ( 'NONE', *, *, #536, .F. ) ;
#393 = ORIENTED_EDGE ( 'NONE', *, *, #2259, .F. ) ;
#394 = DIRECTION ( 'NONE',  ( 0.000000000000000000, -1.000000000000000000, 0.000000000000000000 ) ) ;
#395 = FILL_AREA_STYLE ('',( #3536 ) ) ;
#396 = LINE ( 'NONE', #2529, #3632 ) ;
#397 = PRESENTATION_LAYER_ASSIGNMENT (  '', '', ( #1649 ) ) ;
#398 = CARTESIAN_POINT ( 'NONE',  ( 0.6300000000000000044, 0.3300000000000000155, -0.006863999999999998575 ) ) ;
#399 = PRESENTATION_STYLE_ASSIGNMENT (( #473 ) ) ;
#400 = CARTESIAN_POINT ( 'NONE',  ( 0.2792175273593778262, 0.3281360000000000388, -0.2035886746902791367 ) ) ;
#401 = VERTEX_POINT ( 'NONE', #3141 ) ;
#402 = UNCERTAINTY_MEASURE_WITH_UNIT (LENGTH_MEASURE( 1.000000000000000082E-05 ), #2606, 'distance_accuracy_value', 'NONE');
#403 = DIRECTION ( 'NONE',  ( 0.000000000000000000, -1.000000000000000000, 0.000000000000000000 ) ) ;
#404 = CARTESIAN_POINT ( 'NONE',  ( 0.3214207890201735141, 0.3281360000000000388, -0.2083447309874472686 ) ) ;
#405 = ORIENTED_EDGE ( 'NONE', *, *, #2375, .T. ) ;
#406 = DIRECTION ( 'NONE',  ( -0.9619530280415443668, 0.000000000000000000, -0.2732148821746424594 ) ) ;
#407 = CARTESIAN_POINT ( 'NONE',  ( 0.6300000000000000044, 0.3231360000000000343, 0.000000000000000000 ) ) ;
#408 = AXIS2_PLACEMENT_3D ( 'NONE', #2496, #3899, #3600 ) ;
#409 = CARTESIAN_POINT ( 'NONE',  ( 0.3962247889799387912, 0.3281360000000000388, -0.2083447309874472686 ) ) ;
#410 = ORIENTED_EDGE ( 'NONE', *, *, #3184, .F. ) ;
#411 = EDGE_CURVE ( 'NONE', #1823, #3646, #2400, .T. ) ;
#412 = CARTESIAN_POINT ( 'NONE',  ( 0.3319353280894461466, 0.3281360000000000388, -0.1840192170103121527 ) ) ;
#413 = CARTESIAN_POINT ( 'NONE',  ( 0.1939708802911082608, 0.3281360000000000388, -0.1885350125314001757 ) ) ;
#414 = ORIENTED_EDGE ( 'NONE', *, *, #723, .F. ) ;
#415 =( GEOMETRIC_REPRESENTATION_CONTEXT ( 3 ) GLOBAL_UNCERTAINTY_ASSIGNED_CONTEXT ( ( #231 ) ) GLOBAL_UNIT_ASSIGNED_CONTEXT ( ( #2621, #1581, #4016 ) ) REPRESENTATION_CONTEXT ( 'NONE', 'WORKASPACE' ) );
#416 = ORIENTED_EDGE ( 'NONE', *, *, #1588, .F. ) ;
#417 = EDGE_CURVE ( 'NONE', #253, #4267, #3405, .T. ) ;
#418 = VECTOR ( 'NONE', #3008, 1000.000000000000227 ) ;
#419 = FILL_AREA_STYLE ('',( #792 ) ) ;
#420 = CARTESIAN_POINT ( 'NONE',  ( 0.4799998302667594641, 0.006892211563889799088, -0.01301050416105430964 ) ) ;
#421 = COLOUR_RGB ( '',0.7686274509803920907, 0.7686274509803920907, 0.7686274509803920907 ) ;
#422 = AXIS2_PLACEMENT_3D ( 'NONE', #2112, #3518, #2834 ) ;
#423 = FACE_OUTER_BOUND ( 'NONE', #3159, .T. ) ;
#424 = AXIS2_PLACEMENT_3D ( 'NONE', #3898, #4291, #3543 ) ;
#425 = ORIENTED_EDGE ( 'NONE', *, *, #325, .T. ) ;
#426 = FACE_OUTER_BOUND ( 'NONE', #4371, .T. ) ;
#427 = ORIENTED_EDGE ( 'NONE', *, *, #4469, .F. ) ;
#428 = STYLED_ITEM ( 'NONE', ( #183 ), #3444 ) ;
#429 = VECTOR ( 'NONE', #3137, 1000.000000000000000 ) ;
#430 = DIRECTION ( 'NONE',  ( -1.000000000000000000, 0.000000000000000000, 0.000000000000000000 ) ) ;
#431 = UNCERTAINTY_MEASURE_WITH_UNIT (LENGTH_MEASURE( 1.000000000000000082E-05 ), #2333, 'distance_accuracy_value', 'NONE');
#432 = ORIENTED_EDGE ( 'NONE', *, *, #1628, .T. ) ;
#433 = DIRECTION ( 'NONE',  ( -0.000000000000000000, -0.000000000000000000, -1.000000000000000000 ) ) ;
#434 = DIRECTION ( 'NONE',  ( 0.000000000000000000, 1.000000000000000000, 0.000000000000000000 ) ) ;
#435 = AXIS2_PLACEMENT_3D ( 'NONE', #3507, #2055, #3168 ) ;
#436 = LINE ( 'NONE', #409, #3582 ) ;
#437 = EDGE_LOOP ( 'NONE', ( #1403, #2275, #1407, #2067 ) ) ;
#438 = AXIS2_PLACEMENT_3D ( 'NONE', #4157, #3148, #3439 ) ;
#439 = FACE_OUTER_BOUND ( 'NONE', #3756, .T. ) ;
#440 =( NAMED_UNIT ( * ) SI_UNIT ( $, .STERADIAN. ) SOLID_ANGLE_UNIT ( ) );
#441 = LINE ( 'NONE', #3212, #269 ) ;
#442 = SURFACE_STYLE_USAGE ( .BOTH. , #2622 ) ;
#443 = VECTOR ( 'NONE', #736, 1000.000000000000000 ) ;
#444 = VERTEX_POINT ( 'NONE', #618 ) ;
#445 = ADVANCED_FACE ( 'NONE', ( #3808 ), #2795, .F. ) ;
#446 = VERTEX_POINT ( 'NONE', #2377 ) ;
#447 = LINE ( 'NONE', #1515, #353 ) ;
#448 = DIRECTION ( 'NONE',  ( 0.2763139702539146314, 0.000000000000000000, -0.9610674221107063930 ) ) ;
#449 = DIRECTION ( 'NONE',  ( 1.000000000000000000, 0.000000000000000000, -0.000000000000000000 ) ) ;
#450 = ADVANCED_FACE ( 'NONE', ( #3116 ), #1395, .F. ) ;
#451 = EDGE_CURVE ( 'NONE', #1268, #3749, #1023, .T. ) ;
#452 = DIRECTION ( 'NONE',  ( -0.000000000000000000, -1.000000000000000000, -0.000000000000000000 ) ) ;
#453 = ORIENTED_EDGE ( 'NONE', *, *, #1280, .T. ) ;
#454 = PLANE ( 'NONE',  #870 ) ;
#455 = CARTESIAN_POINT ( 'NONE',  ( 0.4800243980077934514, 0.007494134006091213857, -0.3192442375574681690 ) ) ;
#456 = EDGE_LOOP ( 'NONE', ( #4188, #4452, #3176 ) ) ;
#457 = LINE ( 'NONE', #1845, #2771 ) ;
#458 = SURFACE_SIDE_STYLE ('',( #1825 ) ) ;
#459 = ORIENTED_EDGE ( 'NONE', *, *, #1675, .F. ) ;
#460 = CARTESIAN_POINT ( 'NONE',  ( 0.4803010196075459537, 0.008874419053935517221, -0.3211255809460644706 ) ) ;
#461 = PLANE ( 'NONE',  #1078 ) ;
#462 = VERTEX_POINT ( 'NONE', #4518 ) ;
#463 = FILL_AREA_STYLE ('',( #2501 ) ) ;
#464 = DIRECTION ( 'NONE',  ( 1.000000000000000000, 0.000000000000000000, 0.000000000000000000 ) ) ;
#465 = CARTESIAN_POINT ( 'NONE',  ( 0.1498392912664616439, 0.3205252979689837689, -0.008340611728579489653 ) ) ;
#466 = VERTEX_POINT ( 'NONE', #1344 ) ;
#467 = EDGE_CURVE ( 'NONE', #1975, #4154, #3075, .T. ) ;
#468 = PLANE ( 'NONE',  #701 ) ;
#469 = DIRECTION ( 'NONE',  ( 0.000000000000000000, 1.000000000000000000, 0.000000000000000000 ) ) ;
#470 = CARTESIAN_POINT ( 'NONE',  ( 0.2214419934715744775, 0.3281360000000000388, -0.1649999999999999800 ) ) ;
#471 = CLOSED_SHELL ( 'NONE', ( #477, #1255, #3592, #386, #3214, #943, #445, #1992, #1651, #307, #2021, #66, #4117, #2887, #3300, #2324, #3670, #921, #2110, #3222, #3833, #4300, #4483, #1969, #182 ) ) ;
#472 = EDGE_CURVE ( 'NONE', #4254, #3329, #2426, .T. ) ;
#473 = SURFACE_STYLE_USAGE ( .BOTH. , #2133 ) ;
#474 = LINE ( 'NONE', #400, #1817 ) ;
#475 = ORIENTED_EDGE ( 'NONE', *, *, #117, .F. ) ;
#476 = MECHANICAL_DESIGN_GEOMETRIC_PRESENTATION_REPRESENTATION (  '', ( #4453 ), #2819 ) ;
#477 = ADVANCED_FACE ( 'NONE', ( #363 ), #805, .F. ) ;
#478 = LINE ( 'NONE', #3108, #2778 ) ;
#479 = LINE ( 'NONE', #3178, #2383 ) ;
#480 = ORIENTED_EDGE ( 'NONE', *, *, #2739, .T. ) ;
#481 = CARTESIAN_POINT ( 'NONE',  ( 0.1496989803924541895, 0.3211255809460645261, -0.3211255809460644151 ) ) ;
#482 = DIRECTION ( 'NONE',  ( 0.000000000000000000, 0.000000000000000000, -1.000000000000000000 ) ) ;
#483 = DIRECTION ( 'NONE',  ( 0.2762033010289141055, 0.000000000000000000, -0.9610992334305189511 ) ) ;
#484 = ORIENTED_EDGE ( 'NONE', *, *, #3165, .F. ) ;
#485 = AXIS2_PLACEMENT_3D ( 'NONE', #1332, #4138, #1384 ) ;
#486 = SURFACE_SIDE_STYLE ('',( #110 ) ) ;
#487 = PRESENTATION_LAYER_ASSIGNMENT (  '', '', ( #4460 ) ) ;
#488 = CARTESIAN_POINT ( 'NONE',  ( 0.1496989803924541895, 0.008874419053935570997, -0.008874419053935463444 ) ) ;
#489 = SURFACE_STYLE_FILL_AREA ( #1177 ) ;
#490 = ORIENTED_EDGE ( 'NONE', *, *, #3363, .F. ) ;
#491 = CIRCLE ( 'NONE', #4307, 0.006863999999999980360 ) ;
#492 = CARTESIAN_POINT ( 'NONE',  ( 0.3365673660705036929, 0.3281360000000000388, -0.2000928342688697570 ) ) ;
#493 = DIRECTION ( 'NONE',  ( 0.000000000000000000, 0.000000000000000000, 1.000000000000000000 ) ) ;
#494 = PRESENTATION_LAYER_ASSIGNMENT (  '', '', ( #3193 ) ) ;
#495 =( GEOMETRIC_REPRESENTATION_CONTEXT ( 3 ) GLOBAL_UNCERTAINTY_ASSIGNED_CONTEXT ( ( #1985 ) ) GLOBAL_UNIT_ASSIGNED_CONTEXT ( ( #1611, #600, #532 ) ) REPRESENTATION_CONTEXT ( 'NONE', 'WORKASPACE' ) );
#496 = FILL_AREA_STYLE_COLOUR ( '', #4190 ) ;
#497 = CARTESIAN_POINT ( 'NONE',  ( 0.2659364968533158291, 0.3231360000000000343, -0.2083447309874472686 ) ) ;
#498 = COLOUR_RGB ( '',0.7686274509803920907, 0.7686274509803920907, 0.7686274509803920907 ) ;
#499 = STYLED_ITEM ( 'NONE', ( #3111 ), #1536 ) ;
#500 = ORIENTED_EDGE ( 'NONE', *, *, #3356, .T. ) ;
#501 = EDGE_CURVE ( 'NONE', #2833, #3434, #2839, .T. ) ;
#502 = VECTOR ( 'NONE', #587, 1000.000000000000000 ) ;
#503 = COLOUR_RGB ( '',0.7686274509803920907, 0.7686274509803920907, 0.7686274509803920907 ) ;
#504 = CARTESIAN_POINT ( 'NONE',  ( 0.006863999999999980360, 0.3300000000000000155, 0.000000000000000000 ) ) ;
#505 =( NAMED_UNIT ( * ) PLANE_ANGLE_UNIT ( ) SI_UNIT ( $, .RADIAN. ) );
#506 = FACE_OUTER_BOUND ( 'NONE', #1555, .T. ) ;
#507 =( GEOMETRIC_REPRESENTATION_CONTEXT ( 3 ) GLOBAL_UNCERTAINTY_ASSIGNED_CONTEXT ( ( #2696 ) ) GLOBAL_UNIT_ASSIGNED_CONTEXT ( ( #3270, #1085, #542 ) ) REPRESENTATION_CONTEXT ( 'NONE', 'WORKASPACE' ) );
#508 = ORIENTED_EDGE ( 'NONE', *, *, #411, .F. ) ;
#509 =( GEOMETRIC_REPRESENTATION_CONTEXT ( 3 ) GLOBAL_UNCERTAINTY_ASSIGNED_CONTEXT ( ( #820 ) ) GLOBAL_UNIT_ASSIGNED_CONTEXT ( ( #2443, #992, #3777 ) ) REPRESENTATION_CONTEXT ( 'NONE', 'WORKASPACE' ) );
#510 = EDGE_CURVE ( 'NONE', #1598, #2958, #4073, .T. ) ;
#511 = CARTESIAN_POINT ( 'NONE',  ( 0.1499999999999999667, 0.3231360000000000343, -0.3170334024585848565 ) ) ;
#512 = CARTESIAN_POINT ( 'NONE',  ( 0.006863999999999980360, 0.000000000000000000, 0.000000000000000000 ) ) ;
#513 = COLOUR_RGB ( '',0.7686274509803920907, 0.7686274509803920907, 0.7686274509803920907 ) ;
#514 = PLANE ( 'NONE',  #3134 ) ;
#515 = VERTEX_POINT ( 'NONE', #2190 ) ;
#516 = CIRCLE ( 'NONE', #1170, 0.006863999999999980360 ) ;
#517 = FACE_OUTER_BOUND ( 'NONE', #376, .T. ) ;
#518 = CIRCLE ( 'NONE', #886, 0.006863999999999998575 ) ;
#519 = CARTESIAN_POINT ( 'NONE',  ( 0.2681375912907623116, 0.3231360000000000343, -0.1649999999999999800 ) ) ;
#520 = DIRECTION ( 'NONE',  ( -1.000000000000000000, 0.000000000000000000, 0.000000000000000000 ) ) ;
#521 = DIRECTION ( 'NONE',  ( 0.000000000000000000, -1.000000000000000000, -0.000000000000000000 ) ) ;
#522 = ORIENTED_EDGE ( 'NONE', *, *, #839, .T. ) ;
#523 = LINE ( 'NONE', #1891, #1080 ) ;
#524 = ADVANCED_FACE ( 'NONE', ( #3203 ), #3945, .T. ) ;
#525 = SURFACE_STYLE_FILL_AREA ( #3687 ) ;
#526 = DIRECTION ( 'NONE',  ( -0.000000000000000000, 1.000000000000000000, -0.000000000000000000 ) ) ;
#527 = EDGE_LOOP ( 'NONE', ( #129, #2430, #3896, #4288 ) ) ;
#528 = LINE ( 'NONE', #4427, #1021 ) ;
#529 = DIRECTION ( 'NONE',  ( 0.000000000000000000, 0.000000000000000000, 1.000000000000000000 ) ) ;
#530 = ADVANCED_FACE ( 'NONE', ( #1165 ), #2162, .T. ) ;
#531 = CARTESIAN_POINT ( 'NONE',  ( 0.4800000000000001488, 0.3231360000000000343, -0.006863999999999980360 ) ) ;
#532 =( NAMED_UNIT ( * ) SI_UNIT ( $, .STERADIAN. ) SOLID_ANGLE_UNIT ( ) );
#533 = EDGE_CURVE ( 'NONE', #2756, #1254, #733, .T. ) ;
#534 = CARTESIAN_POINT ( 'NONE',  ( 0.1499999999999999667, 0.01296659754141519377, -0.3231360000000000343 ) ) ;
#535 = VERTEX_POINT ( 'NONE', #3621 ) ;
#536 = EDGE_CURVE ( 'NONE', #2908, #2899, #479, .T. ) ;
#537 = CARTESIAN_POINT ( 'NONE',  ( 0.6300000000000000044, 0.000000000000000000, -0.006863999999999998575 ) ) ;
#538 = SURFACE_STYLE_FILL_AREA ( #3086 ) ;
#539 = CYLINDRICAL_SURFACE ( 'NONE', #2921, 0.006863999999999980360 ) ;
#540 = APPLICATION_PROTOCOL_DEFINITION ( 'draft international standard', 'automotive_design', 1998, #2589 ) ;
#541 = CARTESIAN_POINT ( 'NONE',  ( 0.1996982596732767012, 0.3281360000000000388, -0.2083447309874472686 ) ) ;
#542 =( NAMED_UNIT ( * ) SI_UNIT ( $, .STERADIAN. ) SOLID_ANGLE_UNIT ( ) );
#543 = CARTESIAN_POINT ( 'NONE',  ( 0.2604223604419914073, 0.3281360000000000388, -0.1649999999999999800 ) ) ;
#544 = ORIENTED_EDGE ( 'NONE', *, *, #3308, .F. ) ;
#545 = PRODUCT_DEFINITION_CONTEXT ( 'detailed design', #2589, 'design' ) ;
#546 = DIRECTION ( 'NONE',  ( -1.000000000000000000, 0.000000000000000000, 0.000000000000000000 ) ) ;
#547 = PRESENTATION_STYLE_ASSIGNMENT (( #2956 ) ) ;
#548 = SURFACE_STYLE_USAGE ( .BOTH. , #1253 ) ;
#549 = ORIENTED_EDGE ( 'NONE', *, *, #1623, .T. ) ;
#550 = CIRCLE ( 'NONE', #4290, 0.006863999999999980360 ) ;
#551 = DIRECTION ( 'NONE',  ( 0.000000000000000000, 0.000000000000000000, 1.000000000000000000 ) ) ;
#552 = VECTOR ( 'NONE', #98, 1000.000000000000114 ) ;
#553 =( LENGTH_UNIT ( ) NAMED_UNIT ( * ) SI_UNIT ( .MILLI., .METRE. ) );
#554 = ORIENTED_EDGE ( 'NONE', *, *, #1838, .T. ) ;
#555 = EDGE_CURVE ( 'NONE', #686, #3288, #286, .T. ) ;
#556 = VECTOR ( 'NONE', #703, 1000.000000000000000 ) ;
#557 = SURFACE_STYLE_USAGE ( .BOTH. , #3747 ) ;
#558 = PLANE ( 'NONE',  #629 ) ;
#559 = VECTOR ( 'NONE', #1404, 1000.000000000000000 ) ;
#560 = CARTESIAN_POINT ( 'NONE',  ( 0.4868640000000001300, 0.006863999999999998575, -0.3231360000000000343 ) ) ;
#561 = ADVANCED_FACE ( 'NONE', ( #2263 ), #1527, .T. ) ;
#562 = CIRCLE ( 'NONE', #3712, 0.006863999999999998575 ) ;
#563 = SURFACE_STYLE_FILL_AREA ( #2972 ) ;
#564 =( NAMED_UNIT ( * ) PLANE_ANGLE_UNIT ( ) SI_UNIT ( $, .RADIAN. ) );
#565 =( LENGTH_UNIT ( ) NAMED_UNIT ( * ) SI_UNIT ( .MILLI., .METRE. ) );
#566 = CARTESIAN_POINT ( 'NONE',  ( 0.1496989803924542173, 0.008874419053935515486, -0.3211255809460644706 ) ) ;
#567 = VERTEX_POINT ( 'NONE', #1984 ) ;
#568 = PRESENTATION_LAYER_ASSIGNMENT (  '', '', ( #1942 ) ) ;
#569 = CARTESIAN_POINT ( 'NONE',  ( 0.1939708802911082608, 0.3231360000000000343, -0.1885350125314001757 ) ) ;
#570 = COLOUR_RGB ( '',0.7686274509803920907, 0.7686274509803920907, 0.7686274509803920907 ) ;
#571 = FACE_OUTER_BOUND ( 'NONE', #1905, .T. ) ;
#572 = ORIENTED_EDGE ( 'NONE', *, *, #4232, .F. ) ;
#573 = MECHANICAL_DESIGN_GEOMETRIC_PRESENTATION_REPRESENTATION (  '', ( #3943 ), #2767 ) ;
#574 = COLOUR_RGB ( '',0.6470588235294117974, 0.5176470588235293491, 0.000000000000000000 ) ;
#575 = LINE ( 'NONE', #4356, #1618 ) ;
#576 = LINE ( 'NONE', #3372, #769 ) ;
#577 = FACE_OUTER_BOUND ( 'NONE', #3442, .T. ) ;
#578 = PRESENTATION_LAYER_ASSIGNMENT (  '', '', ( #719 ) ) ;
#579 = STYLED_ITEM ( 'NONE', ( #3112 ), #2117 ) ;
#580 = EDGE_LOOP ( 'NONE', ( #1303, #50, #4176, #692 ) ) ;
#581 = CIRCLE ( 'NONE', #3731, 0.006863999999999998575 ) ;
#582 = AXIS2_PLACEMENT_3D ( 'NONE', #4341, #745, #1517 ) ;
#583 = DIRECTION ( 'NONE',  ( 0.2759782365590801034, 0.000000000000000000, -0.9611638845408936316 ) ) ;
#584 = CARTESIAN_POINT ( 'NONE',  ( 0.2128210054131496887, 0.3281360000000000388, -0.2083447309874472686 ) ) ;
#585 = ADVANCED_FACE ( 'NONE', ( #2613 ), #4139, .T. ) ;
#586 = VECTOR ( 'NONE', #1742, 1000.000000000000114 ) ;
#587 = DIRECTION ( 'NONE',  ( 0.000000000000000000, 1.000000000000000000, -0.000000000000000000 ) ) ;
#588 =( NAMED_UNIT ( * ) PLANE_ANGLE_UNIT ( ) SI_UNIT ( $, .RADIAN. ) );
#589 = EDGE_CURVE ( 'NONE', #3942, #1570, #2350, .T. ) ;
#590 = CARTESIAN_POINT ( 'NONE',  ( 0.1499999999999999667, 0.3231360000000000343, -0.3162720000000000531 ) ) ;
#591 = LINE ( 'NONE', #4416, #2557 ) ;
#592 = EDGE_CURVE ( 'NONE', #1135, #1844, #984, .T. ) ;
#593 = AXIS2_PLACEMENT_3D ( 'NONE', #2143, #3551, #464 ) ;
#594 = UNCERTAINTY_MEASURE_WITH_UNIT (LENGTH_MEASURE( 1.000000000000000082E-05 ), #1070, 'distance_accuracy_value', 'NONE');
#595 = LINE ( 'NONE', #2662, #2992 ) ;
#596 = FILL_AREA_STYLE ('',( #3738 ) ) ;
#597 = ORIENTED_EDGE ( 'NONE', *, *, #1331, .F. ) ;
#598 = CYLINDRICAL_SURFACE ( 'NONE', #2900, 0.006863999999999980360 ) ;
#599 = CYLINDRICAL_SURFACE ( 'NONE', #4001, 0.006863999999999997707 ) ;
#600 =( NAMED_UNIT ( * ) PLANE_ANGLE_UNIT ( ) SI_UNIT ( $, .RADIAN. ) );
#601 = DIRECTION ( 'NONE',  ( 0.000000000000000000, -1.000000000000000000, 0.000000000000000000 ) ) ;
#602 = ORIENTED_EDGE ( 'NONE', *, *, #947, .T. ) ;
#603 = CARTESIAN_POINT ( 'NONE',  ( 0.1499999999999999667, 0.006863999999999980360, -0.006863999999999980360 ) ) ;
#604 = FACE_OUTER_BOUND ( 'NONE', #43, .T. ) ;
#605 = ORIENTED_EDGE ( 'NONE', *, *, #818, .T. ) ;
#606 = CARTESIAN_POINT ( 'NONE',  ( 0.6231360000000000232, 0.000000000000000000, 0.000000000000000000 ) ) ;
#607 = PRODUCT_RELATED_PRODUCT_CATEGORY ( 'part', '', ( #1130 ) ) ;
#608 = SURFACE_STYLE_USAGE ( .BOTH. , #1387 ) ;
#609 = PLANE ( 'NONE',  #722 ) ;
#610 = EDGE_CURVE ( 'NONE', #243, #910, #3194, .T. ) ;
#611 = CARTESIAN_POINT ( 'NONE',  ( 0.006863999999999998575, 0.006863999999999998575, -0.3231360000000000343 ) ) ;
#612 = ORIENTED_EDGE ( 'NONE', *, *, #1411, .T. ) ;
#613 = PRESENTATION_STYLE_ASSIGNMENT (( #3346 ) ) ;
#614 = ORIENTED_EDGE ( 'NONE', *, *, #1923, .F. ) ;
#615 = PRESENTATION_STYLE_ASSIGNMENT (( #4129 ) ) ;
#616 = EDGE_CURVE ( 'NONE', #22, #4535, #173, .T. ) ;
#617 = SURFACE_STYLE_FILL_AREA ( #4497 ) ;
#618 = CARTESIAN_POINT ( 'NONE',  ( 0.3696076378993875533, 0.3281360000000000388, -0.1999756692496419686 ) ) ;
#619 = LINE ( 'NONE', #1997, #3223 ) ;
#620 = FILL_AREA_STYLE_COLOUR ( '', #2246 ) ;
#621 = CYLINDRICAL_SURFACE ( 'NONE', #1377, 0.006863999999999998575 ) ;
#622 = ORIENTED_EDGE ( 'NONE', *, *, #1628, .F. ) ;
#623 = DIRECTION ( 'NONE',  ( -1.000000000000000000, 0.000000000000000000, 0.000000000000000000 ) ) ;
#624 = LINE ( 'NONE', #2720, #3570 ) ;
#625 = AXIS2_PLACEMENT_3D ( 'NONE', #1959, #1578, #1215 ) ;
#626 = AXIS2_PLACEMENT_3D ( 'NONE', #1477, #4274, #1111 ) ;
#627 = LINE ( 'NONE', #2008, #4550 ) ;
#628 = SURFACE_STYLE_FILL_AREA ( #3462 ) ;
#629 = AXIS2_PLACEMENT_3D ( 'NONE', #3768, #2996, #3041 ) ;
#630 = EDGE_LOOP ( 'NONE', ( #3173, #2441, #801 ) ) ;
#631 = VECTOR ( 'NONE', #1925, 1000.000000000000000 ) ;
#632 = FACE_OUTER_BOUND ( 'NONE', #1830, .T. ) ;
#633 = ADVANCED_FACE ( 'NONE', ( #1385 ), #4235, .T. ) ;
#634 = ORIENTED_EDGE ( 'NONE', *, *, #1104, .F. ) ;
#635 = AXIS2_PLACEMENT_3D ( 'NONE', #4352, #3181, #1093 ) ;
#636 = PLANE ( 'NONE',  #875 ) ;
#637 = CARTESIAN_POINT ( 'NONE',  ( 0.1499999999999999667, 0.3231360000000000343, -0.3300000000000000155 ) ) ;
#638 = ORIENTED_EDGE ( 'NONE', *, *, #616, .F. ) ;
#639 = LINE ( 'NONE', #299, #2164 ) ;
#640 = DIRECTION ( 'NONE',  ( -0.9620200793798756589, 0.000000000000000000, -0.2729786930695101699 ) ) ;
#641 = EDGE_CURVE ( 'NONE', #334, #2045, #3708, .T. ) ;
#642 = AXIS2_PLACEMENT_3D ( 'NONE', #68, #469, #1103 ) ;
#643 = ORIENTED_EDGE ( 'NONE', *, *, #913, .T. ) ;
#644 = MECHANICAL_DESIGN_GEOMETRIC_PRESENTATION_REPRESENTATION (  '', ( #865 ), #2175 ) ;
#645 = SURFACE_STYLE_FILL_AREA ( #977 ) ;
#646 = AXIS2_PLACEMENT_3D ( 'NONE', #4481, #4137, #263 ) ;
#647 = COLOUR_RGB ( '',0.7686274509803920907, 0.7686274509803920907, 0.7686274509803920907 ) ;
#648 = CARTESIAN_POINT ( 'NONE',  ( 0.1499999999999999667, 0.3170334024585848565, -0.006863999999999980360 ) ) ;
#649 = SURFACE_STYLE_USAGE ( .BOTH. , #2056 ) ;
#650 = ORIENTED_EDGE ( 'NONE', *, *, #1762, .T. ) ;
#651 = AXIS2_PLACEMENT_3D ( 'NONE', #108, #2545, #1799 ) ;
#652 = DIRECTION ( 'NONE',  ( 0.000000000000000000, 0.000000000000000000, 1.000000000000000000 ) ) ;
#653 = VECTOR ( 'NONE', #1014, 1000.000000000000114 ) ;
#654 =( LENGTH_UNIT ( ) NAMED_UNIT ( * ) SI_UNIT ( .MILLI., .METRE. ) );
#655 = PRESENTATION_STYLE_ASSIGNMENT (( #1057 ) ) ;
#656 = VECTOR ( 'NONE', #159, 1000.000000000000000 ) ;
#657 = LINE ( 'NONE', #2041, #1162 ) ;
#658 = SURFACE_STYLE_USAGE ( .BOTH. , #293 ) ;
#659 = AXIS2_PLACEMENT_3D ( 'NONE', #2798, #2754, #2475 ) ;
#660 = CARTESIAN_POINT ( 'NONE',  ( 0.3141752726016238118, 0.3281360000000000388, -0.1649999999999999800 ) ) ;
#661 = ORIENTED_EDGE ( 'NONE', *, *, #4040, .T. ) ;
#662 = MECHANICAL_DESIGN_GEOMETRIC_PRESENTATION_REPRESENTATION (  '', ( #2651 ), #1315 ) ;
#663 = ORIENTED_EDGE ( 'NONE', *, *, #2744, .T. ) ;
#664 = DIRECTION ( 'NONE',  ( -0.000000000000000000, -0.000000000000000000, 1.000000000000000000 ) ) ;
#665 =( LENGTH_UNIT ( ) NAMED_UNIT ( * ) SI_UNIT ( .MILLI., .METRE. ) );
#666 = DIRECTION ( 'NONE',  ( -1.000000000000000000, 0.000000000000000000, 0.000000000000000000 ) ) ;
#667 = ORIENTED_EDGE ( 'NONE', *, *, #2888, .T. ) ;
#668 = EDGE_CURVE ( 'NONE', #334, #905, #3128, .T. ) ;
#669 = CARTESIAN_POINT ( 'NONE',  ( 0.3718990113796860064, 0.3281360000000000388, -0.1650000000000000078 ) ) ;
#670 = DIRECTION ( 'NONE',  ( -1.000000000000000000, 0.000000000000000000, 0.000000000000000000 ) ) ;
#671 = ORIENTED_EDGE ( 'NONE', *, *, #2431, .F. ) ;
#672 = ORIENTED_EDGE ( 'NONE', *, *, #2671, .F. ) ;
#673 = EDGE_CURVE ( 'NONE', #2267, #3091, #3676, .T. ) ;
#674 = DIRECTION ( 'NONE',  ( 0.000000000000000000, 0.000000000000000000, -1.000000000000000000 ) ) ;
#675 = DIRECTION ( 'NONE',  ( -0.000000000000000000, 1.000000000000000000, -0.000000000000000000 ) ) ;
#676 = FILL_AREA_STYLE_COLOUR ( '', #498 ) ;
#677 = DIRECTION ( 'NONE',  ( 0.000000000000000000, -1.000000000000000000, 0.000000000000000000 ) ) ;
#678 = FILL_AREA_STYLE ('',( #28 ) ) ;
#679 = VERTEX_POINT ( 'NONE', #3486 ) ;
#680 = DIRECTION ( 'NONE',  ( -0.2762517575166415496, 0.000000000000000000, 0.9610853065513833560 ) ) ;
#681 = DIRECTION ( 'NONE',  ( 0.000000000000000000, 0.000000000000000000, -1.000000000000000000 ) ) ;
#682 = ORIENTED_EDGE ( 'NONE', *, *, #2549, .T. ) ;
#683 = CARTESIAN_POINT ( 'NONE',  ( 0.2979442931012975526, 0.3281360000000000388, -0.1649999999999999800 ) ) ;
#684 = CARTESIAN_POINT ( 'NONE',  ( 0.2361433698422951144, 0.3231360000000000343, -0.1732463613633699606 ) ) ;
#685 = LINE ( 'NONE', #1001, #1811 ) ;
#686 = VERTEX_POINT ( 'NONE', #744 ) ;
#687 = CARTESIAN_POINT ( 'NONE',  ( 0.4799999999999892131, 0.3166302014679504562, -0.006863999999999353258 ) ) ;
#688 = CARTESIAN_POINT ( 'NONE',  ( 0.1500001697332406236, 0.01301050416105438597, -0.006892211563889790414 ) ) ;
#689 = CARTESIAN_POINT ( 'NONE',  ( 0.2887188603287782485, 0.3231360000000000343, -0.2083447309874472686 ) ) ;
#690 = ORIENTED_EDGE ( 'NONE', *, *, #3165, .T. ) ;
#691 = EDGE_CURVE ( 'NONE', #1135, #4541, #2807, .T. ) ;
#692 = ORIENTED_EDGE ( 'NONE', *, *, #3489, .F. ) ;
#693 = FACE_OUTER_BOUND ( 'NONE', #1834, .T. ) ;
#694 = COLOUR_RGB ( '',0.7686274509803920907, 0.7686274509803920907, 0.7686274509803920907 ) ;
#695 = DIRECTION ( 'NONE',  ( -1.000000000000000000, 0.000000000000000000, 0.000000000000000000 ) ) ;
#696 = EDGE_CURVE ( 'NONE', #3778, #765, #768, .T. ) ;
#697 = FILL_AREA_STYLE ('',( #1058 ) ) ;
#698 = ORIENTED_EDGE ( 'NONE', *, *, #589, .F. ) ;
#699 = DIRECTION ( 'NONE',  ( -0.000000000000000000, 1.000000000000000000, -0.000000000000000000 ) ) ;
#700 = ORIENTED_EDGE ( 'NONE', *, *, #3360, .T. ) ;
#701 = AXIS2_PLACEMENT_3D ( 'NONE', #4385, #2902, #1563 ) ;
#702 = DIRECTION ( 'NONE',  ( 0.000000000000000000, -1.000000000000000000, 0.000000000000000000 ) ) ;
#703 = DIRECTION ( 'NONE',  ( 0.000000000000000000, -1.000000000000000000, 0.000000000000000000 ) ) ;
#704 =( GEOMETRIC_REPRESENTATION_CONTEXT ( 3 ) GLOBAL_UNCERTAINTY_ASSIGNED_CONTEXT ( ( #2657 ) ) GLOBAL_UNIT_ASSIGNED_CONTEXT ( ( #2075, #4207, #41 ) ) REPRESENTATION_CONTEXT ( 'NONE', 'WORKASPACE' ) );
#705 = ORIENTED_EDGE ( 'NONE', *, *, #2858, .T. ) ;
#706 =( LENGTH_UNIT ( ) NAMED_UNIT ( * ) SI_UNIT ( .MILLI., .METRE. ) );
#707 =( NAMED_UNIT ( * ) SI_UNIT ( $, .STERADIAN. ) SOLID_ANGLE_UNIT ( ) );
#708 = CARTESIAN_POINT ( 'NONE',  ( 0.1748999999999999166, 0.3281360000000000388, -0.1650000000000000078 ) ) ;
#709 = ORIENTED_EDGE ( 'NONE', *, *, #1361, .F. ) ;
#710 = VECTOR ( 'NONE', #2095, 1000.000000000000114 ) ;
#711 = CARTESIAN_POINT ( 'NONE',  ( 0.1500000000000108746, 0.01336979853204963917, -0.006863999999999368003 ) ) ;
#712 = MECHANICAL_DESIGN_GEOMETRIC_PRESENTATION_REPRESENTATION (  '', ( #1732 ), #1514 ) ;
#713 = ORIENTED_EDGE ( 'NONE', *, *, #417, .F. ) ;
#714 = EDGE_LOOP ( 'NONE', ( #3196, #1880, #4145, #810, #1497, #3032 ) ) ;
#715 = VECTOR ( 'NONE', #3769, 1000.000000000000000 ) ;
#716 =( GEOMETRIC_REPRESENTATION_CONTEXT ( 3 ) GLOBAL_UNCERTAINTY_ASSIGNED_CONTEXT ( ( #3601 ) ) GLOBAL_UNIT_ASSIGNED_CONTEXT ( ( #654, #348, #1358 ) ) REPRESENTATION_CONTEXT ( 'NONE', 'WORKASPACE' ) );
#717 =( NAMED_UNIT ( * ) SI_UNIT ( $, .STERADIAN. ) SOLID_ANGLE_UNIT ( ) );
#718 = UNCERTAINTY_MEASURE_WITH_UNIT (LENGTH_MEASURE( 1.000000000000000082E-05 ), #1046, 'distance_accuracy_value', 'NONE');
#719 = STYLED_ITEM ( 'NONE', ( #924 ), #2826 ) ;
#720 = COLOUR_RGB ( '',0.6470588235294117974, 0.5176470588235293491, 0.000000000000000000 ) ;
#721 = AXIS2_PLACEMENT_3D ( 'NONE', #1824, #3878, #1774 ) ;
#722 = AXIS2_PLACEMENT_3D ( 'NONE', #1288, #170, #4029 ) ;
#723 = EDGE_CURVE ( 'NONE', #926, #2707, #2127, .T. ) ;
#724 = EDGE_CURVE ( 'NONE', #779, #1570, #2506, .T. ) ;
#725 = CARTESIAN_POINT ( 'NONE',  ( 0.1431359999999999855, 0.000000000000000000, -0.006863999999999998575 ) ) ;
#726 = ORIENTED_EDGE ( 'NONE', *, *, #4204, .T. ) ;
#727 = DIRECTION ( 'NONE',  ( 1.000000000000000000, 0.000000000000000000, 0.000000000000000000 ) ) ;
#728 = PLANE ( 'NONE',  #936 ) ;
#729 = COLOUR_RGB ( '',0.7686274509803920907, 0.7686274509803920907, 0.7686274509803920907 ) ;
#730 = ORIENTED_EDGE ( 'NONE', *, *, #878, .F. ) ;
#731 = EDGE_CURVE ( 'NONE', #1147, #3788, #347, .T. ) ;
#732 = DIRECTION ( 'NONE',  ( 1.000000000000000000, -0.000000000000000000, -0.000000000000000000 ) ) ;
#733 = LINE ( 'NONE', #2538, #2459 ) ;
#734 = AXIS2_PLACEMENT_3D ( 'NONE', #107, #1797, #2498 ) ;
#735 = EDGE_LOOP ( 'NONE', ( #602, #1363, #1715, #4218 ) ) ;
#736 = DIRECTION ( 'NONE',  ( 0.2745159998572620497, 0.000000000000000000, -0.9615825319869156784 ) ) ;
#737 = CARTESIAN_POINT ( 'NONE',  ( 0.4801607087335384993, 0.3205252979689837689, -0.3216593882714204877 ) ) ;
#738 = ORIENTED_EDGE ( 'NONE', *, *, #3083, .F. ) ;
#739 =( GEOMETRIC_REPRESENTATION_CONTEXT ( 3 ) GLOBAL_UNCERTAINTY_ASSIGNED_CONTEXT ( ( #1912 ) ) GLOBAL_UNIT_ASSIGNED_CONTEXT ( ( #1763, #1350, #4524 ) ) REPRESENTATION_CONTEXT ( 'NONE', 'WORKASPACE' ) );
#740 = PLANE ( 'NONE',  #438 ) ;
#741 = DIRECTION ( 'NONE',  ( 0.000000000000000000, 0.000000000000000000, 1.000000000000000000 ) ) ;
#742 = ORIENTED_EDGE ( 'NONE', *, *, #1310, .F. ) ;
#743 = ORIENTED_EDGE ( 'NONE', *, *, #2319, .T. ) ;
#744 = CARTESIAN_POINT ( 'NONE',  ( 0.2339148621824383434, 0.3231360000000000343, -0.2083447309874472686 ) ) ;
#745 = DIRECTION ( 'NONE',  ( -0.000000000000000000, 1.000000000000000000, -0.000000000000000000 ) ) ;
#746 = B_SPLINE_CURVE_WITH_KNOTS ( 'NONE', 3,
 ( #1049, #1698, #38, #1741, #3791, #3456, #4184, #2030, #687, #1419 ),
 .UNSPECIFIED., .F., .F.,
 ( 4, 3, 3, 4 ),
 ( 0.000000000000000000, 2.160490663711877844E-06, 4.309586043780098371E-06, 5.372024843952040465E-06 ),
 .UNSPECIFIED. ) ;
#747 = ORIENTED_EDGE ( 'NONE', *, *, #3773, .T. ) ;
#748 = PRESENTATION_STYLE_ASSIGNMENT (( #3175 ) ) ;
#749 = DIRECTION ( 'NONE',  ( 0.000000000000000000, 0.000000000000000000, -1.000000000000000000 ) ) ;
#750 = EDGE_LOOP ( 'NONE', ( #2935, #2387, #3908 ) ) ;
#751 = EDGE_CURVE ( 'NONE', #2577, #3272, #2856, .T. ) ;
#752 = CARTESIAN_POINT ( 'NONE',  ( 0.2601712925782482810, 0.3231360000000000343, -0.1732463613633699606 ) ) ;
#753 = SURFACE_SIDE_STYLE ('',( #827 ) ) ;
#754 = UNCERTAINTY_MEASURE_WITH_UNIT (LENGTH_MEASURE( 1.000000000000000082E-05 ), #3616, 'distance_accuracy_value', 'NONE');
#755 = VERTEX_POINT ( 'NONE', #4554 ) ;
#756 = DIRECTION ( 'NONE',  ( -1.000000000000000000, 0.000000000000000000, 0.000000000000000000 ) ) ;
#757 = CARTESIAN_POINT ( 'NONE',  ( 0.2068507293713538198, 0.3281360000000000388, -0.1885350125314009251 ) ) ;
#758 = DIRECTION ( 'NONE',  ( 0.000000000000000000, 0.000000000000000000, -1.000000000000000000 ) ) ;
#759 = VERTEX_POINT ( 'NONE', #4363 ) ;
#760 = EDGE_CURVE ( 'NONE', #4323, #515, #1516, .T. ) ;
#761 = FACE_OUTER_BOUND ( 'NONE', #3183, .T. ) ;
#762 = CARTESIAN_POINT ( 'NONE',  ( 0.2128210054131496887, 0.3231360000000000343, -0.2083447309874472686 ) ) ;
#763 =( LENGTH_UNIT ( ) NAMED_UNIT ( * ) SI_UNIT ( .MILLI., .METRE. ) );
#764 = ORIENTED_EDGE ( 'NONE', *, *, #2631, .F. ) ;
#765 = VERTEX_POINT ( 'NONE', #3658 ) ;
#766 = SURFACE_STYLE_FILL_AREA ( #395 ) ;
#767 = SURFACE_SIDE_STYLE ('',( #168 ) ) ;
#768 = B_SPLINE_CURVE_WITH_KNOTS ( 'NONE', 3,
 ( #1102, #3513, #1768, #3172, #324, #44, #1703, #1447, #1011, #2828 ),
 .UNSPECIFIED., .F., .F.,
 ( 4, 3, 3, 4 ),
 ( 0.000000000000000000, 2.160490663711793141E-06, 4.309586043779924729E-06, 5.372024843951946444E-06 ),
 .UNSPECIFIED. ) ;
#769 = VECTOR ( 'NONE', #4447, 1000.000000000000000 ) ;
#770 = ORIENTED_EDGE ( 'NONE', *, *, #1922, .T. ) ;
#771 = FILL_AREA_STYLE_COLOUR ( '', #3285 ) ;
#772 = CARTESIAN_POINT ( 'NONE',  ( 0.2166061340079447894, 0.3281360000000000388, -0.1650000000000000078 ) ) ;
#773 = CARTESIAN_POINT ( 'NONE',  ( 0.4800000000000001488, 0.3231360000000000343, -0.3231360000000000343 ) ) ;
#774 = ORIENTED_EDGE ( 'NONE', *, *, #3311, .F. ) ;
#775 = VECTOR ( 'NONE', #955, 1000.000000000000000 ) ;
#776 = DIRECTION ( 'NONE',  ( 0.000000000000000000, -1.000000000000000000, 0.000000000000000000 ) ) ;
#777 =( NAMED_UNIT ( * ) SI_UNIT ( $, .STERADIAN. ) SOLID_ANGLE_UNIT ( ) );
#778 = EDGE_CURVE ( 'NONE', #4150, #4088, #491, .T. ) ;
#779 = VERTEX_POINT ( 'NONE', #3218 ) ;
#780 = LINE ( 'NONE', #1436, #4339 ) ;
#781 = FILL_AREA_STYLE_COLOUR ( '', #2391 ) ;
#782 = DIRECTION ( 'NONE',  ( 0.000000000000000000, -1.000000000000000000, 0.000000000000000000 ) ) ;
#783 = ORIENTED_EDGE ( 'NONE', *, *, #1802, .T. ) ;
#784 = PRESENTATION_LAYER_ASSIGNMENT (  '', '', ( #3860 ) ) ;
#785 = SURFACE_STYLE_FILL_AREA ( #3923 ) ;
#786 = ADVANCED_FACE ( 'NONE', ( #2926 ), #4309, .T. ) ;
#787 = CARTESIAN_POINT ( 'NONE',  ( 0.4803010196075459537, 0.008874419053935517221, -0.3211255809460644706 ) ) ;
#788 = EDGE_CURVE ( 'NONE', #3880, #2258, #2204, .T. ) ;
#789 = CARTESIAN_POINT ( 'NONE',  ( 0.1496989803924542173, 0.008874419053935515486, -0.3211255809460644706 ) ) ;
#790 = ORIENTED_EDGE ( 'NONE', *, *, #3920, .F. ) ;
#791 = ORIENTED_EDGE ( 'NONE', *, *, #3816, .T. ) ;
#792 = FILL_AREA_STYLE_COLOUR ( '', #4538 ) ;
#793 = DIRECTION ( 'NONE',  ( 0.000000000000000000, 0.000000000000000000, -1.000000000000000000 ) ) ;
#794 = PRESENTATION_LAYER_ASSIGNMENT (  '', '', ( #3201 ) ) ;
#795 = LINE ( 'NONE', #470, #3114 ) ;
#796 = CIRCLE ( 'NONE', #2997, 0.006863999999999980360 ) ;
#797 = AXIS2_PLACEMENT_3D ( 'NONE', #2273, #2962, #814 ) ;
#798 = ORIENTED_EDGE ( 'NONE', *, *, #4391, .T. ) ;
#799 = SURFACE_SIDE_STYLE ('',( #3909 ) ) ;
#800 = CARTESIAN_POINT ( 'NONE',  ( 0.4799966771729883841, 0.006994258045591281343, -0.3178052178873324585 ) ) ;
#801 = ORIENTED_EDGE ( 'NONE', *, *, #3105, .F. ) ;
#802 = VECTOR ( 'NONE', #51, 1000.000000000000000 ) ;
#803 = VECTOR ( 'NONE', #4493, 1000.000000000000114 ) ;
#804 = LINE ( 'NONE', #3250, #940 ) ;
#805 = PLANE ( 'NONE',  #1132 ) ;
#806 = ORIENTED_EDGE ( 'NONE', *, *, #1110, .T. ) ;
#807 = CARTESIAN_POINT ( 'NONE',  ( 0.1499230755218617928, 0.3200314049429370256, -0.3220598078108963813 ) ) ;
#808 = AXIS2_PLACEMENT_3D ( 'NONE', #111, #3284, #1485 ) ;
#809 = DIRECTION ( 'NONE',  ( 0.000000000000000000, 0.000000000000000000, 1.000000000000000000 ) ) ;
#810 = ORIENTED_EDGE ( 'NONE', *, *, #3982, .F. ) ;
#811 = ADVANCED_FACE ( 'NONE', ( #184 ), #468, .F. ) ;
#812 =( NAMED_UNIT ( * ) PLANE_ANGLE_UNIT ( ) SI_UNIT ( $, .RADIAN. ) );
#813 = FACE_OUTER_BOUND ( 'NONE', #114, .T. ) ;
#814 = DIRECTION ( 'NONE',  ( 1.000000000000000000, 0.000000000000000000, 0.000000000000000000 ) ) ;
#815 = MECHANICAL_DESIGN_GEOMETRIC_PRESENTATION_REPRESENTATION (  '', ( #2864 ), #739 ) ;
#816 = VERTEX_POINT ( 'NONE', #838 ) ;
#817 = ORIENTED_EDGE ( 'NONE', *, *, #1680, .F. ) ;
#818 = EDGE_CURVE ( 'NONE', #3991, #938, #165, .T. ) ;
#819 = CARTESIAN_POINT ( 'NONE',  ( 0.6231360000000000232, 0.3231360000000000343, -0.3231360000000000343 ) ) ;
#820 = UNCERTAINTY_MEASURE_WITH_UNIT (LENGTH_MEASURE( 1.000000000000000082E-05 ), #2443, 'distance_accuracy_value', 'NONE');
#821 = CARTESIAN_POINT ( 'NONE',  ( 0.006863999999999980360, 0.000000000000000000, -0.006863999999999998575 ) ) ;
#822 = ADVANCED_FACE ( 'NONE', ( #2967 ), #2224, .F. ) ;
#823 = SURFACE_STYLE_FILL_AREA ( #3968 ) ;
#824 =( NAMED_UNIT ( * ) SI_UNIT ( $, .STERADIAN. ) SOLID_ANGLE_UNIT ( ) );
#825 = ORIENTED_EDGE ( 'NONE', *, *, #3897, .T. ) ;
#826 = LINE ( 'NONE', #1134, #880 ) ;
#827 = SURFACE_STYLE_FILL_AREA ( #1090 ) ;
#828 = ORIENTED_EDGE ( 'NONE', *, *, #3437, .T. ) ;
#829 = CARTESIAN_POINT ( 'NONE',  ( 0.1499999999999999667, 0.3162719999999999421, -0.3231360000000000343 ) ) ;
#830 = SURFACE_STYLE_FILL_AREA ( #2870 ) ;
#831 = LINE ( 'NONE', #2216, #2703 ) ;
#832 = ORIENTED_EDGE ( 'NONE', *, *, #2970, .T. ) ;
#833 = CARTESIAN_POINT ( 'NONE',  ( 0.2979442931012975526, 0.3281360000000000388, -0.1649999999999999800 ) ) ;
#834 = SURFACE_STYLE_USAGE ( .BOTH. , #2580 ) ;
#835 = CARTESIAN_POINT ( 'NONE',  ( 0.4800105301632431876, 0.3227559379042022059, -0.01147565782918078849 ) ) ;
#836 = VERTEX_POINT ( 'NONE', #1883 ) ;
#837 = FACE_OUTER_BOUND ( 'NONE', #2946, .T. ) ;
#838 = CARTESIAN_POINT ( 'NONE',  ( 0.4800000000000001488, 0.3231360000000000343, -0.01372799999999996072 ) ) ;
#839 = EDGE_CURVE ( 'NONE', #462, #2582, #2250, .T. ) ;
#840 = CARTESIAN_POINT ( 'NONE',  ( 0.6231360000000000232, 0.3231360000000000343, 0.000000000000000000 ) ) ;
#841 =( BOUNDED_CURVE ( )  B_SPLINE_CURVE ( 3, ( #2367, #328, #3446, #1704 ),
 .UNSPECIFIED., .F., .F. ) 
 B_SPLINE_CURVE_WITH_KNOTS ( ( 4, 4 ),
 ( 4.712388980384688786, 5.009640341019506060 ),
 .UNSPECIFIED. ) 
 CURVE ( )  GEOMETRIC_REPRESENTATION_ITEM ( )  RATIONAL_B_SPLINE_CURVE ( ( 1.000000000000000000, 0.9926503465769137557, 0.9926503465769137557, 1.000000000000000000 ) ) 
 REPRESENTATION_ITEM ( '' )  );
#842 = ADVANCED_FACE ( 'NONE', ( #115 ), #885, .T. ) ;
#843 =( LENGTH_UNIT ( ) NAMED_UNIT ( * ) SI_UNIT ( .MILLI., .METRE. ) );
#844 = DIRECTION ( 'NONE',  ( 0.000000000000000000, 0.000000000000000000, -1.000000000000000000 ) ) ;
#845 = DIRECTION ( 'NONE',  ( -0.05596501978068185029, 0.000000000000000000, 0.9984327301130245802 ) ) ;
#846 = ORIENTED_EDGE ( 'NONE', *, *, #352, .F. ) ;
#847 = CIRCLE ( 'NONE', #1273, 0.006863999999999998575 ) ;
#848 = CARTESIAN_POINT ( 'NONE',  ( 0.2681375912907623116, 0.3281360000000000388, -0.1649999999999999800 ) ) ;
#849 = PLANE ( 'NONE',  #1535 ) ;
#850 = EDGE_LOOP ( 'NONE', ( #3340, #3476, #4108, #3305 ) ) ;
#851 = STYLED_ITEM ( 'NONE', ( #615 ), #124 ) ;
#852 = DIRECTION ( 'NONE',  ( -2.714849189917629980E-15, 0.000000000000000000, 1.000000000000000000 ) ) ;
#853 = CARTESIAN_POINT ( 'NONE',  ( 0.2601030231971028228, 0.3281360000000000388, -0.1920321708944721650 ) ) ;
#854 = COLOUR_RGB ( '',0.7686274509803920907, 0.7686274509803920907, 0.7686274509803920907 ) ;
#855 = CARTESIAN_POINT ( 'NONE',  ( 0.1496989803924541895, 0.3211255809460644706, -0.008874419053935498139 ) ) ;
#856 = CARTESIAN_POINT ( 'NONE',  ( 0.4800243980077934514, 0.3225058659939087913, -0.01075576244253187083 ) ) ;
#857 = ORIENTED_EDGE ( 'NONE', *, *, #4032, .F. ) ;
#858 = CARTESIAN_POINT ( 'NONE',  ( 0.3718990113796860064, 0.3281360000000000388, -0.1650000000000000078 ) ) ;
#859 = AXIS2_PLACEMENT_3D ( 'NONE', #3457, #2784, #321 ) ;
#860 = LINE ( 'NONE', #2323, #502 ) ;
#861 = COLOUR_RGB ( '',0.7921568627450980005, 0.8196078431372548767, 0.9333333333333333481 ) ;
#862 = EDGE_CURVE ( 'NONE', #3788, #3411, #60, .T. ) ;
#863 = CARTESIAN_POINT ( 'NONE',  ( 0.2166061340079447894, 0.3281360000000000388, -0.1650000000000000078 ) ) ;
#864 = FILL_AREA_STYLE_COLOUR ( '', #1301 ) ;
#865 = STYLED_ITEM ( 'NONE', ( #963 ), #1594 ) ;
#866 = CARTESIAN_POINT ( 'NONE',  ( 0.1499999999999999667, 0.006863999999999980360, -0.3162720000000000531 ) ) ;
#867 = ORIENTED_EDGE ( 'NONE', *, *, #1705, .T. ) ;
#868 = ADVANCED_FACE ( 'NONE', ( #2003 ), #558, .F. ) ;
#869 = EDGE_CURVE ( 'NONE', #2800, #3538, #4505, .T. ) ;
#870 = AXIS2_PLACEMENT_3D ( 'NONE', #76, #4345, #1159 ) ;
#871 = CARTESIAN_POINT ( 'NONE',  ( 0.2414989578296221628, 0.3281360000000000388, -0.1920321708944721650 ) ) ;
#872 = DIRECTION ( 'NONE',  ( -0.05596501978068185029, 0.000000000000000000, 0.9984327301130245802 ) ) ;
#873 = SURFACE_SIDE_STYLE ('',( #4009 ) ) ;
#874 = DIRECTION ( 'NONE',  ( 1.000000000000000000, 0.000000000000000000, 0.000000000000000000 ) ) ;
#875 = AXIS2_PLACEMENT_3D ( 'NONE', #2066, #4110, #335 ) ;
#876 = ORIENTED_EDGE ( 'NONE', *, *, #3281, .F. ) ;
#877 = MECHANICAL_DESIGN_GEOMETRIC_PRESENTATION_REPRESENTATION (  '', ( #3290 ), #2558 ) ;
#878 = EDGE_CURVE ( 'NONE', #3329, #2267, #2688, .T. ) ;
#879 =( LENGTH_UNIT ( ) NAMED_UNIT ( * ) SI_UNIT ( .MILLI., .METRE. ) );
#880 = VECTOR ( 'NONE', #403, 1000.000000000000000 ) ;
#881 = AXIS2_PLACEMENT_3D ( 'NONE', #3003, #521, #250 ) ;
#882 = ORIENTED_EDGE ( 'NONE', *, *, #1334, .F. ) ;
#883 = VECTOR ( 'NONE', #980, 1000.000000000000000 ) ;
#884 = FACE_OUTER_BOUND ( 'NONE', #580, .T. ) ;
#885 = CYLINDRICAL_SURFACE ( 'NONE', #3406, 0.006863999999999998575 ) ;
#886 = AXIS2_PLACEMENT_3D ( 'NONE', #2166, #433, #756 ) ;
#887 = FACE_OUTER_BOUND ( 'NONE', #2516, .T. ) ;
#888 = CARTESIAN_POINT ( 'NONE',  ( 0.000000000000000000, 0.000000000000000000, 0.000000000000000000 ) ) ;
#889 = DIRECTION ( 'NONE',  ( 0.000000000000000000, 0.000000000000000000, 1.000000000000000000 ) ) ;
#890 = EDGE_LOOP ( 'NONE', ( #453, #713, #1100, #1819 ) ) ;
#891 = SURFACE_SIDE_STYLE ('',( #2643 ) ) ;
#892 = FILL_AREA_STYLE_COLOUR ( '', #1291 ) ;
#893 = CARTESIAN_POINT ( 'NONE',  ( 0.4800000000000001488, 0.000000000000000000, -0.3231360000000000343 ) ) ;
#894 = EDGE_CURVE ( 'NONE', #765, #1770, #4049, .T. ) ;
#895 = ORIENTED_EDGE ( 'NONE', *, *, #2464, .F. ) ;
#896 = DIRECTION ( 'NONE',  ( -0.000000000000000000, -1.000000000000000000, -0.000000000000000000 ) ) ;
#897 = SPHERICAL_SURFACE ( 'NONE', #625, 0.006863999999999998575 ) ;
#898 = PLANE ( 'NONE',  #659 ) ;
#899 = EDGE_CURVE ( 'NONE', #243, #4444, #1793, .T. ) ;
#900 = ORIENTED_EDGE ( 'NONE', *, *, #3615, .T. ) ;
#901 = CARTESIAN_POINT ( 'NONE',  ( 0.3469234885446096928, 0.3231360000000000343, -0.1649999999999999800 ) ) ;
#902 = DIRECTION ( 'NONE',  ( 0.000000000000000000, 0.000000000000000000, -1.000000000000000000 ) ) ;
#903 = FILL_AREA_STYLE_COLOUR ( '', #421 ) ;
#904 =( NAMED_UNIT ( * ) PLANE_ANGLE_UNIT ( ) SI_UNIT ( $, .RADIAN. ) );
#905 = VERTEX_POINT ( 'NONE', #2277 ) ;
#906 = UNCERTAINTY_MEASURE_WITH_UNIT (LENGTH_MEASURE( 1.000000000000000082E-05 ), #3614, 'distance_accuracy_value', 'NONE');
#907 = FACE_OUTER_BOUND ( 'NONE', #2477, .T. ) ;
#908 = CYLINDRICAL_SURFACE ( 'NONE', #3647, 0.006864000000000007248 ) ;
#909 = PRESENTATION_STYLE_ASSIGNMENT (( #548 ) ) ;
#910 = VERTEX_POINT ( 'NONE', #3355 ) ;
#911 = SURFACE_SIDE_STYLE ('',( #1665 ) ) ;
#912 = VECTOR ( 'NONE', #4004, 1000.000000000000000 ) ;
#913 = EDGE_CURVE ( 'NONE', #3238, #3942, #4434, .T. ) ;
#914 = PLANE ( 'NONE',  #235 ) ;
#915 = CARTESIAN_POINT ( 'NONE',  ( 0.1431359999999999577, 0.3300000000000000155, -0.3231360000000000343 ) ) ;
#916 = FACE_OUTER_BOUND ( 'NONE', #3347, .T. ) ;
#917 =( GEOMETRIC_REPRESENTATION_CONTEXT ( 3 ) GLOBAL_UNCERTAINTY_ASSIGNED_CONTEXT ( ( #945 ) ) GLOBAL_UNIT_ASSIGNED_CONTEXT ( ( #3370, #2153, #1155 ) ) REPRESENTATION_CONTEXT ( 'NONE', 'WORKASPACE' ) );
#918 =( NAMED_UNIT ( * ) PLANE_ANGLE_UNIT ( ) SI_UNIT ( $, .RADIAN. ) );
#919 = ORIENTED_EDGE ( 'NONE', *, *, #3773, .F. ) ;
#920 = VECTOR ( 'NONE', #1795, 1000.000000000000000 ) ;
#921 = ADVANCED_FACE ( 'NONE', ( #1615 ), #2674, .F. ) ;
#922 = SURFACE_SIDE_STYLE ('',( #1201 ) ) ;
#923 = CARTESIAN_POINT ( 'NONE',  ( 0.3819520072573981406, 0.3281360000000000388, -0.1999756692495344157 ) ) ;
#924 = PRESENTATION_STYLE_ASSIGNMENT (( #2303 ) ) ;
#925 = CARTESIAN_POINT ( 'NONE',  ( 0.1500001697332406514, 0.006892211563889791281, -0.3169894958389456452 ) ) ;
#926 = VERTEX_POINT ( 'NONE', #584 ) ;
#927 = LINE ( 'NONE', #871, #1239 ) ;
#928 = SURFACE_SIDE_STYLE ('',( #2307 ) ) ;
#929 = DIRECTION ( 'NONE',  ( 0.000000000000000000, 1.000000000000000000, 0.000000000000000000 ) ) ;
#930 = ORIENTED_EDGE ( 'NONE', *, *, #724, .T. ) ;
#931 = CIRCLE ( 'NONE', #1738, 0.006863999999999980360 ) ;
#932 = VECTOR ( 'NONE', #958, 1000.000000000000000 ) ;
#933 = LINE ( 'NONE', #2338, #1391 ) ;
#934 = DIRECTION ( 'NONE',  ( -1.000000000000000000, 0.000000000000000000, 0.000000000000000000 ) ) ;
#935 = VECTOR ( 'NONE', #3984, 1000.000000000000000 ) ;
#936 = AXIS2_PLACEMENT_3D ( 'NONE', #4217, #4195, #4127 ) ;
#937 =( NAMED_UNIT ( * ) SI_UNIT ( $, .STERADIAN. ) SOLID_ANGLE_UNIT ( ) );
#938 = VERTEX_POINT ( 'NONE', #2737 ) ;
#939 = EDGE_CURVE ( 'NONE', #1570, #3313, #1966, .T. ) ;
#940 = VECTOR ( 'NONE', #776, 1000.000000000000000 ) ;
#941 = VECTOR ( 'NONE', #1036, 1000.000000000000000 ) ;
#942 = LINE ( 'NONE', #2347, #3790 ) ;
#943 = ADVANCED_FACE ( 'NONE', ( #1307 ), #2695, .F. ) ;
#944 = PRESENTATION_LAYER_ASSIGNMENT (  '', '', ( #2037 ) ) ;
#945 = UNCERTAINTY_MEASURE_WITH_UNIT (LENGTH_MEASURE( 1.000000000000000082E-05 ), #3370, 'distance_accuracy_value', 'NONE');
#946 = SURFACE_SIDE_STYLE ('',( #2354 ) ) ;
#947 = EDGE_CURVE ( 'NONE', #29, #2825, #942, .T. ) ;
#948 = PRESENTATION_LAYER_ASSIGNMENT (  '', '', ( #2651 ) ) ;
#949 = UNCERTAINTY_MEASURE_WITH_UNIT (LENGTH_MEASURE( 1.000000000000000082E-05 ), #879, 'distance_accuracy_value', 'NONE');
#950 = ORIENTED_EDGE ( 'NONE', *, *, #723, .T. ) ;
#951 = FILL_AREA_STYLE_COLOUR ( '', #4089 ) ;
#952 = CARTESIAN_POINT ( 'NONE',  ( 0.4868640000000001300, 0.3231360000000000343, -0.3231360000000000343 ) ) ;
#953 = EDGE_LOOP ( 'NONE', ( #3170, #2781, #3569, #322 ) ) ;
#954 = SURFACE_SIDE_STYLE ('',( #1667 ) ) ;
#955 = DIRECTION ( 'NONE',  ( -1.000000000000000000, 0.000000000000000000, 0.000000000000000000 ) ) ;
#956 = SURFACE_SIDE_STYLE ('',( #3994 ) ) ;
#957 = DIRECTION ( 'NONE',  ( 0.000000000000000000, -1.000000000000000000, 0.000000000000000000 ) ) ;
#958 = DIRECTION ( 'NONE',  ( -1.000000000000000000, 0.000000000000000000, 0.000000000000000000 ) ) ;
#959 = ORIENTED_EDGE ( 'NONE', *, *, #4426, .T. ) ;
#960 = DIRECTION ( 'NONE',  ( 0.9999960426590096541, 0.000000000000000000, 0.002813301676023789721 ) ) ;
#961 = DIRECTION ( 'NONE',  ( 1.000000000000000000, 0.000000000000000000, 0.000000000000000000 ) ) ;
#962 = EDGE_CURVE ( 'NONE', #3481, #1463, #3748, .T. ) ;
#963 = PRESENTATION_STYLE_ASSIGNMENT (( #608 ) ) ;
#964 = SURFACE_STYLE_FILL_AREA ( #3107 ) ;
#965 = ADVANCED_FACE ( 'NONE', ( #604 ), #2718, .T. ) ;
#966 = DIRECTION ( 'NONE',  ( 0.000000000000000000, -1.000000000000000000, 0.000000000000000000 ) ) ;
#967 =( NAMED_UNIT ( * ) PLANE_ANGLE_UNIT ( ) SI_UNIT ( $, .RADIAN. ) );
#968 = LINE ( 'NONE', #1392, #3419 ) ;
#969 = ORIENTED_EDGE ( 'NONE', *, *, #2293, .T. ) ;
#970 = FILL_AREA_STYLE_COLOUR ( '', #2310 ) ;
#971 = EDGE_LOOP ( 'NONE', ( #1340, #4, #2519 ) ) ;
#972 = CARTESIAN_POINT ( 'NONE',  ( 0.2601030231971028228, 0.3231360000000000343, -0.1920321708944721650 ) ) ;
#973 = PLANE ( 'NONE',  #3862 ) ;
#974 = DIRECTION ( 'NONE',  ( 1.000000000000000000, 0.000000000000000000, 0.000000000000000000 ) ) ;
#975 = ORIENTED_EDGE ( 'NONE', *, *, #3489, .T. ) ;
#976 = STYLED_ITEM ( 'NONE', ( #3967 ), #17 ) ;
#977 = FILL_AREA_STYLE ('',( #3856 ) ) ;
#978 = UNCERTAINTY_MEASURE_WITH_UNIT (LENGTH_MEASURE( 1.000000000000000082E-05 ), #565, 'distance_accuracy_value', 'NONE');
#979 = VECTOR ( 'NONE', #934, 1000.000000000000000 ) ;
#980 = DIRECTION ( 'NONE',  ( 1.000000000000000000, 0.000000000000000000, 0.000000000000000000 ) ) ;
#981 = AXIS2_PLACEMENT_3D ( 'NONE', #3573, #430, #4292 ) ;
#982 = CARTESIAN_POINT ( 'NONE',  ( 0.4868640000000001300, 0.006863999999999998575, -0.006863999999999998575 ) ) ;
#983 = UNCERTAINTY_MEASURE_WITH_UNIT (LENGTH_MEASURE( 1.000000000000000082E-05 ), #2518, 'distance_accuracy_value', 'NONE');
#984 = CIRCLE ( 'NONE', #2615, 0.006863999999999998575 ) ;
#985 = SURFACE_STYLE_FILL_AREA ( #2389 ) ;
#986 = CARTESIAN_POINT ( 'NONE',  ( 0.006863999999999980360, 0.000000000000000000, -0.006863999999999998575 ) ) ;
#987 = EDGE_CURVE ( 'NONE', #1254, #759, #2480, .T. ) ;
#988 = VECTOR ( 'NONE', #3931, 1000.000000000000000 ) ;
#989 = DIRECTION ( 'NONE',  ( -0.000000000000000000, 1.000000000000000000, 0.000000000000000000 ) ) ;
#990 = DIRECTION ( 'NONE',  ( -1.000000000000000000, 0.000000000000000000, 0.000000000000000000 ) ) ;
#991 = COLOUR_RGB ( '',0.7686274509803920907, 0.7686274509803920907, 0.7686274509803920907 ) ;
#992 =( NAMED_UNIT ( * ) PLANE_ANGLE_UNIT ( ) SI_UNIT ( $, .RADIAN. ) );
#993 = ORIENTED_EDGE ( 'NONE', *, *, #2368, .T. ) ;
#994 = EDGE_CURVE ( 'NONE', #3272, #905, #562, .T. ) ;
#995 = EDGE_CURVE ( 'NONE', #122, #3557, #1587, .T. ) ;
#996 = COLOUR_RGB ( '',0.7686274509803920907, 0.7686274509803920907, 0.7686274509803920907 ) ;
#997 = DIRECTION ( 'NONE',  ( 0.000000000000000000, -1.000000000000000000, 0.000000000000000000 ) ) ;
#998 = CARTESIAN_POINT ( 'NONE',  ( 0.3938193945955072994, 0.3281360000000000388, -0.1999747271157947814 ) ) ;
#999 = ORIENTED_EDGE ( 'NONE', *, *, #4533, .F. ) ;
#1000 = LINE ( 'NONE', #3501, #2934 ) ;
#1001 = CARTESIAN_POINT ( 'NONE',  ( 0.2886098390511607770, 0.3281360000000000388, -0.1649999999999999800 ) ) ;
#1002 = EDGE_LOOP ( 'NONE', ( #828, #3556, #2546, #1084 ) ) ;
#1003 = PRESENTATION_LAYER_ASSIGNMENT (  '', '', ( #70 ) ) ;
#1004 = ADVANCED_FACE ( 'NONE', ( #2102 ), #4549, .F. ) ;
#1005 = DIRECTION ( 'NONE',  ( 1.000000000000000000, 0.000000000000000000, 0.000000000000000000 ) ) ;
#1006 =( GEOMETRIC_REPRESENTATION_CONTEXT ( 3 ) GLOBAL_UNCERTAINTY_ASSIGNED_CONTEXT ( ( #4456 ) ) GLOBAL_UNIT_ASSIGNED_CONTEXT ( ( #3197, #1495, #2469 ) ) REPRESENTATION_CONTEXT ( 'NONE', 'WORKASPACE' ) );
#1007 = CARTESIAN_POINT ( 'NONE',  ( 0.4800000000000001488, 0.006863999999999980360, -0.3162720000000000531 ) ) ;
#1008 = ORIENTED_EDGE ( 'NONE', *, *, #610, .F. ) ;
#1009 = VECTOR ( 'NONE', #4103, 1000.000000000000000 ) ;
#1010 = AXIS2_PLACEMENT_3D ( 'NONE', #3604, #3548, #809 ) ;
#1011 = CARTESIAN_POINT ( 'NONE',  ( 0.1500000000000108746, 0.3231360000000006449, -0.01336979853204957672 ) ) ;
#1012 = PRESENTATION_LAYER_ASSIGNMENT (  '', '', ( #1822 ) ) ;
#1013 = CARTESIAN_POINT ( 'NONE',  ( 0.2635931964690577112, 0.3231360000000000343, -0.2000942840048150206 ) ) ;
#1014 = DIRECTION ( 'NONE',  ( -0.4443210308329503810, 0.000000000000000000, 0.8958676361826809487 ) ) ;
#1015 = AXIS2_PLACEMENT_3D ( 'NONE', #2214, #406, #1872 ) ;
#1016 = CARTESIAN_POINT ( 'NONE',  ( 0.000000000000000000, 0.006863999999999998575, 0.000000000000000000 ) ) ;
#1017 = ORIENTED_EDGE ( 'NONE', *, *, #451, .T. ) ;
#1018 = VECTOR ( 'NONE', #2428, 1000.000000000000000 ) ;
#1019 = DIRECTION ( 'NONE',  ( -1.000000000000000000, 0.000000000000000000, 0.000000000000000000 ) ) ;
#1020 = ORIENTED_EDGE ( 'NONE', *, *, #2827, .T. ) ;
#1021 = VECTOR ( 'NONE', #194, 1000.000000000000000 ) ;
#1022 = PLANE ( 'NONE',  #4095 ) ;
#1023 = LINE ( 'NONE', #3849, #2903 ) ;
#1024 = EDGE_CURVE ( 'NONE', #446, #3481, #4229, .T. ) ;
#1025 = EDGE_LOOP ( 'NONE', ( #3179, #113, #4523, #783 ) ) ;
#1026 = LINE ( 'NONE', #298, #1018 ) ;
#1027 = FILL_AREA_STYLE ('',( #4522 ) ) ;
#1028 = EDGE_LOOP ( 'NONE', ( #2659, #4317, #26, #1047 ) ) ;
#1029 = DIRECTION ( 'NONE',  ( 0.000000000000000000, -1.000000000000000000, 0.000000000000000000 ) ) ;
#1030 = EDGE_CURVE ( 'NONE', #836, #4182, #4158, .T. ) ;
#1031 = LINE ( 'NONE', #1699, #2485 ) ;
#1032 = CARTESIAN_POINT ( 'NONE',  ( 0.1431359999999999855, 0.000000000000000000, -0.3231360000000000343 ) ) ;
#1033 = VERTEX_POINT ( 'NONE', #4186 ) ;
#1034 = ORIENTED_EDGE ( 'NONE', *, *, #3330, .F. ) ;
#1035 = CARTESIAN_POINT ( 'NONE',  ( 0.000000000000000000, 0.3231360000000000343, -0.3300000000000000155 ) ) ;
#1036 = DIRECTION ( 'NONE',  ( -0.000000000000000000, -0.000000000000000000, 1.000000000000000000 ) ) ;
#1037 = LINE ( 'NONE', #3068, #3000 ) ;
#1038 = LINE ( 'NONE', #1662, #4239 ) ;
#1039 = LINE ( 'NONE', #2423, #429 ) ;
#1040 = ORIENTED_EDGE ( 'NONE', *, *, #4331, .F. ) ;
#1041 = CARTESIAN_POINT ( 'NONE',  ( 0.3342214298028541308, 0.3281360000000000388, -0.1920307211585037532 ) ) ;
#1042 =( NAMED_UNIT ( * ) SI_UNIT ( $, .STERADIAN. ) SOLID_ANGLE_UNIT ( ) );
#1043 = ORIENTED_EDGE ( 'NONE', *, *, #3335, .T. ) ;
#1044 = CARTESIAN_POINT ( 'NONE',  ( 0.3819520072573981406, 0.3281360000000000388, -0.1999756692495344157 ) ) ;
#1045 = SURFACE_SIDE_STYLE ('',( #3786 ) ) ;
#1046 =( LENGTH_UNIT ( ) NAMED_UNIT ( * ) SI_UNIT ( .MILLI., .METRE. ) );
#1047 = ORIENTED_EDGE ( 'NONE', *, *, #3920, .T. ) ;
#1048 = EDGE_CURVE ( 'NONE', #3871, #1844, #2386, .T. ) ;
#1049 = CARTESIAN_POINT ( 'NONE',  ( 0.4803010196075459537, 0.3211255809460644706, -0.008874419053935498139 ) ) ;
#1050 = PLANE ( 'NONE',  #435 ) ;
#1051 = CARTESIAN_POINT ( 'NONE',  ( 0.3266427377514274366, 0.3231360000000000343, -0.2083447309874472686 ) ) ;
#1052 = VERTEX_POINT ( 'NONE', #1032 ) ;
#1053 = ORIENTED_EDGE ( 'NONE', *, *, #1174, .F. ) ;
#1054 = EDGE_CURVE ( 'NONE', #2071, #4551, #4310, .T. ) ;
#1055 = CARTESIAN_POINT ( 'NONE',  ( 0.1496989803924542173, 0.008874419053935515486, -0.3211255809460644706 ) ) ;
#1056 = PRESENTATION_LAYER_ASSIGNMENT (  '', '', ( #2228 ) ) ;
#1057 = SURFACE_STYLE_USAGE ( .BOTH. , #3865 ) ;
#1058 = FILL_AREA_STYLE_COLOUR ( '', #4165 ) ;
#1059 = FILL_AREA_STYLE_COLOUR ( '', #2370 ) ;
#1060 = CARTESIAN_POINT ( 'NONE',  ( 0.2392128561161614708, 0.3231360000000000343, -0.1840192170104030800 ) ) ;
#1061 = VERTEX_POINT ( 'NONE', #2804 ) ;
#1062 = VECTOR ( 'NONE', #674, 1000.000000000000000 ) ;
#1063 = FACE_OUTER_BOUND ( 'NONE', #103, .T. ) ;
#1064 = STYLED_ITEM ( 'NONE', ( #1879 ), #1181 ) ;
#1065 = ORIENTED_EDGE ( 'NONE', *, *, #2583, .T. ) ;
#1066 = CARTESIAN_POINT ( 'NONE',  ( 0.2270853522738247865, 0.3281360000000000388, -0.2083447309874472686 ) ) ;
#1067 = CARTESIAN_POINT ( 'NONE',  ( 0.3288603064604122550, 0.3231360000000000343, -0.1732479428933267340 ) ) ;
#1068 = VERTEX_POINT ( 'NONE', #3836 ) ;
#1069 = STYLED_ITEM ( 'NONE', ( #2403 ), #1235 ) ;
#1070 =( LENGTH_UNIT ( ) NAMED_UNIT ( * ) SI_UNIT ( .MILLI., .METRE. ) );
#1071 = CARTESIAN_POINT ( 'NONE',  ( 0.1499589692013616471, 0.01060933587112242692, -0.007613391946902868350 ) ) ;
#1072 =( GEOMETRIC_REPRESENTATION_CONTEXT ( 3 ) GLOBAL_UNCERTAINTY_ASSIGNED_CONTEXT ( ( #2182 ) ) GLOBAL_UNIT_ASSIGNED_CONTEXT ( ( #49, #1187, #824 ) ) REPRESENTATION_CONTEXT ( 'NONE', 'WORKASPACE' ) );
#1073 = VERTEX_POINT ( 'NONE', #1440 ) ;
#1074 = ORIENTED_EDGE ( 'NONE', *, *, #1619, .F. ) ;
#1075 = CARTESIAN_POINT ( 'NONE',  ( 0.1431359999999999577, 0.006863999999999998575, -0.3231360000000000343 ) ) ;
#1076 = EDGE_CURVE ( 'NONE', #444, #1242, #2455, .T. ) ;
#1077 = PRESENTATION_LAYER_ASSIGNMENT (  '', '', ( #2179 ) ) ;
#1078 = AXIS2_PLACEMENT_3D ( 'NONE', #1116, #3975, #758 ) ;
#1079 = CARTESIAN_POINT ( 'NONE',  ( 0.1431359999999999855, 0.3231360000000000343, -0.3231360000000000343 ) ) ;
#1080 = VECTOR ( 'NONE', #2955, 1000.000000000000000 ) ;
#1081 = VECTOR ( 'NONE', #1547, 1000.000000000000000 ) ;
#1082 =( LENGTH_UNIT ( ) NAMED_UNIT ( * ) SI_UNIT ( .MILLI., .METRE. ) );
#1083 = EDGE_CURVE ( 'NONE', #3227, #2169, #2850, .T. ) ;
#1084 = ORIENTED_EDGE ( 'NONE', *, *, #200, .T. ) ;
#1085 =( NAMED_UNIT ( * ) PLANE_ANGLE_UNIT ( ) SI_UNIT ( $, .RADIAN. ) );
#1086 = CARTESIAN_POINT ( 'NONE',  ( 0.2601712925782482810, 0.3231360000000000343, -0.1732463613633699606 ) ) ;
#1087 = STYLED_ITEM ( 'NONE', ( #3583 ), #3754 ) ;
#1088 = VERTEX_POINT ( 'NONE', #342 ) ;
#1089 = CARTESIAN_POINT ( 'NONE',  ( 0.6231360000000000232, 0.3231360000000000343, -0.3231360000000000343 ) ) ;
#1090 = FILL_AREA_STYLE ('',( #4221 ) ) ;
#1091 = VERTEX_POINT ( 'NONE', #2760 ) ;
#1092 = DIRECTION ( 'NONE',  ( 0.2762033010289141055, 0.000000000000000000, -0.9610992334305189511 ) ) ;
#1093 = DIRECTION ( 'NONE',  ( 0.000000000000000000, 0.000000000000000000, 1.000000000000000000 ) ) ;
#1094 = LINE ( 'NONE', #1067, #2398 ) ;
#1095 = VERTEX_POINT ( 'NONE', #3480 ) ;
#1096 = VECTOR ( 'NONE', #2197, 1000.000000000000227 ) ;
#1097 = DIRECTION ( 'NONE',  ( -0.3829140317376896196, 0.000000000000000000, -0.9237839814038711905 ) ) ;
#1098 =( LENGTH_UNIT ( ) NAMED_UNIT ( * ) SI_UNIT ( .MILLI., .METRE. ) );
#1099 = CARTESIAN_POINT ( 'NONE',  ( 0.4800410307986384684, 0.01060933587112234885, -0.3223866080530971012 ) ) ;
#1100 = ORIENTED_EDGE ( 'NONE', *, *, #3892, .F. ) ;
#1101 = ORIENTED_EDGE ( 'NONE', *, *, #4090, .T. ) ;
#1102 = CARTESIAN_POINT ( 'NONE',  ( 0.1496989803924541895, 0.3211255809460644706, -0.008874419053935498139 ) ) ;
#1103 = DIRECTION ( 'NONE',  ( 0.000000000000000000, 0.000000000000000000, 1.000000000000000000 ) ) ;
#1104 = EDGE_CURVE ( 'NONE', #4077, #2942, #1783, .T. ) ;
#1105 = ORIENTED_EDGE ( 'NONE', *, *, #1994, .F. ) ;
#1106 =( NAMED_UNIT ( * ) SI_UNIT ( $, .STERADIAN. ) SOLID_ANGLE_UNIT ( ) );
#1107 = FACE_OUTER_BOUND ( 'NONE', #2556, .T. ) ;
#1108 = ORIENTED_EDGE ( 'NONE', *, *, #3243, .T. ) ;
#1109 = ADVANCED_FACE ( 'NONE', ( #3793 ), #305, .T. ) ;
#1110 = EDGE_CURVE ( 'NONE', #4055, #3369, #3258, .T. ) ;
#1111 = DIRECTION ( 'NONE',  ( 1.000000000000000000, 0.000000000000000000, 0.000000000000000000 ) ) ;
#1112 = UNCERTAINTY_MEASURE_WITH_UNIT (LENGTH_MEASURE( 1.000000000000000082E-05 ), #3392, 'distance_accuracy_value', 'NONE');
#1113 = ORIENTED_EDGE ( 'NONE', *, *, #994, .T. ) ;
#1114 = CARTESIAN_POINT ( 'NONE',  ( 0.2601030231971028228, 0.3281360000000000388, -0.1920321708944721650 ) ) ;
#1115 = SURFACE_STYLE_USAGE ( .BOTH. , #1169 ) ;
#1116 = CARTESIAN_POINT ( 'NONE',  ( -0.02114064624411809284, 0.3281359999999999277, -0.01923640047652913979 ) ) ;
#1117 = EDGE_LOOP ( 'NONE', ( #2862, #2396, #1673, #4230 ) ) ;
#1118 =( LENGTH_UNIT ( ) NAMED_UNIT ( * ) SI_UNIT ( .MILLI., .METRE. ) );
#1119 = PLANE ( 'NONE',  #227 ) ;
#1120 = SURFACE_STYLE_USAGE ( .BOTH. , #1854 ) ;
#1121 =( LENGTH_UNIT ( ) NAMED_UNIT ( * ) SI_UNIT ( .MILLI., .METRE. ) );
#1122 = ORIENTED_EDGE ( 'NONE', *, *, #4180, .F. ) ;
#1123 = ORIENTED_EDGE ( 'NONE', *, *, #1592, .T. ) ;
#1124 = CARTESIAN_POINT ( 'NONE',  ( 0.2770545214029251913, 0.3281360000000000388, -0.1649999999999999800 ) ) ;
#1125 = DIRECTION ( 'NONE',  ( 0.000000000000000000, -1.000000000000000000, 0.000000000000000000 ) ) ;
#1126 = CIRCLE ( 'NONE', #1493, 0.006863999999999980360 ) ;
#1127 = ORIENTED_EDGE ( 'NONE', *, *, #4232, .T. ) ;
#1128 = CYLINDRICAL_SURFACE ( 'NONE', #2331, 0.006863999999999980360 ) ;
#1129 = PLANE ( 'NONE',  #3145 ) ;
#1130 = PRODUCT ( 'CCS_CCSTDNOSYAGEO_0201_L0.63W0.33T0.33B0.2', 'CCS_CCSTDNOSYAGEO_0201_L0.63W0.33T0.33B0.2', '', ( #185 ) ) ;
#1131 = ORIENTED_EDGE ( 'NONE', *, *, #3961, .F. ) ;
#1132 = AXIS2_PLACEMENT_3D ( 'NONE', #404, #148, #1500 ) ;
#1133 = UNCERTAINTY_MEASURE_WITH_UNIT (LENGTH_MEASURE( 1.000000000000000082E-05 ), #3349, 'distance_accuracy_value', 'NONE');
#1134 = CARTESIAN_POINT ( 'NONE',  ( 0.2886098390511607770, 0.3281360000000000388, -0.1649999999999999800 ) ) ;
#1135 = VERTEX_POINT ( 'NONE', #4358 ) ;
#1136 = CARTESIAN_POINT ( 'NONE',  ( 0.4800000000000001488, 0.01372799999999997633, -0.3231360000000000343 ) ) ;
#1137 = CARTESIAN_POINT ( 'NONE',  ( 0.4868640000000001300, 0.000000000000000000, 0.000000000000000000 ) ) ;
#1138 =( GEOMETRIC_REPRESENTATION_CONTEXT ( 3 ) GLOBAL_UNCERTAINTY_ASSIGNED_CONTEXT ( ( #1112 ) ) GLOBAL_UNIT_ASSIGNED_CONTEXT ( ( #3392, #1586, #1330 ) ) REPRESENTATION_CONTEXT ( 'NONE', 'WORKASPACE' ) );
#1139 = FACE_OUTER_BOUND ( 'NONE', #1293, .T. ) ;
#1140 = EDGE_CURVE ( 'NONE', #1345, #2665, #134, .T. ) ;
#1141 = EDGE_LOOP ( 'NONE', ( #2954, #3081, #1380, #975 ) ) ;
#1142 = VECTOR ( 'NONE', #1678, 1000.000000000000227 ) ;
#1143 = LINE ( 'NONE', #1439, #3741 ) ;
#1144 = CARTESIAN_POINT ( 'NONE',  ( 0.1499894698367569557, 0.007244062095797813156, -0.01147565782918080757 ) ) ;
#1145 = CARTESIAN_POINT ( 'NONE',  ( 0.4800000000000001488, 0.006863999999999980360, -0.3231360000000000343 ) ) ;
#1146 = EDGE_CURVE ( 'NONE', #1052, #3411, #441, .T. ) ;
#1147 = VERTEX_POINT ( 'NONE', #2220 ) ;
#1148 = AXIS2_PLACEMENT_3D ( 'NONE', #2575, #1798, #2215 ) ;
#1149 = ORIENTED_EDGE ( 'NONE', *, *, #3490, .F. ) ;
#1150 = STYLED_ITEM ( 'NONE', ( #3487 ), #1642 ) ;
#1151 =( NAMED_UNIT ( * ) PLANE_ANGLE_UNIT ( ) SI_UNIT ( $, .RADIAN. ) );
#1152 = DIRECTION ( 'NONE',  ( 1.000000000000000000, 0.000000000000000000, 0.000000000000000000 ) ) ;
#1153 = LINE ( 'NONE', #4311, #2553 ) ;
#1154 = AXIS2_PLACEMENT_3D ( 'NONE', #1589, #3660, #2278 ) ;
#1155 =( NAMED_UNIT ( * ) SI_UNIT ( $, .STERADIAN. ) SOLID_ANGLE_UNIT ( ) );
#1156 = AXIS2_PLACEMENT_3D ( 'NONE', #4113, #2670, #1241 ) ;
#1157 = PLANE ( 'NONE',  #1247 ) ;
#1158 = SURFACE_STYLE_FILL_AREA ( #4314 ) ;
#1159 = DIRECTION ( 'NONE',  ( 0.000000000000000000, 0.000000000000000000, 1.000000000000000000 ) ) ;
#1160 = DIRECTION ( 'NONE',  ( 0.000000000000000000, -1.000000000000000000, 0.000000000000000000 ) ) ;
#1161 = VERTEX_POINT ( 'NONE', #1145 ) ;
#1162 = VECTOR ( 'NONE', #3447, 999.9999999999998863 ) ;
#1163 = AXIS2_PLACEMENT_3D ( 'NONE', #543, #1639, #234 ) ;
#1164 = CARTESIAN_POINT ( 'NONE',  ( 0.3595517425498618302, 0.3281360000000000388, -0.1650000000000000078 ) ) ;
#1165 = FACE_OUTER_BOUND ( 'NONE', #2125, .T. ) ;
#1166 = UNCERTAINTY_MEASURE_WITH_UNIT (LENGTH_MEASURE( 1.000000000000000082E-05 ), #2092, 'distance_accuracy_value', 'NONE');
#1167 = ORIENTED_EDGE ( 'NONE', *, *, #3055, .T. ) ;
#1168 = FACE_OUTER_BOUND ( 'NONE', #3937, .T. ) ;
#1169 = SURFACE_SIDE_STYLE ('',( #830 ) ) ;
#1170 = AXIS2_PLACEMENT_3D ( 'NONE', #2479, #3885, #2123 ) ;
#1171 = CARTESIAN_POINT ( 'NONE',  ( 0.3024100848085848892, 0.3281360000000000388, -0.2083447309874472686 ) ) ;
#1172 = ORIENTED_EDGE ( 'NONE', *, *, #4469, .T. ) ;
#1173 = CARTESIAN_POINT ( 'NONE',  ( 0.1498025291734264297, 0.3214925014640017675, -0.3207366831189307210 ) ) ;
#1174 = EDGE_CURVE ( 'NONE', #3135, #4077, #1695, .T. ) ;
#1175 = SURFACE_SIDE_STYLE ('',( #785 ) ) ;
#1176 = CARTESIAN_POINT ( 'NONE',  ( 0.2339148621824383434, 0.3281360000000000388, -0.2083447309874472686 ) ) ;
#1177 = FILL_AREA_STYLE ('',( #4303 ) ) ;
#1178 = LINE ( 'NONE', #3978, #2845 ) ;
#1179 = AXIS2_PLACEMENT_3D ( 'NONE', #3167, #4135, #303 ) ;
#1180 = ORIENTED_EDGE ( 'NONE', *, *, #331, .F. ) ;
#1181 = ADVANCED_FACE ( 'NONE', ( #2503 ), #3995, .T. ) ;
#1182 = VECTOR ( 'NONE', #4240, 1000.000000000000000 ) ;
#1183 = DIRECTION ( 'NONE',  ( 0.000000000000000000, -0.000000000000000000, -1.000000000000000000 ) ) ;
#1184 = CARTESIAN_POINT ( 'NONE',  ( 0.4800769244781383227, 0.007940192189103602999, -0.009968595057063099271 ) ) ;
#1185 = CARTESIAN_POINT ( 'NONE',  ( 0.6231360000000000232, 0.3231360000000000343, -0.3231360000000000343 ) ) ;
#1186 = FACE_OUTER_BOUND ( 'NONE', #3594, .T. ) ;
#1187 =( NAMED_UNIT ( * ) PLANE_ANGLE_UNIT ( ) SI_UNIT ( $, .RADIAN. ) );
#1188 = ORIENTED_EDGE ( 'NONE', *, *, #939, .T. ) ;
#1189 = FACE_OUTER_BOUND ( 'NONE', #149, .T. ) ;
#1190 = CARTESIAN_POINT ( 'NONE',  ( 0.2339148621824383434, 0.3231360000000000343, -0.2083447309874472686 ) ) ;
#1191 = ORIENTED_EDGE ( 'NONE', *, *, #1048, .F. ) ;
#1192 = CARTESIAN_POINT ( 'NONE',  ( 0.4800000000000001488, 0.3231360000000000343, -0.006863999999999980360 ) ) ;
#1193 = SURFACE_STYLE_FILL_AREA ( #55 ) ;
#1194 =( LENGTH_UNIT ( ) NAMED_UNIT ( * ) SI_UNIT ( .MILLI., .METRE. ) );
#1195 = ORIENTED_EDGE ( 'NONE', *, *, #3789, .T. ) ;
#1196 = DIRECTION ( 'NONE',  ( 1.000000000000000000, 0.000000000000000000, 0.000000000000000000 ) ) ;
#1197 = FILL_AREA_STYLE ('',( #4357 ) ) ;
#1198 = VERTEX_POINT ( 'NONE', #2295 ) ;
#1199 = DIRECTION ( 'NONE',  ( 2.714849189917637079E-15, -0.000000000000000000, 1.000000000000000000 ) ) ;
#1200 = B_SPLINE_CURVE_WITH_KNOTS ( 'NONE', 3,
 ( #4304, #3996, #2200, #835, #856, #1559, #3608, #4019, #3957, #180 ),
 .UNSPECIFIED., .F., .F.,
 ( 4, 3, 3, 4 ),
 ( 0.000000000000000000, 2.284207375754350865E-06, 4.573131809475181221E-06, 5.378086119801695041E-06 ),
 .UNSPECIFIED. ) ;
#1201 = SURFACE_STYLE_FILL_AREA ( #3333 ) ;
#1202 = ADVANCED_FACE ( 'NONE', ( #3389 ), #4380, .T. ) ;
#1203 = ADVANCED_FACE ( 'NONE', ( #577 ), #4472, .T. ) ;
#1204 =( NAMED_UNIT ( * ) PLANE_ANGLE_UNIT ( ) SI_UNIT ( $, .RADIAN. ) );
#1205 = CARTESIAN_POINT ( 'NONE',  ( 0.1499994845473701377, 0.006948118178837679564, -0.3173433069079741320 ) ) ;
#1206 = EDGE_CURVE ( 'NONE', #3973, #3227, #1300, .T. ) ;
#1207 = ORIENTED_EDGE ( 'NONE', *, *, #869, .T. ) ;
#1208 = CARTESIAN_POINT ( 'NONE',  ( 0.3141752726016238118, 0.3231360000000000343, -0.1649999999999999800 ) ) ;
#1209 =( NAMED_UNIT ( * ) SI_UNIT ( $, .STERADIAN. ) SOLID_ANGLE_UNIT ( ) );
#1210 = CARTESIAN_POINT ( 'NONE',  ( 0.2339148621824383434, 0.3281360000000000388, -0.2083447309874472686 ) ) ;
#1211 = CARTESIAN_POINT ( 'NONE',  ( 0.3492638894570143648, 0.3281360000000000388, -0.1732479428933267340 ) ) ;
#1212 = ORIENTED_EDGE ( 'NONE', *, *, #3249, .T. ) ;
#1213 = AXIS2_PLACEMENT_3D ( 'NONE', #3717, #2270, #529 ) ;
#1214 = SURFACE_SIDE_STYLE ('',( #2241 ) ) ;
#1215 = DIRECTION ( 'NONE',  ( 1.000000000000000000, 0.000000000000000000, 0.000000000000000000 ) ) ;
#1216 = COLOUR_RGB ( '',0.7686274509803920907, 0.7686274509803920907, 0.7686274509803920907 ) ;
#1217 = CARTESIAN_POINT ( 'NONE',  ( 0.3588200213398384797, 0.3231360000000000343, -0.2083447309874472686 ) ) ;
#1218 = DIRECTION ( 'NONE',  ( 0.000000000000000000, 0.000000000000000000, -1.000000000000000000 ) ) ;
#1219 = ORIENTED_EDGE ( 'NONE', *, *, #1083, .T. ) ;
#1220 = AXIS2_PLACEMENT_3D ( 'NONE', #1634, #226, #902 ) ;
#1221 =( NAMED_UNIT ( * ) SI_UNIT ( $, .STERADIAN. ) SOLID_ANGLE_UNIT ( ) );
#1222 = SURFACE_STYLE_FILL_AREA ( #3962 ) ;
#1223 = VECTOR ( 'NONE', #2875, 1000.000000000000000 ) ;
#1224 = CARTESIAN_POINT ( 'NONE',  ( 0.1943998703567688113, 0.3281360000000000388, -0.1898608619053237800 ) ) ;
#1225 = VECTOR ( 'NONE', #213, 1000.000000000000114 ) ;
#1226 = EDGE_CURVE ( 'NONE', #466, #1254, #2713, .T. ) ;
#1227 = CYLINDRICAL_SURFACE ( 'NONE', #130, 0.006863999999999980360 ) ;
#1228 =( NAMED_UNIT ( * ) PLANE_ANGLE_UNIT ( ) SI_UNIT ( $, .RADIAN. ) );
#1229 = ORIENTED_EDGE ( 'NONE', *, *, #3410, .F. ) ;
#1230 = ADVANCED_BREP_SHAPE_REPRESENTATION ( 'CCS_CCSTDNOSYAGEO_0201_L0.63W0.33T0.33B0.2', ( #1235, #4284, #2851, #4369, #2493 ), #1316 ) ;
#1231 = VECTOR ( 'NONE', #601, 1000.000000000000000 ) ;
#1232 = UNCERTAINTY_MEASURE_WITH_UNIT (LENGTH_MEASURE( 1.000000000000000082E-05 ), #3156, 'distance_accuracy_value', 'NONE');
#1233 = ADVANCED_FACE ( 'NONE', ( #4112 ), #4045, .T. ) ;
#1234 = FILL_AREA_STYLE ('',( #3029 ) ) ;
#1235 = MANIFOLD_SOLID_BREP ( 'Fillet3', #118 ) ;
#1236 =( NAMED_UNIT ( * ) SI_UNIT ( $, .STERADIAN. ) SOLID_ANGLE_UNIT ( ) );
#1237 = ORIENTED_EDGE ( 'NONE', *, *, #778, .T. ) ;
#1238 = COLOUR_RGB ( '',0.7686274509803920907, 0.7686274509803920907, 0.7686274509803920907 ) ;
#1239 = VECTOR ( 'NONE', #2332, 999.9999999999998863 ) ;
#1240 = PRESENTATION_STYLE_ASSIGNMENT (( #4065 ) ) ;
#1241 = DIRECTION ( 'NONE',  ( 1.000000000000000000, 0.000000000000000000, 0.000000000000000000 ) ) ;
#1242 = VERTEX_POINT ( 'NONE', #1671 ) ;
#1243 = COLOUR_RGB ( '',0.7686274509803920907, 0.7686274509803920907, 0.7686274509803920907 ) ;
#1244 = MECHANICAL_DESIGN_GEOMETRIC_PRESENTATION_REPRESENTATION (  '', ( #91 ), #1898 ) ;
#1245 = AXIS2_PLACEMENT_3D ( 'NONE', #3693, #217, #1577 ) ;
#1246 = SURFACE_STYLE_USAGE ( .BOTH. , #1266 ) ;
#1247 = AXIS2_PLACEMENT_3D ( 'NONE', #142, #2565, #3966 ) ;
#1248 = DIRECTION ( 'NONE',  ( -1.000000000000000000, 0.000000000000000000, 0.000000000000000000 ) ) ;
#1249 = EDGE_LOOP ( 'NONE', ( #554, #199, #2147, #969 ) ) ;
#1250 = EDGE_CURVE ( 'NONE', #1373, #1278, #4224, .T. ) ;
#1251 = LINE ( 'NONE', #1208, #223 ) ;
#1252 = CARTESIAN_POINT ( 'NONE',  ( 0.1943998703567688113, 0.3281360000000000388, -0.1898608619053237800 ) ) ;
#1253 = SURFACE_SIDE_STYLE ('',( #3669 ) ) ;
#1254 = VERTEX_POINT ( 'NONE', #1347 ) ;
#1255 = ADVANCED_FACE ( 'NONE', ( #3453 ), #3079, .F. ) ;
#1256 = SURFACE_STYLE_USAGE ( .BOTH. , #4425 ) ;
#1257 = EDGE_CURVE ( 'NONE', #3126, #910, #2642, .T. ) ;
#1258 = FACE_OUTER_BOUND ( 'NONE', #2057, .T. ) ;
#1259 = LINE ( 'NONE', #3650, #2971 ) ;
#1260 = FILL_AREA_STYLE_COLOUR ( '', #4418 ) ;
#1261 = ORIENTED_EDGE ( 'NONE', *, *, #4476, .T. ) ;
#1262 =( NAMED_UNIT ( * ) PLANE_ANGLE_UNIT ( ) SI_UNIT ( $, .RADIAN. ) );
#1263 = DIRECTION ( 'NONE',  ( 0.000000000000000000, -1.000000000000000000, 0.000000000000000000 ) ) ;
#1264 = UNCERTAINTY_MEASURE_WITH_UNIT (LENGTH_MEASURE( 1.000000000000000082E-05 ), #3062, 'distance_accuracy_value', 'NONE');
#1265 = DIRECTION ( 'NONE',  ( 0.000000000000000000, 0.000000000000000000, 1.000000000000000000 ) ) ;
#1266 = SURFACE_SIDE_STYLE ('',( #1888 ) ) ;
#1267 =( NAMED_UNIT ( * ) SI_UNIT ( $, .STERADIAN. ) SOLID_ANGLE_UNIT ( ) );
#1268 = VERTEX_POINT ( 'NONE', #1325 ) ;
#1269 =( NAMED_UNIT ( * ) PLANE_ANGLE_UNIT ( ) SI_UNIT ( $, .RADIAN. ) );
#1270 = DIRECTION ( 'NONE',  ( -0.9601763114327556137, 0.000000000000000000, -0.2793947940878429015 ) ) ;
#1271 = ORIENTED_EDGE ( 'NONE', *, *, #1666, .T. ) ;
#1272 =( BOUNDED_CURVE ( )  B_SPLINE_CURVE ( 3, ( #2974, #4076, #2282, #4417 ),
 .UNSPECIFIED., .F., .F. ) 
 B_SPLINE_CURVE_WITH_KNOTS ( ( 4, 4 ),
 ( 4.712388980384689674, 5.009640341019506948 ),
 .UNSPECIFIED. ) 
 CURVE ( )  GEOMETRIC_REPRESENTATION_ITEM ( )  RATIONAL_B_SPLINE_CURVE ( ( 1.000000000000000000, 0.9926503465769137557, 0.9926503465769137557, 1.000000000000000000 ) ) 
 REPRESENTATION_ITEM ( '' )  );
#1273 = AXIS2_PLACEMENT_3D ( 'NONE', #186, #1971, #4074 ) ;
#1274 = DIRECTION ( 'NONE',  ( -0.2755520632520533919, 0.000000000000000000, 0.9612861490927331332 ) ) ;
#1275 = LINE ( 'NONE', #4085, #979 ) ;
#1276 = ADVANCED_FACE ( 'NONE', ( #2732 ), #973, .F. ) ;
#1277 = CARTESIAN_POINT ( 'NONE',  ( 0.1996982596732767012, 0.3231360000000000343, -0.2083447309874472686 ) ) ;
#1278 = VERTEX_POINT ( 'NONE', #2379 ) ;
#1279 = VECTOR ( 'NONE', #1710, 1000.000000000000000 ) ;
#1280 = EDGE_CURVE ( 'NONE', #1560, #4267, #639, .T. ) ;
#1281 = DIRECTION ( 'NONE',  ( 1.000000000000000000, -2.714849189917626430E-15, 2.714849189917626430E-15 ) ) ;
#1282 = CARTESIAN_POINT ( 'NONE',  ( 0.2635931964690577112, 0.3231360000000000343, -0.2000942840048150206 ) ) ;
#1283 = ORIENTED_EDGE ( 'NONE', *, *, #4237, .F. ) ;
#1284 =( GEOMETRIC_REPRESENTATION_CONTEXT ( 3 ) GLOBAL_UNCERTAINTY_ASSIGNED_CONTEXT ( ( #1945 ) ) GLOBAL_UNIT_ASSIGNED_CONTEXT ( ( #4530, #3104, #717 ) ) REPRESENTATION_CONTEXT ( 'NONE', 'WORKASPACE' ) );
#1285 = SURFACE_SIDE_STYLE ('',( #1943 ) ) ;
#1286 = STYLED_ITEM ( 'NONE', ( #3956 ), #1109 ) ;
#1287 = CARTESIAN_POINT ( 'NONE',  ( 0.3469234885446096928, 0.3281360000000000388, -0.1649999999999999800 ) ) ;
#1288 = CARTESIAN_POINT ( 'NONE',  ( 0.6300000000000000044, 0.000000000000000000, 0.000000000000000000 ) ) ;
#1289 =( GEOMETRIC_REPRESENTATION_CONTEXT ( 3 ) GLOBAL_UNCERTAINTY_ASSIGNED_CONTEXT ( ( #4072 ) ) GLOBAL_UNIT_ASSIGNED_CONTEXT ( ( #366, #2817, #707 ) ) REPRESENTATION_CONTEXT ( 'NONE', 'WORKASPACE' ) );
#1290 = CARTESIAN_POINT ( 'NONE',  ( 0.3492638894570143648, 0.3231360000000000343, -0.1732479428933267340 ) ) ;
#1291 = COLOUR_RGB ( '',0.7686274509803920907, 0.7686274509803920907, 0.7686274509803920907 ) ;
#1292 = DIRECTION ( 'NONE',  ( -1.000000000000000000, -0.000000000000000000, -0.000000000000000000 ) ) ;
#1293 = EDGE_LOOP ( 'NONE', ( #1423, #2063, #1551, #770 ) ) ;
#1294 = STYLED_ITEM ( 'NONE', ( #3566 ), #2782 ) ;
#1295 = MECHANICAL_DESIGN_GEOMETRIC_PRESENTATION_REPRESENTATION (  '', ( #3286 ), #74 ) ;
#1296 = B_SPLINE_CURVE_WITH_KNOTS ( 'NONE', 3,
 ( #566, #2658, #1947, #3364, #2702, #1621, #1205, #925, #4005, #866 ),
 .UNSPECIFIED., .F., .F.,
 ( 4, 3, 3, 4 ),
 ( 0.000000000000000000, 2.160490663711885467E-06, 4.309586043780116158E-06, 5.372024843951929504E-06 ),
 .UNSPECIFIED. ) ;
#1297 = LINE ( 'NONE', #1690, #3496 ) ;
#1298 = PRESENTATION_STYLE_ASSIGNMENT (( #1647 ) ) ;
#1299 = DIRECTION ( 'NONE',  ( -0.000000000000000000, -0.000000000000000000, -1.000000000000000000 ) ) ;
#1300 = LINE ( 'NONE', #1938, #2322 ) ;
#1301 = COLOUR_RGB ( '',0.6470588235294117974, 0.5176470588235293491, 0.000000000000000000 ) ;
#1302 =( BOUNDED_CURVE ( )  B_SPLINE_CURVE ( 3, ( #531, #2989, #4402, #4044 ),
 .UNSPECIFIED., .F., .F. ) 
 B_SPLINE_CURVE_WITH_KNOTS ( ( 4, 4 ),
 ( 1.570796326794896558, 1.868047687429712944 ),
 .UNSPECIFIED. ) 
 CURVE ( )  GEOMETRIC_REPRESENTATION_ITEM ( )  RATIONAL_B_SPLINE_CURVE ( ( 1.000000000000000000, 0.9926503465769137557, 0.9926503465769137557, 1.000000000000000000 ) ) 
 REPRESENTATION_ITEM ( '' )  );
#1303 = ORIENTED_EDGE ( 'NONE', *, *, #1054, .F. ) ;
#1304 = ADVANCED_FACE ( 'NONE', ( #14 ), #384, .T. ) ;
#1305 = COLOUR_RGB ( '',0.7686274509803920907, 0.7686274509803920907, 0.7686274509803920907 ) ;
#1306 = FACE_OUTER_BOUND ( 'NONE', #1800, .T. ) ;
#1307 = FACE_OUTER_BOUND ( 'NONE', #316, .T. ) ;
#1308 = STYLED_ITEM ( 'NONE', ( #4116 ), #3589 ) ;
#1309 = DIRECTION ( 'NONE',  ( 0.000000000000000000, 1.000000000000000000, 0.000000000000000000 ) ) ;
#1310 = EDGE_CURVE ( 'NONE', #2958, #1073, #1397, .T. ) ;
#1311 = AXIS2_PLACEMENT_3D ( 'NONE', #2816, #1670, #4499 ) ;
#1312 = CARTESIAN_POINT ( 'NONE',  ( 0.1431359999999999577, 0.3231360000000000343, -0.3300000000000000155 ) ) ;
#1313 = DIRECTION ( 'NONE',  ( 0.2762437428917283166, 0.000000000000000000, -0.9610876102172831725 ) ) ;
#1314 = LINE ( 'NONE', #2039, #653 ) ;
#1315 =( GEOMETRIC_REPRESENTATION_CONTEXT ( 3 ) GLOBAL_UNCERTAINTY_ASSIGNED_CONTEXT ( ( #594 ) ) GLOBAL_UNIT_ASSIGNED_CONTEXT ( ( #1070, #1556, #1899 ) ) REPRESENTATION_CONTEXT ( 'NONE', 'WORKASPACE' ) );
#1316 =( GEOMETRIC_REPRESENTATION_CONTEXT ( 3 ) GLOBAL_UNCERTAINTY_ASSIGNED_CONTEXT ( ( #2978 ) ) GLOBAL_UNIT_ASSIGNED_CONTEXT ( ( #1082, #1452, #4027 ) ) REPRESENTATION_CONTEXT ( 'NONE', 'WORKASPACE' ) );
#1317 = ORIENTED_EDGE ( 'NONE', *, *, #3751, .F. ) ;
#1318 = LINE ( 'NONE', #2727, #2025 ) ;
#1319 = VERTEX_POINT ( 'NONE', #4296 ) ;
#1320 =( BOUNDED_CURVE ( )  B_SPLINE_CURVE ( 3, ( #2619, #1609, #3015, #2687 ),
 .UNSPECIFIED., .F., .F. ) 
 B_SPLINE_CURVE_WITH_KNOTS ( ( 4, 4 ),
 ( 1.570796326794895892, 1.868047687429714721 ),
 .UNSPECIFIED. ) 
 CURVE ( )  GEOMETRIC_REPRESENTATION_ITEM ( )  RATIONAL_B_SPLINE_CURVE ( ( 1.000000000000000000, 0.9926503465769137557, 0.9926503465769137557, 1.000000000000000000 ) ) 
 REPRESENTATION_ITEM ( '' )  );
#1321 =( LENGTH_UNIT ( ) NAMED_UNIT ( * ) SI_UNIT ( .MILLI., .METRE. ) );
#1322 = CARTESIAN_POINT ( 'NONE',  ( 0.2659364968533158291, 0.3281360000000000388, -0.2083447309874472686 ) ) ;
#1323 = ORIENTED_EDGE ( 'NONE', *, *, #3436, .T. ) ;
#1324 = CARTESIAN_POINT ( 'NONE',  ( 0.2887188603287782485, 0.3281360000000000388, -0.2083447309874472686 ) ) ;
#1325 = CARTESIAN_POINT ( 'NONE',  ( 0.6231360000000000232, 0.3300000000000000155, -0.006863999999999998575 ) ) ;
#1326 = FILL_AREA_STYLE_COLOUR ( '', #647 ) ;
#1327 = ORIENTED_EDGE ( 'NONE', *, *, #2135, .F. ) ;
#1328 = LINE ( 'NONE', #2054, #1831 ) ;
#1329 = CARTESIAN_POINT ( 'NONE',  ( 0.1499230755218617928, 0.009968595057063182538, -0.007940192189103547488 ) ) ;
#1330 =( NAMED_UNIT ( * ) SI_UNIT ( $, .STERADIAN. ) SOLID_ANGLE_UNIT ( ) );
#1331 = EDGE_CURVE ( 'NONE', #1073, #905, #4312, .T. ) ;
#1332 = CARTESIAN_POINT ( 'NONE',  ( 0.6231360000000000232, 0.3231360000000000343, -0.006863999999999998575 ) ) ;
#1333 = CARTESIAN_POINT ( 'NONE',  ( 0.2438448940973228229, 0.3231360000000000343, -0.2000942840048150206 ) ) ;
#1334 = EDGE_CURVE ( 'NONE', #1607, #567, #3253, .T. ) ;
#1335 = FILL_AREA_STYLE_COLOUR ( '', #570 ) ;
#1336 = EDGE_CURVE ( 'NONE', #4233, #3397, #1828, .T. ) ;
#1337 = DIRECTION ( 'NONE',  ( 1.000000000000000000, 0.000000000000000000, 0.000000000000000000 ) ) ;
#1338 = DIRECTION ( 'NONE',  ( 0.2765379750249968849, 0.000000000000000000, -0.9610029908221275896 ) ) ;
#1339 = ADVANCED_FACE ( 'NONE', ( #3278 ), #4325, .T. ) ;
#1340 = ORIENTED_EDGE ( 'NONE', *, *, #2604, .T. ) ;
#1341 = DIRECTION ( 'NONE',  ( -1.000000000000000000, -0.000000000000000000, 0.000000000000000000 ) ) ;
#1342 = ORIENTED_EDGE ( 'NONE', *, *, #2770, .F. ) ;
#1343 = DIRECTION ( 'NONE',  ( 0.000000000000000000, 0.000000000000000000, -1.000000000000000000 ) ) ;
#1344 = CARTESIAN_POINT ( 'NONE',  ( 0.3962247889799387912, 0.3231360000000000343, -0.2083447309874472686 ) ) ;
#1345 = VERTEX_POINT ( 'NONE', #1531 ) ;
#1346 = CARTESIAN_POINT ( 'NONE',  ( 0.3024100848085848892, 0.3281360000000000388, -0.2083447309874472686 ) ) ;
#1347 = CARTESIAN_POINT ( 'NONE',  ( 0.3266427377514274366, 0.3231360000000000343, -0.2083447309874472686 ) ) ;
#1348 = ORIENTED_EDGE ( 'NONE', *, *, #668, .T. ) ;
#1349 = MECHANICAL_DESIGN_GEOMETRIC_PRESENTATION_REPRESENTATION (  '', ( #976 ), #3259 ) ;
#1350 =( NAMED_UNIT ( * ) PLANE_ANGLE_UNIT ( ) SI_UNIT ( $, .RADIAN. ) );
#1351 = PRESENTATION_LAYER_ASSIGNMENT (  '', '', ( #1571 ) ) ;
#1352 = CARTESIAN_POINT ( 'NONE',  ( 0.1499894698367569279, 0.3185243421708192080, -0.007244062095797802747 ) ) ;
#1353 = FILL_AREA_STYLE_COLOUR ( '', #3125 ) ;
#1354 = EDGE_LOOP ( 'NONE', ( #490, #3215, #236, #2749 ) ) ;
#1355 =( GEOMETRIC_REPRESENTATION_CONTEXT ( 3 ) GLOBAL_UNCERTAINTY_ASSIGNED_CONTEXT ( ( #4415 ) ) GLOBAL_UNIT_ASSIGNED_CONTEXT ( ( #2814, #3228, #105 ) ) REPRESENTATION_CONTEXT ( 'NONE', 'WORKASPACE' ) );
#1356 = DIRECTION ( 'NONE',  ( 0.000000000000000000, 1.000000000000000000, 0.000000000000000000 ) ) ;
#1357 = AXIS2_PLACEMENT_3D ( 'NONE', #819, #1470, #3316 ) ;
#1358 =( NAMED_UNIT ( * ) SI_UNIT ( $, .STERADIAN. ) SOLID_ANGLE_UNIT ( ) );
#1359 = PLANE ( 'NONE',  #2639 ) ;
#1360 = MECHANICAL_DESIGN_GEOMETRIC_PRESENTATION_REPRESENTATION (  '', ( #3860 ), #415 ) ;
#1361 = EDGE_CURVE ( 'NONE', #4150, #3871, #2624, .T. ) ;
#1362 =( LENGTH_UNIT ( ) NAMED_UNIT ( * ) SI_UNIT ( .MILLI., .METRE. ) );
#1363 = ORIENTED_EDGE ( 'NONE', *, *, #4263, .F. ) ;
#1364 = PRESENTATION_LAYER_ASSIGNMENT (  '', '', ( #1069 ) ) ;
#1365 = EDGE_LOOP ( 'NONE', ( #2378, #4128, #1669 ) ) ;
#1366 = EDGE_CURVE ( 'NONE', #3671, #3110, #2499, .T. ) ;
#1367 = VECTOR ( 'NONE', #675, 1000.000000000000000 ) ;
#1368 = ORIENTED_EDGE ( 'NONE', *, *, #555, .T. ) ;
#1369 = CARTESIAN_POINT ( 'NONE',  ( 0.2438448940973228229, 0.3231360000000000343, -0.2000942840048150206 ) ) ;
#1370 = CARTESIAN_POINT ( 'NONE',  ( 0.4800576231663215565, 0.3199325472226470790, -0.3221273600266552628 ) ) ;
#1371 = DIRECTION ( 'NONE',  ( -0.9610876102172832836, 0.000000000000000000, -0.2762437428917283722 ) ) ;
#1372 = COLOUR_RGB ( '',0.7686274509803920907, 0.7686274509803920907, 0.7686274509803920907 ) ;
#1373 = VERTEX_POINT ( 'NONE', #1894 ) ;
#1374 = VECTOR ( 'NONE', #3745, 1000.000000000000227 ) ;
#1375 = CARTESIAN_POINT ( 'NONE',  ( 0.2438448940973228229, 0.3281360000000000388, -0.2000942840048150206 ) ) ;
#1376 = AXIS2_PLACEMENT_3D ( 'NONE', #1546, #233, #2636 ) ;
#1377 = AXIS2_PLACEMENT_3D ( 'NONE', #3527, #666, #3454 ) ;
#1378 = DIRECTION ( 'NONE',  ( 0.000000000000000000, -1.000000000000000000, 0.000000000000000000 ) ) ;
#1379 = CARTESIAN_POINT ( 'NONE',  ( 0.3090790555455912858, 0.3281360000000000388, -0.2037745044731906208 ) ) ;
#1380 = ORIENTED_EDGE ( 'NONE', *, *, #4039, .T. ) ;
#1381 = ORIENTED_EDGE ( 'NONE', *, *, #962, .F. ) ;
#1382 = AXIS2_PLACEMENT_3D ( 'NONE', #3620, #1756, #3177 ) ;
#1383 = COLOUR_RGB ( '',0.7686274509803920907, 0.7686274509803920907, 0.7686274509803920907 ) ;
#1384 = DIRECTION ( 'NONE',  ( 0.000000000000000000, 0.000000000000000000, -1.000000000000000000 ) ) ;
#1385 = FACE_OUTER_BOUND ( 'NONE', #3103, .T. ) ;
#1386 = AXIS2_PLACEMENT_3D ( 'NONE', #4338, #3999, #1183 ) ;
#1387 = SURFACE_SIDE_STYLE ('',( #4555 ) ) ;
#1388 = DIRECTION ( 'NONE',  ( -0.000000000000000000, 1.000000000000000000, -0.000000000000000000 ) ) ;
#1389 = ORIENTED_EDGE ( 'NONE', *, *, #3184, .T. ) ;
#1390 = CARTESIAN_POINT ( 'NONE',  ( 0.4868640000000001300, 0.006863999999999998575, 0.000000000000000000 ) ) ;
#1391 = VECTOR ( 'NONE', #3387, 1000.000000000000000 ) ;
#1392 = CARTESIAN_POINT ( 'NONE',  ( 0.4800000000000001488, 0.000000000000000000, -0.006863999999999980360 ) ) ;
#1393 = EDGE_CURVE ( 'NONE', #926, #1345, #3030, .T. ) ;
#1394 = ORIENTED_EDGE ( 'NONE', *, *, #1366, .F. ) ;
#1395 = PLANE ( 'NONE',  #329 ) ;
#1396 = ORIENTED_EDGE ( 'NONE', *, *, #1024, .F. ) ;
#1397 = LINE ( 'NONE', #3232, #4546 ) ;
#1398 = EDGE_CURVE ( 'NONE', #3434, #2868, #1604, .T. ) ;
#1399 = ORIENTED_EDGE ( 'NONE', *, *, #1398, .F. ) ;
#1400 = CARTESIAN_POINT ( 'NONE',  ( 0.4800000000000001488, 0.01296659754141519898, -0.006863999999999980360 ) ) ;
#1401 = CARTESIAN_POINT ( 'NONE',  ( 0.3819520072573981406, 0.3281360000000000388, -0.1999756692495344157 ) ) ;
#1402 = EDGE_LOOP ( 'NONE', ( #2872, #1488, #2159, #1865 ) ) ;
#1403 = ORIENTED_EDGE ( 'NONE', *, *, #117, .T. ) ;
#1404 = DIRECTION ( 'NONE',  ( -1.000000000000000000, 0.000000000000000000, 0.000000000000000000 ) ) ;
#1405 =( NAMED_UNIT ( * ) PLANE_ANGLE_UNIT ( ) SI_UNIT ( $, .RADIAN. ) );
#1406 = LINE ( 'NONE', #4384, #2335 ) ;
#1407 = ORIENTED_EDGE ( 'NONE', *, *, #467, .F. ) ;
#1408 = FILL_AREA_STYLE_COLOUR ( '', #2916 ) ;
#1409 = SURFACE_STYLE_FILL_AREA ( #678 ) ;
#1410 = ORIENTED_EDGE ( 'NONE', *, *, #200, .F. ) ;
#1411 = EDGE_CURVE ( 'NONE', #4444, #4150, #595, .T. ) ;
#1412 =( NAMED_UNIT ( * ) PLANE_ANGLE_UNIT ( ) SI_UNIT ( $, .RADIAN. ) );
#1413 = DIRECTION ( 'NONE',  ( -0.2740217765953990581, 0.000000000000000000, 0.9617234872620619157 ) ) ;
#1414 = ORIENTED_EDGE ( 'NONE', *, *, #913, .F. ) ;
#1415 = PLANE ( 'NONE',  #1311 ) ;
#1416 =( NAMED_UNIT ( * ) PLANE_ANGLE_UNIT ( ) SI_UNIT ( $, .RADIAN. ) );
#1417 = ORIENTED_EDGE ( 'NONE', *, *, #788, .F. ) ;
#1418 = ADVANCED_FACE ( 'NONE', ( #3711 ), #908, .T. ) ;
#1419 = CARTESIAN_POINT ( 'NONE',  ( 0.4800000000000001488, 0.3162719999999999421, -0.006863999999999980360 ) ) ;
#1420 = LINE ( 'NONE', #4525, #3809 ) ;
#1421 = CARTESIAN_POINT ( 'NONE',  ( 0.006863999999999998575, 0.3231360000000000343, -0.3231360000000000343 ) ) ;
#1422 = ORIENTED_EDGE ( 'NONE', *, *, #696, .T. ) ;
#1423 = ORIENTED_EDGE ( 'NONE', *, *, #2882, .T. ) ;
#1424 = ADVANCED_FACE ( 'NONE', ( #571 ), #2705, .T. ) ;
#1425 = MECHANICAL_DESIGN_GEOMETRIC_PRESENTATION_REPRESENTATION (  '', ( #2228 ), #917 ) ;
#1426 = CARTESIAN_POINT ( 'NONE',  ( 0.3089588592604216033, 0.3231360000000000343, -0.1649999999999999800 ) ) ;
#1427 = DIRECTION ( 'NONE',  ( 0.000000000000000000, 0.000000000000000000, 1.000000000000000000 ) ) ;
#1428 = PRESENTATION_LAYER_ASSIGNMENT (  '', '', ( #3047 ) ) ;
#1429 = ORIENTED_EDGE ( 'NONE', *, *, #2140, .F. ) ;
#1430 = FACE_OUTER_BOUND ( 'NONE', #2617, .T. ) ;
#1431 = SURFACE_SIDE_STYLE ('',( #823 ) ) ;
#1432 = CARTESIAN_POINT ( 'NONE',  ( 0.006863999999999980360, 0.3231360000000000343, 0.000000000000000000 ) ) ;
#1433 = ORIENTED_EDGE ( 'NONE', *, *, #3140, .T. ) ;
#1434 = CARTESIAN_POINT ( 'NONE',  ( 0.2601030231971028228, 0.3281360000000000388, -0.1920321708944721650 ) ) ;
#1435 = ORIENTED_EDGE ( 'NONE', *, *, #3485, .F. ) ;
#1436 = CARTESIAN_POINT ( 'NONE',  ( 0.3528225956985452938, 0.3231360000000000343, -0.1920307211585037532 ) ) ;
#1437 = DIRECTION ( 'NONE',  ( -0.2762033010252067378, 0.000000000000000000, 0.9610992334315843211 ) ) ;
#1438 = ORIENTED_EDGE ( 'NONE', *, *, #71, .F. ) ;
#1439 = CARTESIAN_POINT ( 'NONE',  ( 0.2979442931012975526, 0.3231360000000000343, -0.1649999999999999800 ) ) ;
#1440 = CARTESIAN_POINT ( 'NONE',  ( 0.006863999999999980360, 0.3231360000000000343, -0.3300000000000000155 ) ) ;
#1441 = MECHANICAL_DESIGN_GEOMETRIC_PRESENTATION_REPRESENTATION (  '', ( #3426 ), #3060 ) ;
#1442 = PRESENTATION_LAYER_ASSIGNMENT (  '', '', ( #865 ) ) ;
#1443 = ORIENTED_EDGE ( 'NONE', *, *, #302, .T. ) ;
#1444 = EDGE_CURVE ( 'NONE', #4541, #1707, #3668, .T. ) ;
#1445 = ORIENTED_EDGE ( 'NONE', *, *, #1336, .F. ) ;
#1446 = COLOUR_RGB ( '',0.7686274509803920907, 0.7686274509803920907, 0.7686274509803920907 ) ;
#1447 = CARTESIAN_POINT ( 'NONE',  ( 0.1500001697332406236, 0.3231077884361101549, -0.01301050416105428709 ) ) ;
#1448 = MECHANICAL_DESIGN_GEOMETRIC_PRESENTATION_REPRESENTATION (  '', ( #4482 ), #3798 ) ;
#1449 = AXIS2_PLACEMENT_3D ( 'NONE', #2064, #4536, #1019 ) ;
#1450 = ADVANCED_FACE ( 'NONE', ( #4105 ), #3398, .T. ) ;
#1451 = VECTOR ( 'NONE', #251, 1000.000000000000227 ) ;
#1452 =( NAMED_UNIT ( * ) PLANE_ANGLE_UNIT ( ) SI_UNIT ( $, .RADIAN. ) );
#1453 = ORIENTED_EDGE ( 'NONE', *, *, #3335, .F. ) ;
#1454 = B_SPLINE_CURVE_WITH_KNOTS ( 'NONE', 3,
 ( #3101, #19, #1329, #1071, #3531, #3835, #1717, #688, #711, #389 ),
 .UNSPECIFIED., .F., .F.,
 ( 4, 3, 3, 4 ),
 ( 0.000000000000000000, 2.160490663711806270E-06, 4.309586043779965386E-06, 5.372024843951864282E-06 ),
 .UNSPECIFIED. ) ;
#1455 = DIRECTION ( 'NONE',  ( 0.000000000000000000, -1.000000000000000000, 0.000000000000000000 ) ) ;
#1456 = CARTESIAN_POINT ( 'NONE',  ( 0.3024100848085848892, 0.3231360000000000343, -0.2083447309874472686 ) ) ;
#1457 = AXIS2_PLACEMENT_3D ( 'NONE', #1924, #1965, #1281 ) ;
#1458 = EDGE_LOOP ( 'NONE', ( #4215, #4306, #2877, #4189, #427, #4193 ) ) ;
#1459 = PLANE ( 'NONE',  #2854 ) ;
#1460 = CIRCLE ( 'NONE', #364, 0.006864000000000007248 ) ;
#1461 = ORIENTED_EDGE ( 'NONE', *, *, #472, .F. ) ;
#1462 = FACE_OUTER_BOUND ( 'NONE', #850, .T. ) ;
#1463 = VERTEX_POINT ( 'NONE', #2265 ) ;
#1464 = AXIS2_PLACEMENT_3D ( 'NONE', #3834, #2362, #4547 ) ;
#1465 = LINE ( 'NONE', #2894, #3005 ) ;
#1466 =( NAMED_UNIT ( * ) PLANE_ANGLE_UNIT ( ) SI_UNIT ( $, .RADIAN. ) );
#1467 = CARTESIAN_POINT ( 'NONE',  ( 0.1498025291734264575, 0.009263316881069303191, -0.3214925014640017120 ) ) ;
#1468 = EDGE_LOOP ( 'NONE', ( #4160, #1017, #2691, #612 ) ) ;
#1469 = ORIENTED_EDGE ( 'NONE', *, *, #1719, .F. ) ;
#1470 = DIRECTION ( 'NONE',  ( 0.000000000000000000, 1.000000000000000000, 0.000000000000000000 ) ) ;
#1471 = EDGE_CURVE ( 'NONE', #2169, #2210, #1038, .T. ) ;
#1472 = VERTEX_POINT ( 'NONE', #3136 ) ;
#1473 = DIRECTION ( 'NONE',  ( 1.000000000000000000, 0.000000000000000000, 0.000000000000000000 ) ) ;
#1474 = ORIENTED_EDGE ( 'NONE', *, *, #894, .T. ) ;
#1475 = EDGE_CURVE ( 'NONE', #3997, #1643, #1687, .T. ) ;
#1476 = DIRECTION ( 'NONE',  ( -1.000000000000000000, 0.000000000000000000, 0.000000000000000000 ) ) ;
#1477 = CARTESIAN_POINT ( 'NONE',  ( 0.4868640000000001300, 0.006863999999999998575, -0.3231360000000000343 ) ) ;
#1478 = UNCERTAINTY_MEASURE_WITH_UNIT (LENGTH_MEASURE( 1.000000000000000082E-05 ), #763, 'distance_accuracy_value', 'NONE');
#1479 = ORIENTED_EDGE ( 'NONE', *, *, #1623, .F. ) ;
#1480 = CARTESIAN_POINT ( 'NONE',  ( 0.1499999999999999667, 0.3231360000000000343, -0.3162720000000000531 ) ) ;
#1481 = DIRECTION ( 'NONE',  ( 1.000000000000000000, 0.000000000000000000, 0.000000000000000000 ) ) ;
#1482 = DIRECTION ( 'NONE',  ( -1.000000000000000000, 0.000000000000000000, 0.000000000000000000 ) ) ;
#1483 = ORIENTED_EDGE ( 'NONE', *, *, #97, .T. ) ;
#1484 =( NAMED_UNIT ( * ) SI_UNIT ( $, .STERADIAN. ) SOLID_ANGLE_UNIT ( ) );
#1485 = DIRECTION ( 'NONE',  ( 0.000000000000000000, -0.000000000000000000, -1.000000000000000000 ) ) ;
#1486 = DIRECTION ( 'NONE',  ( 0.000000000000000000, 0.000000000000000000, 1.000000000000000000 ) ) ;
#1487 = DIRECTION ( 'NONE',  ( 0.4668459304955247524, 0.000000000000000000, -0.8843386665637592570 ) ) ;
#1488 = ORIENTED_EDGE ( 'NONE', *, *, #4039, .F. ) ;
#1489 = ORIENTED_EDGE ( 'NONE', *, *, #4263, .T. ) ;
#1490 = PLANE ( 'NONE',  #4408 ) ;
#1491 = SURFACE_STYLE_USAGE ( .BOTH. , #3559 ) ;
#1492 =( NAMED_UNIT ( * ) SI_UNIT ( $, .STERADIAN. ) SOLID_ANGLE_UNIT ( ) );
#1493 = AXIS2_PLACEMENT_3D ( 'NONE', #59, #3672, #2959 ) ;
#1494 = EDGE_LOOP ( 'NONE', ( #3696, #86, #2592, #1167 ) ) ;
#1495 =( NAMED_UNIT ( * ) PLANE_ANGLE_UNIT ( ) SI_UNIT ( $, .RADIAN. ) );
#1496 = CARTESIAN_POINT ( 'NONE',  ( 0.4802434761475143365, 0.008686569262248238638, -0.3209377311541842803 ) ) ;
#1497 = ORIENTED_EDGE ( 'NONE', *, *, #894, .F. ) ;
#1498 = EDGE_CURVE ( 'NONE', #4125, #3973, #3803, .T. ) ;
#1499 = CARTESIAN_POINT ( 'NONE',  ( 0.2166061340079447894, 0.3281360000000000388, -0.1650000000000000078 ) ) ;
#1500 = DIRECTION ( 'NONE',  ( 1.000000000000000000, 0.000000000000000000, 0.000000000000000000 ) ) ;
#1501 = ORIENTED_EDGE ( 'NONE', *, *, #1726, .F. ) ;
#1502 = CARTESIAN_POINT ( 'NONE',  ( 0.1500000000000109024, 0.3166302014679505117, -0.3231360000000006449 ) ) ;
#1503 = VECTOR ( 'NONE', #2300, 999.9999999999998863 ) ;
#1504 = LINE ( 'NONE', #2195, #1740 ) ;
#1505 = EDGE_LOOP ( 'NONE', ( #2401, #1417, #145, #4305 ) ) ;
#1506 = EDGE_CURVE ( 'NONE', #2747, #2071, #2810, .T. ) ;
#1507 = AXIS2_PLACEMENT_3D ( 'NONE', #3377, #249, #4093 ) ;
#1508 = CARTESIAN_POINT ( 'NONE',  ( 0.1499999999999999667, 0.01372799999999997633, -0.006863999999999980360 ) ) ;
#1509 = CARTESIAN_POINT ( 'NONE',  ( 0.1497565238524858344, 0.3209377311541842803, -0.008686569262248216086 ) ) ;
#1510 = CARTESIAN_POINT ( 'NONE',  ( 0.4800769244781383227, 0.009968595057063109680, -0.3220598078108964368 ) ) ;
#1511 = FILL_AREA_STYLE ('',( #4281 ) ) ;
#1512 = ORIENTED_EDGE ( 'NONE', *, *, #2058, .F. ) ;
#1513 = STYLED_ITEM ( 'NONE', ( #3675 ), #1233 ) ;
#1514 =( GEOMETRIC_REPRESENTATION_CONTEXT ( 3 ) GLOBAL_UNCERTAINTY_ASSIGNED_CONTEXT ( ( #3229 ) ) GLOBAL_UNIT_ASSIGNED_CONTEXT ( ( #268, #4216, #3776 ) ) REPRESENTATION_CONTEXT ( 'NONE', 'WORKASPACE' ) );
#1515 = CARTESIAN_POINT ( 'NONE',  ( 0.1499999999999999667, 0.006863999999999980360, -0.3300000000000000155 ) ) ;
#1516 = LINE ( 'NONE', #138, #3561 ) ;
#1517 = DIRECTION ( 'NONE',  ( 0.000000000000000000, 0.000000000000000000, -1.000000000000000000 ) ) ;
#1518 = COLOUR_RGB ( '',0.7686274509803920907, 0.7686274509803920907, 0.7686274509803920907 ) ;
#1519 = CARTESIAN_POINT ( 'NONE',  ( 0.2792175273593778262, 0.3281360000000000388, -0.2035886746902791367 ) ) ;
#1520 = VECTOR ( 'NONE', #1850, 1000.000000000000000 ) ;
#1521 = CARTESIAN_POINT ( 'NONE',  ( 0.6300000000000000044, 0.006863999999999998575, -0.3231360000000000343 ) ) ;
#1522 = SURFACE_STYLE_USAGE ( .BOTH. , #3271 ) ;
#1523 = VERTEX_POINT ( 'NONE', #3092 ) ;
#1524 = COLOUR_RGB ( '',0.7686274509803920907, 0.7686274509803920907, 0.7686274509803920907 ) ;
#1525 = STYLED_ITEM ( 'NONE', ( #655 ), #2407 ) ;
#1526 = CARTESIAN_POINT ( 'NONE',  ( 0.2886098390511607770, 0.3281360000000000388, -0.1649999999999999800 ) ) ;
#1527 = CYLINDRICAL_SURFACE ( 'NONE', #4532, 0.006864000000000007248 ) ;
#1528 = EDGE_CURVE ( 'NONE', #3991, #2577, #343, .T. ) ;
#1529 = VERTEX_POINT ( 'NONE', #3845 ) ;
#1530 = DIRECTION ( 'NONE',  ( 0.000000000000000000, -1.000000000000000000, 0.000000000000000000 ) ) ;
#1531 = CARTESIAN_POINT ( 'NONE',  ( 0.1943998703567688113, 0.3281360000000000388, -0.1898608619053237800 ) ) ;
#1532 = VECTOR ( 'NONE', #2299, 1000.000000000000000 ) ;
#1533 = DIRECTION ( 'NONE',  ( 0.000000000000000000, 0.000000000000000000, -1.000000000000000000 ) ) ;
#1534 = ORIENTED_EDGE ( 'NONE', *, *, #2058, .T. ) ;
#1535 = AXIS2_PLACEMENT_3D ( 'NONE', #2235, #4374, #2981 ) ;
#1536 = ADVANCED_FACE ( 'NONE', ( #2043 ), #3466, .T. ) ;
#1537 = FACE_OUTER_BOUND ( 'NONE', #3521, .T. ) ;
#1538 = EDGE_CURVE ( 'NONE', #755, #3686, #357, .T. ) ;
#1539 = CARTESIAN_POINT ( 'NONE',  ( 0.6231360000000000232, 0.3231360000000000343, -0.006863999999999998575 ) ) ;
#1540 = CIRCLE ( 'NONE', #2114, 0.006863999999999980360 ) ;
#1541 = EDGE_LOOP ( 'NONE', ( #3142, #2217, #3187 ) ) ;
#1542 = ADVANCED_FACE ( 'NONE', ( #48 ), #377, .F. ) ;
#1543 = PLANE ( 'NONE',  #2393 ) ;
#1544 = FILL_AREA_STYLE ('',( #496 ) ) ;
#1545 = DIRECTION ( 'NONE',  ( 0.2746918797667153300, 0.000000000000000000, -0.9615323037684320173 ) ) ;
#1546 = CARTESIAN_POINT ( 'NONE',  ( 0.6300000000000000044, 0.000000000000000000, 0.000000000000000000 ) ) ;
#1547 = DIRECTION ( 'NONE',  ( -1.000000000000000000, 0.000000000000000000, 0.000000000000000000 ) ) ;
#1548 = ORIENTED_EDGE ( 'NONE', *, *, #1024, .T. ) ;
#1549 = CARTESIAN_POINT ( 'NONE',  ( 0.4799998302667594641, 0.3231077884361102104, -0.3169894958389456452 ) ) ;
#1550 = SURFACE_STYLE_USAGE ( .BOTH. , #3729 ) ;
#1551 = ORIENTED_EDGE ( 'NONE', *, *, #2436, .F. ) ;
#1552 = DIRECTION ( 'NONE',  ( 0.2729786930695101144, 0.000000000000000000, -0.9620200793798755479 ) ) ;
#1553 =( NAMED_UNIT ( * ) SI_UNIT ( $, .STERADIAN. ) SOLID_ANGLE_UNIT ( ) );
#1554 = FACE_OUTER_BOUND ( 'NONE', #2421, .T. ) ;
#1555 = EDGE_LOOP ( 'NONE', ( #643, #1283, #4222, #3472 ) ) ;
#1556 =( NAMED_UNIT ( * ) PLANE_ANGLE_UNIT ( ) SI_UNIT ( $, .RADIAN. ) );
#1557 = CARTESIAN_POINT ( 'NONE',  ( 0.3090790555455912858, 0.3281360000000000388, -0.2037745044731906208 ) ) ;
#1558 = CARTESIAN_POINT ( 'NONE',  ( 0.1943998703567688113, 0.3281360000000000388, -0.1898608619053237800 ) ) ;
#1559 = CARTESIAN_POINT ( 'NONE',  ( 0.4800576231663215565, 0.3221273600266552628, -0.01006745277735298857 ) ) ;
#1560 = VERTEX_POINT ( 'NONE', #1771 ) ;
#1561 = EDGE_CURVE ( 'NONE', #1278, #1198, #3174, .T. ) ;
#1562 = CARTESIAN_POINT ( 'NONE',  ( 0.1872252591682402045, 0.3231360000000000343, -0.1649999999999999800 ) ) ;
#1563 = DIRECTION ( 'NONE',  ( -0.3725077383644724294, 0.000000000000000000, -0.9280290862136735264 ) ) ;
#1564 = DIRECTION ( 'NONE',  ( 0.000000000000000000, 0.000000000000000000, 1.000000000000000000 ) ) ;
#1565 = ADVANCED_FACE ( 'NONE', ( #1430 ), #2468, .T. ) ;
#1566 = CARTESIAN_POINT ( 'NONE',  ( 0.2438448940973228229, 0.3281360000000000388, -0.2000942840048150206 ) ) ;
#1567 = FILL_AREA_STYLE_COLOUR ( '', #4556 ) ;
#1568 = AXIS2_PLACEMENT_3D ( 'NONE', #3294, #520, #2973 ) ;
#1569 = FACE_OUTER_BOUND ( 'NONE', #1930, .T. ) ;
#1570 = VERTEX_POINT ( 'NONE', #1013 ) ;
#1571 = STYLED_ITEM ( 'NONE', ( #4364 ), #123 ) ;
#1572 = DIRECTION ( 'NONE',  ( 0.000000000000000000, 0.000000000000000000, 1.000000000000000000 ) ) ;
#1573 = CARTESIAN_POINT ( 'NONE',  ( 0.4868640000000001300, 0.3300000000000000155, -0.006863999999999998575 ) ) ;
#1574 = PRESENTATION_STYLE_ASSIGNMENT (( #1625 ) ) ;
#1575 = ORIENTED_EDGE ( 'NONE', *, *, #2298, .F. ) ;
#1576 = PRESENTATION_LAYER_ASSIGNMENT (  '', '', ( #3265 ) ) ;
#1577 = DIRECTION ( 'NONE',  ( -1.000000000000000000, 0.000000000000000000, -0.000000000000000000 ) ) ;
#1578 = DIRECTION ( 'NONE',  ( 0.000000000000000000, 1.000000000000000000, 0.000000000000000000 ) ) ;
#1579 = VECTOR ( 'NONE', #3191, 1000.000000000000000 ) ;
#1580 = DIRECTION ( 'NONE',  ( 0.2760118818968592680, 0.000000000000000000, -0.9611542233438680194 ) ) ;
#1581 =( NAMED_UNIT ( * ) PLANE_ANGLE_UNIT ( ) SI_UNIT ( $, .RADIAN. ) );
#1582 = CARTESIAN_POINT ( 'NONE',  ( 0.3588200213398384797, 0.3281360000000000388, -0.2083447309874472686 ) ) ;
#1583 = ORIENTED_EDGE ( 'NONE', *, *, #4120, .F. ) ;
#1584 = UNCERTAINTY_MEASURE_WITH_UNIT (LENGTH_MEASURE( 1.000000000000000082E-05 ), #3734, 'distance_accuracy_value', 'NONE');
#1585 = CARTESIAN_POINT ( 'NONE',  ( 0.1939708802911082608, 0.3281360000000000388, -0.1885350125314001757 ) ) ;
#1586 =( NAMED_UNIT ( * ) PLANE_ANGLE_UNIT ( ) SI_UNIT ( $, .RADIAN. ) );
#1587 = CIRCLE ( 'NONE', #859, 0.006863999999999980360 ) ;
#1588 = EDGE_CURVE ( 'NONE', #1627, #1560, #3106, .T. ) ;
#1589 = CARTESIAN_POINT ( 'NONE',  ( 0.3266427377514274366, 0.3281360000000000388, -0.2083447309874472686 ) ) ;
#1590 =( GEOMETRIC_REPRESENTATION_CONTEXT ( 3 ) GLOBAL_UNCERTAINTY_ASSIGNED_CONTEXT ( ( #3797 ) ) GLOBAL_UNIT_ASSIGNED_CONTEXT ( ( #2194, #2940, #1849 ) ) REPRESENTATION_CONTEXT ( 'NONE', 'WORKASPACE' ) );
#1591 = SHAPE_DEFINITION_REPRESENTATION ( #3226, #1230 ) ;
#1592 = EDGE_CURVE ( 'NONE', #2800, #2481, #265, .T. ) ;
#1593 = LINE ( 'NONE', #3002, #1951 ) ;
#1594 = ADVANCED_FACE ( 'NONE', ( #3753 ), #2416, .T. ) ;
#1595 = VECTOR ( 'NONE', #1455, 1000.000000000000000 ) ;
#1596 = VECTOR ( 'NONE', #2723, 1000.000000000000114 ) ;
#1597 = DIRECTION ( 'NONE',  ( 0.000000000000000000, -1.000000000000000000, 0.000000000000000000 ) ) ;
#1598 = VERTEX_POINT ( 'NONE', #3393 ) ;
#1599 = STYLED_ITEM ( 'NONE', ( #748 ), #2802 ) ;
#1600 =( GEOMETRIC_REPRESENTATION_CONTEXT ( 3 ) GLOBAL_UNCERTAINTY_ASSIGNED_CONTEXT ( ( #718 ) ) GLOBAL_UNIT_ASSIGNED_CONTEXT ( ( #1046, #2449, #338 ) ) REPRESENTATION_CONTEXT ( 'NONE', 'WORKASPACE' ) );
#1601 = UNCERTAINTY_MEASURE_WITH_UNIT (LENGTH_MEASURE( 1.000000000000000082E-05 ), #4069, 'distance_accuracy_value', 'NONE');
#1602 = DIRECTION ( 'NONE',  ( 1.000000000000000000, 0.000000000000000000, 0.000000000000000000 ) ) ;
#1603 = ORIENTED_EDGE ( 'NONE', *, *, #673, .F. ) ;
#1604 = LINE ( 'NONE', #3303, #418 ) ;
#1605 = SURFACE_STYLE_FILL_AREA ( #596 ) ;
#1606 = VECTOR ( 'NONE', #3867, 1000.000000000000227 ) ;
#1607 = VERTEX_POINT ( 'NONE', #4100 ) ;
#1608 = AXIS2_PLACEMENT_3D ( 'NONE', #333, #3093, #2792 ) ;
#1609 = CARTESIAN_POINT ( 'NONE',  ( 0.1499999999999999667, 0.007546627053175289021, -0.007546627053175279480 ) ) ;
#1610 =( GEOMETRIC_REPRESENTATION_CONTEXT ( 3 ) GLOBAL_UNCERTAINTY_ASSIGNED_CONTEXT ( ( #2570 ) ) GLOBAL_UNIT_ASSIGNED_CONTEXT ( ( #3767, #3680, #1221 ) ) REPRESENTATION_CONTEXT ( 'NONE', 'WORKASPACE' ) );
#1611 =( LENGTH_UNIT ( ) NAMED_UNIT ( * ) SI_UNIT ( .MILLI., .METRE. ) );
#1612 = SURFACE_SIDE_STYLE ('',( #3328 ) ) ;
#1613 = VERTEX_POINT ( 'NONE', #3063 ) ;
#1614 = COLOUR_RGB ( '',0.7686274509803920907, 0.7686274509803920907, 0.7686274509803920907 ) ;
#1615 = FACE_OUTER_BOUND ( 'NONE', #92, .T. ) ;
#1616 =( GEOMETRIC_REPRESENTATION_CONTEXT ( 3 ) GLOBAL_UNCERTAINTY_ASSIGNED_CONTEXT ( ( #949 ) ) GLOBAL_UNIT_ASSIGNED_CONTEXT ( ( #879, #4401, #3649 ) ) REPRESENTATION_CONTEXT ( 'NONE', 'WORKASPACE' ) );
#1617 =( LENGTH_UNIT ( ) NAMED_UNIT ( * ) SI_UNIT ( .MILLI., .METRE. ) );
#1618 = VECTOR ( 'NONE', #1196, 1000.000000000000000 ) ;
#1619 = EDGE_CURVE ( 'NONE', #2942, #3602, #2700, .T. ) ;
#1620 = DIRECTION ( 'NONE',  ( -0.000000000000000000, 1.000000000000000000, 0.000000000000000000 ) ) ;
#1621 = CARTESIAN_POINT ( 'NONE',  ( 0.1499981116852613650, 0.007060134606194630978, -0.3180522150031763751 ) ) ;
#1622 = EDGE_LOOP ( 'NONE', ( #1999, #414, #1429, #1020 ) ) ;
#1623 = EDGE_CURVE ( 'NONE', #1709, #779, #627, .T. ) ;
#1624 = PLANE ( 'NONE',  #1816 ) ;
#1625 = SURFACE_STYLE_USAGE ( .BOTH. , #241 ) ;
#1626 = CARTESIAN_POINT ( 'NONE',  ( 0.006863999999999980360, 0.000000000000000000, -0.3231360000000000343 ) ) ;
#1627 = VERTEX_POINT ( 'NONE', #326 ) ;
#1628 = EDGE_CURVE ( 'NONE', #1823, #3072, #289, .T. ) ;
#1629 = CARTESIAN_POINT ( 'NONE',  ( 0.4868640000000001300, 0.000000000000000000, -0.3300000000000000155 ) ) ;
#1630 = LINE ( 'NONE', #2312, #3185 ) ;
#1631 = SURFACE_STYLE_FILL_AREA ( #4429 ) ;
#1632 = CARTESIAN_POINT ( 'NONE',  ( 0.2578142856001970906, 0.3281360000000000388, -0.1840192170104030800 ) ) ;
#1633 = ORIENTED_EDGE ( 'NONE', *, *, #3243, .F. ) ;
#1634 = CARTESIAN_POINT ( 'NONE',  ( 0.1431359999999999855, 0.006863999999999998575, -0.3231360000000000343 ) ) ;
#1635 = UNCERTAINTY_MEASURE_WITH_UNIT (LENGTH_MEASURE( 1.000000000000000082E-05 ), #3519, 'distance_accuracy_value', 'NONE');
#1636 = DIRECTION ( 'NONE',  ( 0.000000000000000000, 0.000000000000000000, 1.000000000000000000 ) ) ;
#1637 = UNCERTAINTY_MEASURE_WITH_UNIT (LENGTH_MEASURE( 1.000000000000000082E-05 ), #3879, 'distance_accuracy_value', 'NONE');
#1638 = SURFACE_STYLE_FILL_AREA ( #2953 ) ;
#1639 = DIRECTION ( 'NONE',  ( -2.459231407381525783E-15, 0.000000000000000000, -1.000000000000000000 ) ) ;
#1640 = UNCERTAINTY_MEASURE_WITH_UNIT (LENGTH_MEASURE( 1.000000000000000082E-05 ), #3564, 'distance_accuracy_value', 'NONE');
#1641 = CARTESIAN_POINT ( 'NONE',  ( 0.2659364968533158291, 0.3231360000000000343, -0.2083447309874472686 ) ) ;
#1642 = ADVANCED_FACE ( 'NONE', ( #693 ), #2581, .T. ) ;
#1643 = VERTEX_POINT ( 'NONE', #4509 ) ;
#1644 = FILL_AREA_STYLE_COLOUR ( '', #694 ) ;
#1645 = CLOSED_SHELL ( 'NONE', ( #868, #2205, #3735, #811, #2226, #2488, #1276, #1917, #2685, #4451, #822, #2141, #1867 ) ) ;
#1646 = CARTESIAN_POINT ( 'NONE',  ( 0.3089588592604216033, 0.3281360000000000388, -0.1649999999999999800 ) ) ;
#1647 = SURFACE_STYLE_USAGE ( .BOTH. , #258 ) ;
#1648 = CYLINDRICAL_SURFACE ( 'NONE', #2568, 0.006863999999999980360 ) ;
#1649 = STYLED_ITEM ( 'NONE', ( #1918 ), #256 ) ;
#1650 = SURFACE_STYLE_USAGE ( .BOTH. , #3390 ) ;
#1651 = ADVANCED_FACE ( 'NONE', ( #3654 ), #514, .F. ) ;
#1652 = EDGE_LOOP ( 'NONE', ( #4114, #1229, #738, #700 ) ) ;
#1653 = CARTESIAN_POINT ( 'NONE',  ( 0.4868640000000001300, 0.3231360000000000343, -0.3231360000000000343 ) ) ;
#1654 =( GEOMETRIC_REPRESENTATION_CONTEXT ( 3 ) GLOBAL_UNCERTAINTY_ASSIGNED_CONTEXT ( ( #4459 ) ) GLOBAL_UNIT_ASSIGNED_CONTEXT ( ( #3981, #2585, #3263 ) ) REPRESENTATION_CONTEXT ( 'NONE', 'WORKASPACE' ) );
#1655 = CARTESIAN_POINT ( 'NONE',  ( 0.006863999999999998575, 0.3231360000000000343, -0.006863999999999998575 ) ) ;
#1656 = DIRECTION ( 'NONE',  ( -0.000000000000000000, 1.000000000000000000, -0.000000000000000000 ) ) ;
#1657 = DIRECTION ( 'NONE',  ( -1.000000000000000000, 0.000000000000000000, 0.000000000000000000 ) ) ;
#1658 = DIRECTION ( 'NONE',  ( 1.000000000000000000, 0.000000000000000000, 0.000000000000000000 ) ) ;
#1659 = LINE ( 'NONE', #3822, #1745 ) ;
#1660 = PRESENTATION_LAYER_ASSIGNMENT (  '', '', ( #1732 ) ) ;
#1661 = ORIENTED_EDGE ( 'NONE', *, *, #899, .F. ) ;
#1662 = CARTESIAN_POINT ( 'NONE',  ( 0.2702598728827497743, 0.3231360000000000343, -0.2083447309874472686 ) ) ;
#1663 = CARTESIAN_POINT ( 'NONE',  ( 0.2414989578296221628, 0.3281360000000000388, -0.1920321708944721650 ) ) ;
#1664 = EDGE_LOOP ( 'NONE', ( #1435, #2444, #4407, #1381, #1396, #4513, #2594, #3375, #1692, #2730, #2525, #63, #3468, #416, #3459, #1826, #2245 ) ) ;
#1665 = SURFACE_STYLE_FILL_AREA ( #2709 ) ;
#1666 = EDGE_CURVE ( 'NONE', #3207, #3646, #1178, .T. ) ;
#1667 = SURFACE_STYLE_FILL_AREA ( #362 ) ;
#1668 = CARTESIAN_POINT ( 'NONE',  ( 0.6300000000000000044, 0.000000000000000000, -0.3300000000000000155 ) ) ;
#1669 = ORIENTED_EDGE ( 'NONE', *, *, #3697, .F. ) ;
#1670 = DIRECTION ( 'NONE',  ( 0.000000000000000000, 0.000000000000000000, -1.000000000000000000 ) ) ;
#1671 = CARTESIAN_POINT ( 'NONE',  ( 0.3696076378993875533, 0.3231360000000000343, -0.1999756692496419686 ) ) ;
#1672 = CARTESIAN_POINT ( 'NONE',  ( 0.2578142856001970906, 0.3281360000000000388, -0.1840192170104030800 ) ) ;
#1673 = ORIENTED_EDGE ( 'NONE', *, *, #2494, .F. ) ;
#1674 = AXIS2_PLACEMENT_3D ( 'NONE', #611, #2011, #3383 ) ;
#1675 = EDGE_CURVE ( 'NONE', #816, #1472, #1200, .T. ) ;
#1676 = ADVANCED_FACE ( 'NONE', ( #1902 ), #2176, .F. ) ;
#1677 = DIRECTION ( 'NONE',  ( 0.000000000000000000, 0.000000000000000000, -1.000000000000000000 ) ) ;
#1678 = DIRECTION ( 'NONE',  ( 0.2746918797667153300, 0.000000000000000000, -0.9615323037684320173 ) ) ;
#1679 = DIRECTION ( 'NONE',  ( 1.000000000000000000, 0.000000000000000000, 0.000000000000000000 ) ) ;
#1680 = EDGE_CURVE ( 'NONE', #1147, #1033, #4319, .T. ) ;
#1681 = VECTOR ( 'NONE', #4542, 1000.000000000000000 ) ;
#1682 = PRESENTATION_STYLE_ASSIGNMENT (( #1550 ) ) ;
#1683 = UNCERTAINTY_MEASURE_WITH_UNIT (LENGTH_MEASURE( 1.000000000000000082E-05 ), #843, 'distance_accuracy_value', 'NONE');
#1684 = DIRECTION ( 'NONE',  ( 1.000000000000000000, 0.000000000000000000, 0.000000000000000000 ) ) ;
#1685 = VECTOR ( 'NONE', #3036, 999.9999999999998863 ) ;
#1686 = CARTESIAN_POINT ( 'NONE',  ( 0.3266427377514274366, 0.3281360000000000388, -0.2083447309874472686 ) ) ;
#1687 = LINE ( 'NONE', #2015, #3061 ) ;
#1688 = CARTESIAN_POINT ( 'NONE',  ( 0.6300000000000000044, 0.006863999999999998575, -0.3300000000000000155 ) ) ;
#1689 = ORIENTED_EDGE ( 'NONE', *, *, #3311, .T. ) ;
#1690 = CARTESIAN_POINT ( 'NONE',  ( 0.3492638894570143648, 0.3231360000000000343, -0.1732479428933267340 ) ) ;
#1691 = DIRECTION ( 'NONE',  ( -0.000000000000000000, -0.000000000000000000, -1.000000000000000000 ) ) ;
#1692 = ORIENTED_EDGE ( 'NONE', *, *, #3190, .F. ) ;
#1693 = PRESENTATION_STYLE_ASSIGNMENT (( #3143 ) ) ;
#1694 = DIRECTION ( 'NONE',  ( 0.9999999968487351953, 0.000000000000000000, 7.938847109670268325E-05 ) ) ;
#1695 = B_SPLINE_CURVE_WITH_KNOTS ( 'NONE', 3,
 ( #787, #4333, #1510, #1099, #1833, #2895, #2551, #3925, #2920, #3584 ),
 .UNSPECIFIED., .F., .F.,
 ( 4, 3, 3, 4 ),
 ( 0.000000000000000000, 2.160490663711802881E-06, 4.309586043779948446E-06, 5.372024843951943056E-06 ),
 .UNSPECIFIED. ) ;
#1696 = SURFACE_SIDE_STYLE ('',( #2843 ) ) ;
#1697 = ORIENTED_EDGE ( 'NONE', *, *, #4180, .T. ) ;
#1698 = CARTESIAN_POINT ( 'NONE',  ( 0.4801485633482507898, 0.3206278899604451671, -0.008376728068316166911 ) ) ;
#1699 = CARTESIAN_POINT ( 'NONE',  ( 0.3564303293722252963, 0.3231360000000000343, -0.2000369535397830967 ) ) ;
#1700 = PRESENTATION_STYLE_ASSIGNMENT (( #649 ) ) ;
#1701 = EDGE_CURVE ( 'NONE', #2942, #3091, #3013, .T. ) ;
#1702 = ORIENTED_EDGE ( 'NONE', *, *, #2631, .T. ) ;
#1703 = CARTESIAN_POINT ( 'NONE',  ( 0.1499994845473701099, 0.3230518818211622900, -0.01265669309202575865 ) ) ;
#1704 = CARTESIAN_POINT ( 'NONE',  ( 0.4803010196075459537, 0.008874419053935525895, -0.008874419053935508547 ) ) ;
#1705 = EDGE_CURVE ( 'NONE', #679, #29, #3585, .T. ) ;
#1706 = CARTESIAN_POINT ( 'NONE',  ( 0.2792175273593778262, 0.3281360000000000388, -0.2035886746902791367 ) ) ;
#1707 = VERTEX_POINT ( 'NONE', #1855 ) ;
#1708 = SURFACE_STYLE_FILL_AREA ( #3448 ) ;
#1709 = VERTEX_POINT ( 'NONE', #3052 ) ;
#1710 = DIRECTION ( 'NONE',  ( 0.000000000000000000, -1.000000000000000000, 0.000000000000000000 ) ) ;
#1711 = VERTEX_POINT ( 'NONE', #246 ) ;
#1712 = CARTESIAN_POINT ( 'NONE',  ( 0.1431359999999999577, 0.3231360000000000343, 0.000000000000000000 ) ) ;
#1713 = DIRECTION ( 'NONE',  ( 0.8958676361826809487, 0.000000000000000000, 0.4443210308329503810 ) ) ;
#1714 = CARTESIAN_POINT ( 'NONE',  ( 0.4868640000000001300, 0.006863999999999998575, 0.000000000000000000 ) ) ;
#1715 = ORIENTED_EDGE ( 'NONE', *, *, #1030, .F. ) ;
#1716 =( GEOMETRIC_REPRESENTATION_CONTEXT ( 3 ) GLOBAL_UNCERTAINTY_ASSIGNED_CONTEXT ( ( #3544 ) ) GLOBAL_UNIT_ASSIGNED_CONTEXT ( ( #351, #3714, #3759 ) ) REPRESENTATION_CONTEXT ( 'NONE', 'WORKASPACE' ) );
#1717 = CARTESIAN_POINT ( 'NONE',  ( 0.1499994845473701099, 0.01265669309202589569, -0.006948118178837680431 ) ) ;
#1718 = ORIENTED_EDGE ( 'NONE', *, *, #2947, .T. ) ;
#1719 = EDGE_CURVE ( 'NONE', #3411, #2450, #2733, .T. ) ;
#1720 = CARTESIAN_POINT ( 'NONE',  ( 0.2635931964690577112, 0.3281360000000000388, -0.2000942840048150206 ) ) ;
#1721 = COLOUR_RGB ( '',0.7686274509803920907, 0.7686274509803920907, 0.7686274509803920907 ) ;
#1722 = DIRECTION ( 'NONE',  ( 0.000000000000000000, 1.000000000000000000, 0.000000000000000000 ) ) ;
#1723 = CARTESIAN_POINT ( 'NONE',  ( 0.1499999999999999667, 0.3162719999999999421, -0.006863999999999980360 ) ) ;
#1724 = VECTOR ( 'NONE', #371, 1000.000000000000114 ) ;
#1725 = EDGE_CURVE ( 'NONE', #3686, #4055, #3351, .T. ) ;
#1726 = EDGE_CURVE ( 'NONE', #2665, #3861, #4450, .T. ) ;
#1727 = ORIENTED_EDGE ( 'NONE', *, *, #282, .T. ) ;
#1728 = DIRECTION ( 'NONE',  ( 1.000000000000000000, 0.000000000000000000, 0.000000000000000000 ) ) ;
#1729 = PRESENTATION_LAYER_ASSIGNMENT (  '', '', ( #1513 ) ) ;
#1730 = SURFACE_SIDE_STYLE ('',( #1409 ) ) ;
#1731 = ORIENTED_EDGE ( 'NONE', *, *, #2285, .T. ) ;
#1732 = STYLED_ITEM ( 'NONE', ( #2371 ), #1450 ) ;
#1733 = FILL_AREA_STYLE ('',( #970 ) ) ;
#1734 = ORIENTED_EDGE ( 'NONE', *, *, #39, .T. ) ;
#1735 =( NAMED_UNIT ( * ) SI_UNIT ( $, .STERADIAN. ) SOLID_ANGLE_UNIT ( ) );
#1736 = DIRECTION ( 'NONE',  ( -0.7145695586381790587, 0.000000000000000000, 0.6995643972270444433 ) ) ;
#1737 = DIRECTION ( 'NONE',  ( 0.000000000000000000, 0.000000000000000000, -1.000000000000000000 ) ) ;
#1738 = AXIS2_PLACEMENT_3D ( 'NONE', #1079, #3682, #4071 ) ;
#1739 = ORIENTED_EDGE ( 'NONE', *, *, #2969, .F. ) ;
#1740 = VECTOR ( 'NONE', #483, 1000.000000000000114 ) ;
#1741 = CARTESIAN_POINT ( 'NONE',  ( 0.4800410307986384684, 0.3193906641288776771, -0.007613391946902887432 ) ) ;
#1742 = DIRECTION ( 'NONE',  ( -0.2762033010252067378, 0.000000000000000000, 0.9610992334315843211 ) ) ;
#1743 = ORIENTED_EDGE ( 'NONE', *, *, #2770, .T. ) ;
#1744 = ORIENTED_EDGE ( 'NONE', *, *, #204, .F. ) ;
#1745 = VECTOR ( 'NONE', #677, 1000.000000000000000 ) ;
#1746 = COLOUR_RGB ( '',0.7686274509803920907, 0.7686274509803920907, 0.7686274509803920907 ) ;
#1747 = SURFACE_STYLE_USAGE ( .BOTH. , #2742 ) ;
#1748 =( LENGTH_UNIT ( ) NAMED_UNIT ( * ) SI_UNIT ( .MILLI., .METRE. ) );
#1749 = VECTOR ( 'NONE', #3623, 1000.000000000000000 ) ;
#1750 = DIRECTION ( 'NONE',  ( -0.000000000000000000, -0.000000000000000000, 1.000000000000000000 ) ) ;
#1751 = ORIENTED_EDGE ( 'NONE', *, *, #724, .F. ) ;
#1752 = AXIS2_PLACEMENT_3D ( 'NONE', #3627, #4256, #3581 ) ;
#1753 = LINE ( 'NONE', #2811, #4328 ) ;
#1754 = ORIENTED_EDGE ( 'NONE', *, *, #2583, .F. ) ;
#1755 = ADVANCED_FACE ( 'NONE', ( #3017 ), #2690, .F. ) ;
#1756 = DIRECTION ( 'NONE',  ( 0.000000000000000000, 1.000000000000000000, 0.000000000000000000 ) ) ;
#1757 = ORIENTED_EDGE ( 'NONE', *, *, #1973, .F. ) ;
#1758 = SURFACE_STYLE_FILL_AREA ( #13 ) ;
#1759 = CARTESIAN_POINT ( 'NONE',  ( 0.4800000000000001488, 0.3170334024585848565, -0.3231360000000000343 ) ) ;
#1760 = PLANE ( 'NONE',  #3416 ) ;
#1761 = EDGE_LOOP ( 'NONE', ( #3713, #8, #1065 ) ) ;
#1762 = EDGE_CURVE ( 'NONE', #3288, #2652, #259, .T. ) ;
#1763 =( LENGTH_UNIT ( ) NAMED_UNIT ( * ) SI_UNIT ( .MILLI., .METRE. ) );
#1764 = FACE_OUTER_BOUND ( 'NONE', #1494, .T. ) ;
#1765 = CARTESIAN_POINT ( 'NONE',  ( 0.3319353280894461466, 0.3231360000000000343, -0.1840192170103121527 ) ) ;
#1766 = ORIENTED_EDGE ( 'NONE', *, *, #2076, .F. ) ;
#1767 = ORIENTED_EDGE ( 'NONE', *, *, #4322, .F. ) ;
#1768 = CARTESIAN_POINT ( 'NONE',  ( 0.1499230755218617928, 0.3220598078108964368, -0.009968595057063085393 ) ) ;
#1769 = DIRECTION ( 'NONE',  ( 0.000000000000000000, -1.000000000000000000, 0.000000000000000000 ) ) ;
#1770 = VERTEX_POINT ( 'NONE', #4087 ) ;
#1771 = CARTESIAN_POINT ( 'NONE',  ( 0.3819520072573981406, 0.3231360000000000343, -0.1999756692495344157 ) ) ;
#1772 = DIRECTION ( 'NONE',  ( 0.2763173343569956808, 0.000000000000000000, -0.9610664548998910650 ) ) ;
#1773 = ORIENTED_EDGE ( 'NONE', *, *, #3436, .F. ) ;
#1774 = DIRECTION ( 'NONE',  ( -0.9999891854650020395, 0.000000000000000000, -0.004650693823683970003 ) ) ;
#1775 = ADVANCED_FACE ( 'NONE', ( #4473 ), #2316, .T. ) ;
#1776 = VERTEX_POINT ( 'NONE', #2343 ) ;
#1777 = DIRECTION ( 'NONE',  ( -0.2762033010289141055, 0.000000000000000000, 0.9610992334305188400 ) ) ;
#1778 = CARTESIAN_POINT ( 'NONE',  ( -0.02114064624411809284, 0.3231359999999999233, -0.01923640047652913979 ) ) ;
#1779 = VERTEX_POINT ( 'NONE', #1920 ) ;
#1780 = DIRECTION ( 'NONE',  ( 0.000000000000000000, -1.000000000000000000, 0.000000000000000000 ) ) ;
#1781 = EDGE_CURVE ( 'NONE', #3369, #3238, #2381, .T. ) ;
#1782 = CARTESIAN_POINT ( 'NONE',  ( 0.4800000000000001488, 0.01372799999999997633, -0.006863999999999980360 ) ) ;
#1783 = LINE ( 'NONE', #62, #2083 ) ;
#1784 = ORIENTED_EDGE ( 'NONE', *, *, #325, .F. ) ;
#1785 = EDGE_LOOP ( 'NONE', ( #614, #267, #1980 ) ) ;
#1786 = DIRECTION ( 'NONE',  ( 0.000000000000000000, -1.000000000000000000, 0.000000000000000000 ) ) ;
#1787 = SURFACE_SIDE_STYLE ('',( #766 ) ) ;
#1788 = CARTESIAN_POINT ( 'NONE',  ( 0.1431359999999999577, 0.3231360000000000343, -0.006863999999999998575 ) ) ;
#1789 =( GEOMETRIC_REPRESENTATION_CONTEXT ( 3 ) GLOBAL_UNCERTAINTY_ASSIGNED_CONTEXT ( ( #2325 ) ) GLOBAL_UNIT_ASSIGNED_CONTEXT ( ( #3307, #2960, #3471 ) ) REPRESENTATION_CONTEXT ( 'NONE', 'WORKASPACE' ) );
#1790 = ORIENTED_EDGE ( 'NONE', *, *, #4334, .T. ) ;
#1791 = DIRECTION ( 'NONE',  ( 0.000000000000000000, 1.000000000000000000, -0.000000000000000000 ) ) ;
#1792 = ORIENTED_EDGE ( 'NONE', *, *, #1719, .T. ) ;
#1793 = CIRCLE ( 'NONE', #3930, 0.006863999999999980360 ) ;
#1794 = LINE ( 'NONE', #3971, #1 ) ;
#1795 = DIRECTION ( 'NONE',  ( -1.000000000000000000, 0.000000000000000000, 0.000000000000000000 ) ) ;
#1796 = VERTEX_POINT ( 'NONE', #3787 ) ;
#1797 = DIRECTION ( 'NONE',  ( 0.000000000000000000, 1.000000000000000000, 0.000000000000000000 ) ) ;
#1798 = DIRECTION ( 'NONE',  ( -1.000000000000000000, 0.000000000000000000, 0.000000000000000000 ) ) ;
#1799 = DIRECTION ( 'NONE',  ( 1.000000000000000000, 0.000000000000000000, 0.000000000000000000 ) ) ;
#1800 = EDGE_LOOP ( 'NONE', ( #311, #1731, #857 ) ) ;
#1801 = MECHANICAL_DESIGN_GEOMETRIC_PRESENTATION_REPRESENTATION (  '', ( #1069 ), #1289 ) ;
#1802 = EDGE_CURVE ( 'NONE', #3686, #1198, #3764, .T. ) ;
#1803 = LINE ( 'NONE', #156, #2490 ) ;
#1804 = CARTESIAN_POINT ( 'NONE',  ( 0.1431359999999999577, 0.3231360000000000343, -0.3300000000000000155 ) ) ;
#1805 = PRESENTATION_LAYER_ASSIGNMENT (  '', '', ( #3943 ) ) ;
#1806 = MECHANICAL_DESIGN_GEOMETRIC_PRESENTATION_REPRESENTATION (  '', ( #70 ), #2472 ) ;
#1807 = ORIENTED_EDGE ( 'NONE', *, *, #2431, .T. ) ;
#1808 = ORIENTED_EDGE ( 'NONE', *, *, #2549, .F. ) ;
#1809 = ADVANCED_FACE ( 'NONE', ( #4066 ), #621, .T. ) ;
#1810 = EDGE_CURVE ( 'NONE', #3188, #1856, #3831, .T. ) ;
#1811 = VECTOR ( 'NONE', #2406, 1000.000000000000114 ) ;
#1812 = PRESENTATION_STYLE_ASSIGNMENT (( #1491 ) ) ;
#1813 = VECTOR ( 'NONE', #1388, 1000.000000000000000 ) ;
#1814 = MECHANICAL_DESIGN_GEOMETRIC_PRESENTATION_REPRESENTATION (  '', ( #4166 ), #3877 ) ;
#1815 = ADVANCED_FACE ( 'NONE', ( #15 ), #1760, .F. ) ;
#1816 = AXIS2_PLACEMENT_3D ( 'NONE', #4056, #2306, #3710 ) ;
#1817 = VECTOR ( 'NONE', #845, 1000.000000000000227 ) ;
#1818 = CARTESIAN_POINT ( 'NONE',  ( 0.2578142856001970906, 0.3231360000000000343, -0.1840192170104030800 ) ) ;
#1819 = ORIENTED_EDGE ( 'NONE', *, *, #3427, .T. ) ;
#1820 = FILL_AREA_STYLE ('',( #771 ) ) ;
#1821 = CARTESIAN_POINT ( 'NONE',  ( 0.1431359999999999577, 0.006863999999999998575, -0.006863999999999998575 ) ) ;
#1822 = STYLED_ITEM ( 'NONE', ( #3037 ), #3781 ) ;
#1823 = VERTEX_POINT ( 'NONE', #4253 ) ;
#1824 = CARTESIAN_POINT ( 'NONE',  ( 0.3564303293722252963, 0.3281360000000000388, -0.2000369535397830967 ) ) ;
#1825 = SURFACE_STYLE_FILL_AREA ( #4321 ) ;
#1826 = ORIENTED_EDGE ( 'NONE', *, *, #32, .F. ) ;
#1827 = CARTESIAN_POINT ( 'NONE',  ( 0.006863999999999980360, 0.3300000000000000155, -0.006863999999999998575 ) ) ;
#1828 = LINE ( 'NONE', #407, #3567 ) ;
#1829 = DIRECTION ( 'NONE',  ( 0.000000000000000000, -1.000000000000000000, 0.000000000000000000 ) ) ;
#1830 = EDGE_LOOP ( 'NONE', ( #120, #2373, #4466, #3838 ) ) ;
#1831 = VECTOR ( 'NONE', #2820, 1000.000000000000000 ) ;
#1832 = PLANE ( 'NONE',  #1245 ) ;
#1833 = CARTESIAN_POINT ( 'NONE',  ( 0.4800052596634430402, 0.01124788913744365071, -0.3227122925693834965 ) ) ;
#1834 = EDGE_LOOP ( 'NONE', ( #2898, #3525, #671 ) ) ;
#1835 = ORIENTED_EDGE ( 'NONE', *, *, #2607, .F. ) ;
#1836 = DIRECTION ( 'NONE',  ( 0.000000000000000000, -1.000000000000000000, 0.000000000000000000 ) ) ;
#1837 = SURFACE_STYLE_FILL_AREA ( #419 ) ;
#1838 = EDGE_CURVE ( 'NONE', #1529, #446, #1094, .T. ) ;
#1839 = SURFACE_STYLE_USAGE ( .BOTH. , #1787 ) ;
#1840 = CARTESIAN_POINT ( 'NONE',  ( 0.2659364968533158291, 0.3281360000000000388, -0.2083447309874472686 ) ) ;
#1841 = EDGE_CURVE ( 'NONE', #1779, #836, #685, .T. ) ;
#1842 = ORIENTED_EDGE ( 'NONE', *, *, #3870, .F. ) ;
#1843 = CARTESIAN_POINT ( 'NONE',  ( 0.4800576231663215565, 0.007872639973344780495, -0.3199325472226470790 ) ) ;
#1844 = VERTEX_POINT ( 'NONE', #1714 ) ;
#1845 = CARTESIAN_POINT ( 'NONE',  ( 0.3718990113796860064, 0.3281360000000000388, -0.1650000000000000078 ) ) ;
#1846 = PRESENTATION_STYLE_ASSIGNMENT (( #52 ) ) ;
#1847 = ORIENTED_EDGE ( 'NONE', *, *, #391, .T. ) ;
#1848 = CARTESIAN_POINT ( 'NONE',  ( 0.1499947403365570753, 0.3187521108625564481, -0.3227122925693834965 ) ) ;
#1849 =( NAMED_UNIT ( * ) SI_UNIT ( $, .STERADIAN. ) SOLID_ANGLE_UNIT ( ) );
#1850 = DIRECTION ( 'NONE',  ( -1.000000000000000000, 0.000000000000000000, 0.000000000000000000 ) ) ;
#1851 = ORIENTED_EDGE ( 'NONE', *, *, #1666, .F. ) ;
#1852 = LINE ( 'NONE', #3953, #3593 ) ;
#1853 = DIRECTION ( 'NONE',  ( 0.7145695586381790587, 0.000000000000000000, -0.6995643972270444433 ) ) ;
#1854 = SURFACE_SIDE_STYLE ('',( #3629 ) ) ;
#1855 = CARTESIAN_POINT ( 'NONE',  ( 0.1499999999999999667, 0.006863999999999980360, -0.01372799999999996072 ) ) ;
#1856 = VERTEX_POINT ( 'NONE', #708 ) ;
#1857 = PLANE ( 'NONE',  #1386 ) ;
#1858 = SURFACE_STYLE_USAGE ( .BOTH. , #95 ) ;
#1859 = UNCERTAINTY_MEASURE_WITH_UNIT (LENGTH_MEASURE( 1.000000000000000082E-05 ), #1972, 'distance_accuracy_value', 'NONE');
#1860 = CYLINDRICAL_SURFACE ( 'NONE', #642, 0.006863999999999980360 ) ;
#1861 = ADVANCED_FACE ( 'NONE', ( #2026 ), #3146, .F. ) ;
#1862 = DIRECTION ( 'NONE',  ( -0.2763139702539146869, 0.000000000000000000, 0.9610674221107065041 ) ) ;
#1863 = CIRCLE ( 'NONE', #3469, 0.006863999999999998575 ) ;
#1864 = ORIENTED_EDGE ( 'NONE', *, *, #3892, .T. ) ;
#1865 = ORIENTED_EDGE ( 'NONE', *, *, #2739, .F. ) ;
#1866 = VECTOR ( 'NONE', #4349, 1000.000000000000000 ) ;
#1867 = ADVANCED_FACE ( 'NONE', ( #2799 ), #4544, .T. ) ;
#1868 = EDGE_CURVE ( 'NONE', #567, #2747, #3853, .T. ) ;
#1869 = SURFACE_STYLE_USAGE ( .BOTH. , #891 ) ;
#1870 = SURFACE_STYLE_USAGE ( .BOTH. , #753 ) ;
#1871 = ORIENTED_EDGE ( 'NONE', *, *, #3006, .T. ) ;
#1872 = DIRECTION ( 'NONE',  ( -0.2732148821746424594, 0.000000000000000000, 0.9619530280415443668 ) ) ;
#1873 = AXIS2_PLACEMENT_3D ( 'NONE', #2763, #2150, #308 ) ;
#1874 = CARTESIAN_POINT ( 'NONE',  ( 0.2270853522738247865, 0.3231360000000000343, -0.2083447309874472686 ) ) ;
#1875 = ORIENTED_EDGE ( 'NONE', *, *, #2457, .T. ) ;
#1876 = CARTESIAN_POINT ( 'NONE',  ( 0.1497565238524858622, 0.3213134307377517596, -0.3209377311541842248 ) ) ;
#1877 = SURFACE_STYLE_USAGE ( .BOTH. , #486 ) ;
#1878 = CARTESIAN_POINT ( 'NONE',  ( 0.1939708802911082608, 0.3281360000000000388, -0.1885350125314001757 ) ) ;
#1879 = PRESENTATION_STYLE_ASSIGNMENT (( #834 ) ) ;
#1880 = ORIENTED_EDGE ( 'NONE', *, *, #641, .F. ) ;
#1881 = AXIS2_PLACEMENT_3D ( 'NONE', #3422, #2087, #1728 ) ;
#1882 = LINE ( 'NONE', #137, #2706 ) ;
#1883 = CARTESIAN_POINT ( 'NONE',  ( 0.3090790555455912858, 0.3281360000000000388, -0.2037745044731906208 ) ) ;
#1884 = CIRCLE ( 'NONE', #4552, 0.006863999999999980360 ) ;
#1885 = PRESENTATION_LAYER_ASSIGNMENT (  '', '', ( #3208 ) ) ;
#1886 =( NAMED_UNIT ( * ) SI_UNIT ( $, .STERADIAN. ) SOLID_ANGLE_UNIT ( ) );
#1887 = SURFACE_STYLE_FILL_AREA ( #463 ) ;
#1888 = SURFACE_STYLE_FILL_AREA ( #3637 ) ;
#1889 = ORIENTED_EDGE ( 'NONE', *, *, #1361, .T. ) ;
#1890 =( GEOMETRIC_REPRESENTATION_CONTEXT ( 3 ) GLOBAL_UNCERTAINTY_ASSIGNED_CONTEXT ( ( #3378 ) ) GLOBAL_UNIT_ASSIGNED_CONTEXT ( ( #2764, #2463, #2390 ) ) REPRESENTATION_CONTEXT ( 'NONE', 'WORKASPACE' ) );
#1891 = CARTESIAN_POINT ( 'NONE',  ( 0.2361433698422951144, 0.3281360000000000388, -0.1732463613633699606 ) ) ;
#1892 = CARTESIAN_POINT ( 'NONE',  ( 0.4801010828025516486, 0.3217782715020364726, -0.3217782715020364726 ) ) ;
#1893 =( LENGTH_UNIT ( ) NAMED_UNIT ( * ) SI_UNIT ( .MILLI., .METRE. ) );
#1894 = CARTESIAN_POINT ( 'NONE',  ( 0.2361433698422951144, 0.3231360000000000343, -0.1732463613633699606 ) ) ;
#1895 =( GEOMETRIC_REPRESENTATION_CONTEXT ( 3 ) GLOBAL_UNCERTAINTY_ASSIGNED_CONTEXT ( ( #1601 ) ) GLOBAL_UNIT_ASSIGNED_CONTEXT ( ( #4069, #1262, #4479 ) ) REPRESENTATION_CONTEXT ( 'NONE', 'WORKASPACE' ) );
#1896 = ADVANCED_FACE ( 'NONE', ( #56 ), #3433, .F. ) ;
#1897 = ORIENTED_EDGE ( 'NONE', *, *, #3839, .F. ) ;
#1898 =( GEOMETRIC_REPRESENTATION_CONTEXT ( 3 ) GLOBAL_UNCERTAINTY_ASSIGNED_CONTEXT ( ( #4372 ) ) GLOBAL_UNIT_ASSIGNED_CONTEXT ( ( #1961, #4448, #4015 ) ) REPRESENTATION_CONTEXT ( 'NONE', 'WORKASPACE' ) );
#1899 =( NAMED_UNIT ( * ) SI_UNIT ( $, .STERADIAN. ) SOLID_ANGLE_UNIT ( ) );
#1900 = PLANE ( 'NONE',  #3814 ) ;
#1901 =( NAMED_UNIT ( * ) PLANE_ANGLE_UNIT ( ) SI_UNIT ( $, .RADIAN. ) );
#1902 = FACE_OUTER_BOUND ( 'NONE', #3213, .T. ) ;
#1903 = EDGE_CURVE ( 'NONE', #253, #2142, #1504, .T. ) ;
#1904 = AXIS2_PLACEMENT_3D ( 'NONE', #2735, #1005, #4227 ) ;
#1905 = EDGE_LOOP ( 'NONE', ( #2361, #2844, #162, #3138, #2165, #882 ) ) ;
#1906 =( GEOMETRIC_REPRESENTATION_CONTEXT ( 3 ) GLOBAL_UNCERTAINTY_ASSIGNED_CONTEXT ( ( #402 ) ) GLOBAL_UNIT_ASSIGNED_CONTEXT ( ( #2606, #1204, #4390 ) ) REPRESENTATION_CONTEXT ( 'NONE', 'WORKASPACE' ) );
#1907 = CARTESIAN_POINT ( 'NONE',  ( 0.3342214298028541308, 0.3281360000000000388, -0.1920307211585037532 ) ) ;
#1908 = LINE ( 'NONE', #3317, #4161 ) ;
#1909 = CARTESIAN_POINT ( 'NONE',  ( 0.1499999999999999667, 0.3162720000000000531, -0.3162720000000000531 ) ) ;
#1910 = LINE ( 'NONE', #4370, #2837 ) ;
#1911 = VERTEX_POINT ( 'NONE', #1874 ) ;
#1912 = UNCERTAINTY_MEASURE_WITH_UNIT (LENGTH_MEASURE( 1.000000000000000082E-05 ), #1763, 'distance_accuracy_value', 'NONE');
#1913 = LINE ( 'NONE', #504, #3216 ) ;
#1914 = FILL_AREA_STYLE_COLOUR ( '', #996 ) ;
#1915 = SURFACE_SIDE_STYLE ('',( #1605 ) ) ;
#1916 = EDGE_LOOP ( 'NONE', ( #2121, #3597, #2447, #135 ) ) ;
#1917 = ADVANCED_FACE ( 'NONE', ( #2913 ), #2871, .F. ) ;
#1918 = PRESENTATION_STYLE_ASSIGNMENT (( #4053 ) ) ;
#1919 = DIRECTION ( 'NONE',  ( -1.000000000000000000, 0.000000000000000000, 0.000000000000000000 ) ) ;
#1920 = CARTESIAN_POINT ( 'NONE',  ( 0.2886098390511607770, 0.3281360000000000388, -0.1649999999999999800 ) ) ;
#1921 = ORIENTED_EDGE ( 'NONE', *, *, #2259, .T. ) ;
#1922 = EDGE_CURVE ( 'NONE', #2481, #3248, #4297, .T. ) ;
#1923 = EDGE_CURVE ( 'NONE', #3991, #2258, #3497, .T. ) ;
#1924 = CARTESIAN_POINT ( 'NONE',  ( 0.1431359999999999855, 0.006863999999999998575, -0.006863999999999998575 ) ) ;
#1925 = DIRECTION ( 'NONE',  ( 0.2732148821746424594, 0.000000000000000000, -0.9619530280415443668 ) ) ;
#1926 = FILL_AREA_STYLE_COLOUR ( '', #1518 ) ;
#1927 = PRESENTATION_STYLE_ASSIGNMENT (( #2280 ) ) ;
#1928 = FACE_OUTER_BOUND ( 'NONE', #2427, .T. ) ;
#1929 = CARTESIAN_POINT ( 'NONE',  ( 0.2339148621824383434, 0.3281360000000000388, -0.2083447309874472686 ) ) ;
#1930 = EDGE_LOOP ( 'NONE', ( #4200, #4516, #4168, #2148 ) ) ;
#1931 = DIRECTION ( 'NONE',  ( 1.000000000000000000, -0.000000000000000000, -0.000000000000000000 ) ) ;
#1932 = FILL_AREA_STYLE_COLOUR ( '', #2779 ) ;
#1933 = ORIENTED_EDGE ( 'NONE', *, *, #3522, .T. ) ;
#1934 = STYLED_ITEM ( 'NONE', ( #2937 ), #585 ) ;
#1935 = CARTESIAN_POINT ( 'NONE',  ( 0.3365673660705036929, 0.3281360000000000388, -0.2000928342688697570 ) ) ;
#1936 = PLANE ( 'NONE',  #2750 ) ;
#1937 = PRESENTATION_LAYER_ASSIGNMENT (  '', '', ( #4389 ) ) ;
#1938 = CARTESIAN_POINT ( 'NONE',  ( 0.2887188603287782485, 0.3281360000000000388, -0.2083447309874472686 ) ) ;
#1939 = EDGE_LOOP ( 'NONE', ( #4347, #1410, #3280, #2052 ) ) ;
#1940 = STYLED_ITEM ( 'NONE', ( #1240 ), #1203 ) ;
#1941 = CARTESIAN_POINT ( 'NONE',  ( 0.3469234885446096928, 0.3281360000000000388, -0.1649999999999999800 ) ) ;
#1942 = STYLED_ITEM ( 'NONE', ( #1574 ), #1418 ) ;
#1943 = SURFACE_STYLE_FILL_AREA ( #3701 ) ;
#1944 = EDGE_CURVE ( 'NONE', #2142, #466, #436, .T. ) ;
#1945 = UNCERTAINTY_MEASURE_WITH_UNIT (LENGTH_MEASURE( 1.000000000000000082E-05 ), #4530, 'distance_accuracy_value', 'NONE');
#1946 = VECTOR ( 'NONE', #1769, 1000.000000000000000 ) ;
#1947 = CARTESIAN_POINT ( 'NONE',  ( 0.1499230755218618205, 0.007940192189103573508, -0.3200314049429368590 ) ) ;
#1948 = ADVANCED_FACE ( 'NONE', ( #1139 ), #2892, .F. ) ;
#1949 = ORIENTED_EDGE ( 'NONE', *, *, #58, .F. ) ;
#1950 = APPLICATION_CONTEXT ( 'automotive_design' ) ;
#1951 = VECTOR ( 'NONE', #187, 1000.000000000000000 ) ;
#1952 = PRESENTATION_LAYER_ASSIGNMENT (  '', '', ( #3290 ) ) ;
#1953 = CARTESIAN_POINT ( 'NONE',  ( 0.2414989578296221628, 0.3231360000000000343, -0.1920321708944721650 ) ) ;
#1954 = DIRECTION ( 'NONE',  ( -0.2793947940878429015, 0.000000000000000000, 0.9601763114327556137 ) ) ;
#1955 = MECHANICAL_DESIGN_GEOMETRIC_PRESENTATION_REPRESENTATION (  '', ( #3424 ), #157 ) ;
#1956 = ORIENTED_EDGE ( 'NONE', *, *, #275, .T. ) ;
#1957 = AXIS2_PLACEMENT_3D ( 'NONE', #2957, #3919, #175 ) ;
#1958 = LINE ( 'NONE', #1629, #2191 ) ;
#1959 = CARTESIAN_POINT ( 'NONE',  ( 0.6231360000000000232, 0.006863999999999998575, -0.006863999999999998575 ) ) ;
#1960 = VECTOR ( 'NONE', #1677, 1000.000000000000000 ) ;
#1961 =( LENGTH_UNIT ( ) NAMED_UNIT ( * ) SI_UNIT ( .MILLI., .METRE. ) );
#1962 = FILL_AREA_STYLE_COLOUR ( '', #991 ) ;
#1963 = DIRECTION ( 'NONE',  ( 0.000000000000000000, -1.000000000000000000, 0.000000000000000000 ) ) ;
#1964 = ORIENTED_EDGE ( 'NONE', *, *, #4361, .F. ) ;
#1965 = DIRECTION ( 'NONE',  ( 2.714849189917637474E-15, -0.000000000000000000, -1.000000000000000000 ) ) ;
#1966 = LINE ( 'NONE', #1282, #631 ) ;
#1967 = CIRCLE ( 'NONE', #1904, 0.006863999999999980360 ) ;
#1968 = LINE ( 'NONE', #4118, #3415 ) ;
#1969 = ADVANCED_FACE ( 'NONE', ( #1554 ), #461, .F. ) ;
#1970 = DIRECTION ( 'NONE',  ( 1.000000000000000000, 0.000000000000000000, 0.000000000000000000 ) ) ;
#1971 = DIRECTION ( 'NONE',  ( 1.000000000000000000, 0.000000000000000000, 0.000000000000000000 ) ) ;
#1972 =( LENGTH_UNIT ( ) NAMED_UNIT ( * ) SI_UNIT ( .MILLI., .METRE. ) );
#1973 = EDGE_CURVE ( 'NONE', #2142, #2756, #2168, .T. ) ;
#1974 = FILL_AREA_STYLE ('',( #330 ) ) ;
#1975 = VERTEX_POINT ( 'NONE', #3254 ) ;
#1976 = CARTESIAN_POINT ( 'NONE',  ( 0.6231360000000000232, 0.006863999999999998575, -0.3231360000000000343 ) ) ;
#1977 = FILL_AREA_STYLE_COLOUR ( '', #3550 ) ;
#1978 = CARTESIAN_POINT ( 'NONE',  ( 0.4868640000000001300, 0.3231360000000000343, -0.3300000000000000155 ) ) ;
#1979 = FILL_AREA_STYLE_COLOUR ( '', #503 ) ;
#1980 = ORIENTED_EDGE ( 'NONE', *, *, #4426, .F. ) ;
#1981 = LINE ( 'NONE', #537, #1532 ) ;
#1982 = FILL_AREA_STYLE_COLOUR ( '', #3933 ) ;
#1983 = CARTESIAN_POINT ( 'NONE',  ( 0.2681375912907623116, 0.3281360000000000388, -0.1649999999999999800 ) ) ;
#1984 = CARTESIAN_POINT ( 'NONE',  ( 0.4868640000000001300, 0.000000000000000000, -0.3231360000000000343 ) ) ;
#1985 = UNCERTAINTY_MEASURE_WITH_UNIT (LENGTH_MEASURE( 1.000000000000000082E-05 ), #1611, 'distance_accuracy_value', 'NONE');
#1986 = DIRECTION ( 'NONE',  ( 0.000000000000000000, 0.000000000000000000, 1.000000000000000000 ) ) ;
#1987 = EDGE_CURVE ( 'NONE', #3850, #2769, #128, .T. ) ;
#1988 = CARTESIAN_POINT ( 'NONE',  ( 0.000000000000000000, 0.3231360000000000343, -0.3231360000000000343 ) ) ;
#1989 = EDGE_LOOP ( 'NONE', ( #4377, #3707, #1501, #3157, #1317, #1633, #1180, #3162, #1851, #1842, #3579 ) ) ;
#1990 =( NAMED_UNIT ( * ) PLANE_ANGLE_UNIT ( ) SI_UNIT ( $, .RADIAN. ) );
#1991 = ORIENTED_EDGE ( 'NONE', *, *, #2969, .T. ) ;
#1992 = ADVANCED_FACE ( 'NONE', ( #3948 ), #3990, .F. ) ;
#1993 = FACE_OUTER_BOUND ( 'NONE', #2806, .T. ) ;
#1994 = EDGE_CURVE ( 'NONE', #4350, #380, #831, .T. ) ;
#1995 = PLANE ( 'NONE',  #424 ) ;
#1996 = LINE ( 'NONE', #637, #201 ) ;
#1997 = CARTESIAN_POINT ( 'NONE',  ( 0.3696076378993875533, 0.3281360000000000388, -0.1999756692496419686 ) ) ;
#1998 = FILL_AREA_STYLE ('',( #620 ) ) ;
#1999 = ORIENTED_EDGE ( 'NONE', *, *, #3751, .T. ) ;
#2000 = ADVANCED_FACE ( 'NONE', ( #151 ), #3010, .T. ) ;
#2001 = MECHANICAL_DESIGN_GEOMETRIC_PRESENTATION_REPRESENTATION (  '', ( #132 ), #3474 ) ;
#2002 = LINE ( 'NONE', #2320, #7 ) ;
#2003 = FACE_OUTER_BOUND ( 'NONE', #1939, .T. ) ;
#2004 = VECTOR ( 'NONE', #4211, 1000.000000000000227 ) ;
#2005 = CARTESIAN_POINT ( 'NONE',  ( 0.6231360000000000232, 0.000000000000000000, -0.3231360000000000343 ) ) ;
#2006 = FACE_OUTER_BOUND ( 'NONE', #971, .T. ) ;
#2007 = PRESENTATION_LAYER_ASSIGNMENT (  '', '', ( #1064 ) ) ;
#2008 = CARTESIAN_POINT ( 'NONE',  ( 0.2438448940973228229, 0.3281360000000000388, -0.2000942840048150206 ) ) ;
#2009 = LINE ( 'NONE', #2082, #288 ) ;
#2010 = STYLED_ITEM ( 'NONE', ( #3918 ), #1339 ) ;
#2011 = DIRECTION ( 'NONE',  ( 0.000000000000000000, 1.000000000000000000, 0.000000000000000000 ) ) ;
#2012 = AXIS2_PLACEMENT_3D ( 'NONE', #772, #749, #2158 ) ;
#2013 = VECTOR ( 'NONE', #3872, 1000.000000000000000 ) ;
#2014 = EDGE_LOOP ( 'NONE', ( #1933, #774, #638, #1743 ) ) ;
#2015 = CARTESIAN_POINT ( 'NONE',  ( 0.2601712925782482810, 0.3281360000000000388, -0.1732463613633699606 ) ) ;
#2016 = PLANE ( 'NONE',  #1608 ) ;
#2017 = EDGE_LOOP ( 'NONE', ( #3230, #1583, #3171, #4011 ) ) ;
#2018 =( GEOMETRIC_REPRESENTATION_CONTEXT ( 3 ) GLOBAL_UNCERTAINTY_ASSIGNED_CONTEXT ( ( #1635 ) ) GLOBAL_UNIT_ASSIGNED_CONTEXT ( ( #3519, #3246, #1106 ) ) REPRESENTATION_CONTEXT ( 'NONE', 'WORKASPACE' ) );
#2019 = SURFACE_STYLE_USAGE ( .BOTH. , #954 ) ;
#2020 = CARTESIAN_POINT ( 'NONE',  ( 0.2361433698422951144, 0.3281360000000000388, -0.1732463613633699606 ) ) ;
#2021 = ADVANCED_FACE ( 'NONE', ( #506 ), #3399, .F. ) ;
#2022 = EDGE_LOOP ( 'NONE', ( #959, #12, #817, #3586 ) ) ;
#2023 = DIRECTION ( 'NONE',  ( 0.000000000000000000, 0.000000000000000000, -1.000000000000000000 ) ) ;
#2024 =( GEOMETRIC_REPRESENTATION_CONTEXT ( 3 ) GLOBAL_UNCERTAINTY_ASSIGNED_CONTEXT ( ( #4033 ) ) GLOBAL_UNIT_ASSIGNED_CONTEXT ( ( #1321, #2751, #3826 ) ) REPRESENTATION_CONTEXT ( 'NONE', 'WORKASPACE' ) );
#2025 = VECTOR ( 'NONE', #3423, 1000.000000000000000 ) ;
#2026 = FACE_OUTER_BOUND ( 'NONE', #2878, .T. ) ;
#2027 = ORIENTED_EDGE ( 'NONE', *, *, #3648, .F. ) ;
#2028 = AXIS2_PLACEMENT_3D ( 'NONE', #4143, #989, #2392 ) ;
#2029 = VECTOR ( 'NONE', #695, 1000.000000000000000 ) ;
#2030 = CARTESIAN_POINT ( 'NONE',  ( 0.4799998302667594641, 0.3169894958389457007, -0.006892211563889780006 ) ) ;
#2031 = EDGE_CURVE ( 'NONE', #4082, #444, #3070, .T. ) ;
#2032 = CARTESIAN_POINT ( 'NONE',  ( 0.1500033228270117314, 0.3178052178873324585, -0.006994258045591263129 ) ) ;
#2033 = DIRECTION ( 'NONE',  ( 7.938847109670269680E-05, 0.000000000000000000, -0.9999999968487353064 ) ) ;
#2034 = UNCERTAINTY_MEASURE_WITH_UNIT (LENGTH_MEASURE( 1.000000000000000082E-05 ), #2486, 'distance_accuracy_value', 'NONE');
#2035 = VECTOR ( 'NONE', #1378, 1000.000000000000000 ) ;
#2036 = ORIENTED_EDGE ( 'NONE', *, *, #1331, .T. ) ;
#2037 = STYLED_ITEM ( 'NONE', ( #1693 ), #3840 ) ;
#2038 = SURFACE_STYLE_FILL_AREA ( #3752 ) ;
#2039 = CARTESIAN_POINT ( 'NONE',  ( 0.3024100848085848892, 0.3281360000000000388, -0.2083447309874472686 ) ) ;
#2040 = CIRCLE ( 'NONE', #3371, 0.006863999999999980360 ) ;
#2041 = CARTESIAN_POINT ( 'NONE',  ( 0.2034177547702480660, 0.3281360000000000388, -0.1650000000000000078 ) ) ;
#2042 = ORIENTED_EDGE ( 'NONE', *, *, #4063, .T. ) ;
#2043 = FACE_OUTER_BOUND ( 'NONE', #1761, .T. ) ;
#2044 = DIRECTION ( 'NONE',  ( 1.000000000000000000, 0.000000000000000000, 0.000000000000000000 ) ) ;
#2045 = VERTEX_POINT ( 'NONE', #3688 ) ;
#2046 = DIRECTION ( 'NONE',  ( 1.000000000000000000, 0.000000000000000000, 0.000000000000000000 ) ) ;
#2047 = CARTESIAN_POINT ( 'NONE',  ( 0.2887188603287782485, 0.3281360000000000388, -0.2083447309874472686 ) ) ;
#2048 = ORIENTED_EDGE ( 'NONE', *, *, #3363, .T. ) ;
#2049 = CARTESIAN_POINT ( 'NONE',  ( 0.4803010196075459537, 0.008874419053935525895, -0.008874419053935508547 ) ) ;
#2050 = FILL_AREA_STYLE ('',( #3502 ) ) ;
#2051 = DIRECTION ( 'NONE',  ( 0.000000000000000000, -0.000000000000000000, -1.000000000000000000 ) ) ;
#2052 = ORIENTED_EDGE ( 'NONE', *, *, #2694, .T. ) ;
#2053 = ADVANCED_FACE ( 'NONE', ( #3368 ), #2645, .T. ) ;
#2054 = CARTESIAN_POINT ( 'NONE',  ( 0.2770545214029251913, 0.3281360000000000388, -0.1649999999999999800 ) ) ;
#2055 = DIRECTION ( 'NONE',  ( -0.9611638845408937426, 0.000000000000000000, -0.2759782365590802145 ) ) ;
#2056 = SURFACE_SIDE_STYLE ('',( #538 ) ) ;
#2057 = EDGE_LOOP ( 'NONE', ( #2482, #2852, #572, #3929 ) ) ;
#2058 = EDGE_CURVE ( 'NONE', #2623, #535, #4442, .T. ) ;
#2059 = EDGE_CURVE ( 'NONE', #4077, #3126, #4010, .T. ) ;
#2060 = CARTESIAN_POINT ( 'NONE',  ( 0.4800000000000001488, 0.006863999999999998575, 0.000000000000000000 ) ) ;
#2061 = DIRECTION ( 'NONE',  ( -0.9237839814038711905, 0.000000000000000000, 0.3829140317376895086 ) ) ;
#2062 = FACE_OUTER_BOUND ( 'NONE', #4275, .T. ) ;
#2063 = ORIENTED_EDGE ( 'NONE', *, *, #2293, .F. ) ;
#2064 = CARTESIAN_POINT ( 'NONE',  ( 0.006863999999999980360, 0.3231360000000000343, 0.000000000000000000 ) ) ;
#2065 = ORIENTED_EDGE ( 'NONE', *, *, #4068, .F. ) ;
#2066 = CARTESIAN_POINT ( 'NONE',  ( 0.3595517425498618302, 0.3281360000000000388, -0.1650000000000000078 ) ) ;
#2067 = ORIENTED_EDGE ( 'NONE', *, *, #161, .T. ) ;
#2068 = DIRECTION ( 'NONE',  ( 1.000000000000000000, 0.000000000000000000, 0.000000000000000000 ) ) ;
#2069 = SURFACE_STYLE_USAGE ( .BOTH. , #1045 ) ;
#2070 = DIRECTION ( 'NONE',  ( 0.000000000000000000, -1.000000000000000000, 0.000000000000000000 ) ) ;
#2071 = VERTEX_POINT ( 'NONE', #2308 ) ;
#2072 = LINE ( 'NONE', #2801, #4035 ) ;
#2073 = MECHANICAL_DESIGN_GEOMETRIC_PRESENTATION_REPRESENTATION (  '', ( #851 ), #1716 ) ;
#2074 = CARTESIAN_POINT ( 'NONE',  ( 0.4799966771729883841, 0.01219478211266758483, -0.006994258045591276139 ) ) ;
#2075 =( LENGTH_UNIT ( ) NAMED_UNIT ( * ) SI_UNIT ( .MILLI., .METRE. ) );
#2076 = EDGE_CURVE ( 'NONE', #1052, #3329, #2848, .T. ) ;
#2077 = VERTEX_POINT ( 'NONE', #2288 ) ;
#2078 = EDGE_LOOP ( 'NONE', ( #3574, #747, #1784 ) ) ;
#2079 = CARTESIAN_POINT ( 'NONE',  ( 0.1498989171974484391, 0.008221728497963503093, -0.3217782715020364726 ) ) ;
#2080 = MECHANICAL_DESIGN_GEOMETRIC_PRESENTATION_REPRESENTATION (  '', ( #4389 ), #1654 ) ;
#2081 = ADVANCED_FACE ( 'NONE', ( #2334 ), #4037, .T. ) ;
#2082 = CARTESIAN_POINT ( 'NONE',  ( 0.1499999999999999944, 0.006863999999999998575, 0.000000000000000000 ) ) ;
#2083 = VECTOR ( 'NONE', #4526, 1000.000000000000000 ) ;
#2084 = DIRECTION ( 'NONE',  ( 0.000000000000000000, -1.000000000000000000, 0.000000000000000000 ) ) ;
#2085 = EDGE_CURVE ( 'NONE', #1091, #2800, #2088, .T. ) ;
#2086 = ORIENTED_EDGE ( 'NONE', *, *, #1250, .T. ) ;
#2087 = DIRECTION ( 'NONE',  ( 0.000000000000000000, 1.000000000000000000, 0.000000000000000000 ) ) ;
#2088 = LINE ( 'NONE', #660, #2405 ) ;
#2089 = ORIENTED_EDGE ( 'NONE', *, *, #3522, .F. ) ;
#2090 =( GEOMETRIC_REPRESENTATION_CONTEXT ( 3 ) GLOBAL_UNCERTAINTY_ASSIGNED_CONTEXT ( ( #4293 ) ) GLOBAL_UNIT_ASSIGNED_CONTEXT ( ( #5, #967, #2422 ) ) REPRESENTATION_CONTEXT ( 'NONE', 'WORKASPACE' ) );
#2091 = CARTESIAN_POINT ( 'NONE',  ( 0.2770545214029251913, 0.3231360000000000343, -0.1649999999999999800 ) ) ;
#2092 =( LENGTH_UNIT ( ) NAMED_UNIT ( * ) SI_UNIT ( .MILLI., .METRE. ) );
#2093 = ORIENTED_EDGE ( 'NONE', *, *, #2494, .T. ) ;
#2094 = LINE ( 'NONE', #3118, #3664 ) ;
#2095 = DIRECTION ( 'NONE',  ( 0.2740217765953990026, 0.000000000000000000, -0.9617234872620618047 ) ) ;
#2096 = CARTESIAN_POINT ( 'NONE',  ( 0.6300000000000000044, 0.000000000000000000, -0.3231360000000000343 ) ) ;
#2097 = ORIENTED_EDGE ( 'NONE', *, *, #994, .F. ) ;
#2098 = PRESENTATION_LAYER_ASSIGNMENT (  '', '', ( #3357 ) ) ;
#2099 = VECTOR ( 'NONE', #997, 1000.000000000000000 ) ;
#2100 = VECTOR ( 'NONE', #526, 1000.000000000000000 ) ;
#2101 = LINE ( 'NONE', #370, #883 ) ;
#2102 = FACE_OUTER_BOUND ( 'NONE', #890, .T. ) ;
#2103 = ORIENTED_EDGE ( 'NONE', *, *, #3427, .F. ) ;
#2104 = ORIENTED_EDGE ( 'NONE', *, *, #3612, .T. ) ;
#2105 = AXIS2_PLACEMENT_3D ( 'NONE', #1526, #190, #238 ) ;
#2106 = MECHANICAL_DESIGN_GEOMETRIC_PRESENTATION_REPRESENTATION (  '', ( #1525 ), #1890 ) ;
#2107 = CARTESIAN_POINT ( 'NONE',  ( 0.1499999999999999667, 0.006863999999999980360, -0.3231360000000000343 ) ) ;
#2108 = FACE_OUTER_BOUND ( 'NONE', #2283, .T. ) ;
#2109 = VECTOR ( 'NONE', #1299, 1000.000000000000000 ) ;
#2110 = ADVANCED_FACE ( 'NONE', ( #358 ), #2016, .F. ) ;
#2111 = LINE ( 'NONE', #2603, #2260 ) ;
#2112 = CARTESIAN_POINT ( 'NONE',  ( 0.3365673660705036929, 0.3281360000000000388, -0.2000928342688697570 ) ) ;
#2113 = PLANE ( 'NONE',  #1376 ) ;
#2114 = AXIS2_PLACEMENT_3D ( 'NONE', #1976, #4378, #2311 ) ;
#2115 = CARTESIAN_POINT ( 'NONE',  ( 0.3696076378993875533, 0.3281360000000000388, -0.1999756692496419686 ) ) ;
#2116 = ORIENTED_EDGE ( 'NONE', *, *, #4420, .T. ) ;
#2117 = ADVANCED_FACE ( 'NONE', ( #4144 ), #379, .T. ) ;
#2118 = DIRECTION ( 'NONE',  ( 1.000000000000000000, 0.000000000000000000, 1.539402763017534586E-15 ) ) ;
#2119 = ORIENTED_EDGE ( 'NONE', *, *, #2831, .T. ) ;
#2120 = PLANE ( 'NONE',  #3012 ) ;
#2121 = ORIENTED_EDGE ( 'NONE', *, *, #3870, .T. ) ;
#2122 = FILL_AREA_STYLE_COLOUR ( '', #94 ) ;
#2123 = DIRECTION ( 'NONE',  ( 0.000000000000000000, 0.000000000000000000, -1.000000000000000000 ) ) ;
#2124 = DIRECTION ( 'NONE',  ( -0.000000000000000000, 0.000000000000000000, 1.000000000000000000 ) ) ;
#2125 = EDGE_LOOP ( 'NONE', ( #3619, #1469, #2646, #2911 ) ) ;
#2126 = ORIENTED_EDGE ( 'NONE', *, *, #3615, .F. ) ;
#2127 = LINE ( 'NONE', #2415, #3558 ) ;
#2128 = CARTESIAN_POINT ( 'NONE',  ( 0.2270853522738247865, 0.3281360000000000388, -0.2083447309874472686 ) ) ;
#2129 = CARTESIAN_POINT ( 'NONE',  ( 0.3938193945955072994, 0.3281360000000000388, -0.1999747271157947814 ) ) ;
#2130 = LINE ( 'NONE', #3537, #552 ) ;
#2131 = SURFACE_SIDE_STYLE ('',( #2509 ) ) ;
#2132 = EDGE_LOOP ( 'NONE', ( #2555, #1040, #1131, #1489 ) ) ;
#2133 = SURFACE_SIDE_STYLE ('',( #2933 ) ) ;
#2134 = FACE_OUTER_BOUND ( 'NONE', #2470, .T. ) ;
#2135 = EDGE_CURVE ( 'NONE', #2450, #1598, #1753, .T. ) ;
#2136 = ORIENTED_EDGE ( 'NONE', *, *, #2640, .F. ) ;
#2137 = CARTESIAN_POINT ( 'NONE',  ( 0.3090790555455912858, 0.3281360000000000388, -0.2037745044731906208 ) ) ;
#2138 = VERTEX_POINT ( 'NONE', #3467 ) ;
#2139 = CARTESIAN_POINT ( 'NONE',  ( 0.6300000000000000044, 0.000000000000000000, -0.006863999999999998575 ) ) ;
#2140 = EDGE_CURVE ( 'NONE', #2542, #926, #1039, .T. ) ;
#2141 = ADVANCED_FACE ( 'NONE', ( #6 ), #728, .F. ) ;
#2142 = VERTEX_POINT ( 'NONE', #4515 ) ;
#2143 = CARTESIAN_POINT ( 'NONE',  ( 0.3528225956985452938, 0.3281360000000000388, -0.1920307211585037532 ) ) ;
#2144 = SURFACE_STYLE_USAGE ( .BOTH. , #3924 ) ;
#2145 = DIRECTION ( 'NONE',  ( 0.000000000000000000, 0.000000000000000000, 1.000000000000000000 ) ) ;
#2146 = EDGE_CURVE ( 'NONE', #380, #3719, #968, .T. ) ;
#2147 = ORIENTED_EDGE ( 'NONE', *, *, #4122, .F. ) ;
#2148 = ORIENTED_EDGE ( 'NONE', *, *, #1334, .T. ) ;
#2149 = PRESENTATION_LAYER_ASSIGNMENT (  '', '', ( #4140 ) ) ;
#2150 = DIRECTION ( 'NONE',  ( 0.000000000000000000, 0.000000000000000000, -1.000000000000000000 ) ) ;
#2151 = MECHANICAL_DESIGN_GEOMETRIC_PRESENTATION_REPRESENTATION (  '', ( #4460 ), #2232 ) ;
#2152 = CARTESIAN_POINT ( 'NONE',  ( 0.4800052596634430402, 0.007287707430616506034, -0.01124788913744363857 ) ) ;
#2153 =( NAMED_UNIT ( * ) PLANE_ANGLE_UNIT ( ) SI_UNIT ( $, .RADIAN. ) );
#2154 = COLOUR_RGB ( '',0.7686274509803920907, 0.7686274509803920907, 0.7686274509803920907 ) ;
#2155 = PRESENTATION_STYLE_ASSIGNMENT (( #3636 ) ) ;
#2156 = ORIENTED_EDGE ( 'NONE', *, *, #616, .T. ) ;
#2157 = SURFACE_STYLE_USAGE ( .BOTH. , #799 ) ;
#2158 = DIRECTION ( 'NONE',  ( -1.000000000000000000, 0.000000000000000000, 0.000000000000000000 ) ) ;
#2159 = ORIENTED_EDGE ( 'NONE', *, *, #2520, .F. ) ;
#2160 = PRESENTATION_LAYER_ASSIGNMENT (  '', '', ( #1286 ) ) ;
#2161 = CARTESIAN_POINT ( 'NONE',  ( 0.1872252591682402045, 0.3281360000000000388, -0.1649999999999999800 ) ) ;
#2162 = CYLINDRICAL_SURFACE ( 'NONE', #981, 0.006863999999999998575 ) ;
#2163 = UNCERTAINTY_MEASURE_WITH_UNIT (LENGTH_MEASURE( 1.000000000000000082E-05 ), #2682, 'distance_accuracy_value', 'NONE');
#2164 = VECTOR ( 'NONE', #1694, 1000.000000000000114 ) ;
#2165 = ORIENTED_EDGE ( 'NONE', *, *, #2647, .F. ) ;
#2166 = CARTESIAN_POINT ( 'NONE',  ( 0.006863999999999980360, 0.006863999999999998575, -0.3231360000000000343 ) ) ;
#2167 = CARTESIAN_POINT ( 'NONE',  ( 0.006863999999999980360, 0.3231360000000000343, -0.3231360000000000343 ) ) ;
#2168 = LINE ( 'NONE', #3279, #1520 ) ;
#2169 = VERTEX_POINT ( 'NONE', #3494 ) ;
#2170 = ADVANCED_FACE ( 'NONE', ( #632 ), #3874, .F. ) ;
#2171 = FACE_OUTER_BOUND ( 'NONE', #2132, .T. ) ;
#2172 = FILL_AREA_STYLE ('',( #2522 ) ) ;
#2173 = CARTESIAN_POINT ( 'NONE',  ( 0.2601030231971028228, 0.3281360000000000388, -0.1920321708944721650 ) ) ;
#2174 = STYLED_ITEM ( 'NONE', ( #2675 ), #2693 ) ;
#2175 =( GEOMETRIC_REPRESENTATION_CONTEXT ( 3 ) GLOBAL_UNCERTAINTY_ASSIGNED_CONTEXT ( ( #2539 ) ) GLOBAL_UNIT_ASSIGNED_CONTEXT ( ( #2788, #4486, #2366 ) ) REPRESENTATION_CONTEXT ( 'NONE', 'WORKASPACE' ) );
#2176 = PLANE ( 'NONE',  #797 ) ;
#2177 = ORIENTED_EDGE ( 'NONE', *, *, #4237, .T. ) ;
#2178 = ORIENTED_EDGE ( 'NONE', *, *, #1206, .T. ) ;
#2179 = STYLED_ITEM ( 'NONE', ( #3705 ), #2851 ) ;
#2180 = STYLED_ITEM ( 'NONE', ( #36 ), #1815 ) ;
#2181 = EDGE_CURVE ( 'NONE', #3749, #4444, #1318, .T. ) ;
#2182 = UNCERTAINTY_MEASURE_WITH_UNIT (LENGTH_MEASURE( 1.000000000000000082E-05 ), #49, 'distance_accuracy_value', 'NONE');
#2183 = PRESENTATION_LAYER_ASSIGNMENT (  '', '', ( #428 ) ) ;
#2184 = DIRECTION ( 'NONE',  ( 0.000000000000000000, 0.000000000000000000, -1.000000000000000000 ) ) ;
#2185 = ORIENTED_EDGE ( 'NONE', *, *, #2223, .F. ) ;
#2186 = FACE_OUTER_BOUND ( 'NONE', #1141, .T. ) ;
#2187 = PRESENTATION_LAYER_ASSIGNMENT (  '', '', ( #4175 ) ) ;
#2188 = ORIENTED_EDGE ( 'NONE', *, *, #1366, .T. ) ;
#2189 = LINE ( 'NONE', #4320, #3358 ) ;
#2190 = CARTESIAN_POINT ( 'NONE',  ( 0.3505338581016901878, 0.3281360000000000388, -0.1840192170103121527 ) ) ;
#2191 = VECTOR ( 'NONE', #2686, 1000.000000000000000 ) ;
#2192 = EDGE_LOOP ( 'NONE', ( #2492, #1043, #500, #2761 ) ) ;
#2193 = CARTESIAN_POINT ( 'NONE',  ( 0.6300000000000000044, 0.006863999999999998575, -0.3300000000000000155 ) ) ;
#2194 =( LENGTH_UNIT ( ) NAMED_UNIT ( * ) SI_UNIT ( .MILLI., .METRE. ) );
#2195 = CARTESIAN_POINT ( 'NONE',  ( 0.3938193945955072994, 0.3281360000000000388, -0.1999747271157947814 ) ) ;
#2196 = ORIENTED_EDGE ( 'NONE', *, *, #1257, .T. ) ;
#2197 = DIRECTION ( 'NONE',  ( 0.2793947940814949238, 0.000000000000000000, -0.9601763114346025807 ) ) ;
#2198 = CARTESIAN_POINT ( 'NONE',  ( 0.1498025291734264575, 0.008507498535998287911, -0.009263316881069282374 ) ) ;
#2199 = VECTOR ( 'NONE', #2590, 1000.000000000000227 ) ;
#2200 = CARTESIAN_POINT ( 'NONE',  ( 0.4799966771729883841, 0.3230057419544087316, -0.01219478211266756054 ) ) ;
#2201 = ORIENTED_EDGE ( 'NONE', *, *, #962, .T. ) ;
#2202 = EDGE_CURVE ( 'NONE', #3557, #2138, #294, .T. ) ;
#2203 =( NAMED_UNIT ( * ) SI_UNIT ( $, .STERADIAN. ) SOLID_ANGLE_UNIT ( ) );
#2204 = LINE ( 'NONE', #3611, #4462 ) ;
#2205 = ADVANCED_FACE ( 'NONE', ( #3568 ), #1129, .F. ) ;
#2206 = EDGE_CURVE ( 'NONE', #1770, #3778, #2722, .T. ) ;
#2207 = FACE_OUTER_BOUND ( 'NONE', #4067, .T. ) ;
#2208 =( NAMED_UNIT ( * ) PLANE_ANGLE_UNIT ( ) SI_UNIT ( $, .RADIAN. ) );
#2209 = SPHERICAL_SURFACE ( 'NONE', #3292, 0.006863999999999998575 ) ;
#2210 = VERTEX_POINT ( 'NONE', #1086 ) ;
#2211 = FACE_OUTER_BOUND ( 'NONE', #1664, .T. ) ;
#2212 = DIRECTION ( 'NONE',  ( 0.000000000000000000, -1.000000000000000000, 0.000000000000000000 ) ) ;
#2213 = ORIENTED_EDGE ( 'NONE', *, *, #1841, .T. ) ;
#2214 = CARTESIAN_POINT ( 'NONE',  ( 0.2635931964690577112, 0.3281360000000000388, -0.2000942840048150206 ) ) ;
#2215 = DIRECTION ( 'NONE',  ( 0.000000000000000000, 0.000000000000000000, 1.000000000000000000 ) ) ;
#2216 = CARTESIAN_POINT ( 'NONE',  ( 0.1499999999999999667, 0.01372799999999997980, -0.006863999999999980360 ) ) ;
#2217 = ORIENTED_EDGE ( 'NONE', *, *, #4386, .T. ) ;
#2218 = DIRECTION ( 'NONE',  ( -0.000000000000000000, -1.000000000000000000, 0.000000000000000000 ) ) ;
#2219 = PLANE ( 'NONE',  #808 ) ;
#2220 = CARTESIAN_POINT ( 'NONE',  ( 0.006863999999999980360, 0.006863999999999998575, 0.000000000000000000 ) ) ;
#2221 = DIRECTION ( 'NONE',  ( -0.9615454294334440100, 0.000000000000000000, -0.2746459304917040489 ) ) ;
#2222 = ORIENTED_EDGE ( 'NONE', *, *, #536, .T. ) ;
#2223 = EDGE_CURVE ( 'NONE', #2769, #16, #4346, .T. ) ;
#2224 = PLANE ( 'NONE',  #4226 ) ;
#2225 = FACE_OUTER_BOUND ( 'NONE', #2017, .T. ) ;
#2226 = ADVANCED_FACE ( 'NONE', ( #1107 ), #2865, .F. ) ;
#2227 = FACE_OUTER_BOUND ( 'NONE', #4031, .T. ) ;
#2228 = STYLED_ITEM ( 'NONE', ( #2666 ), #144 ) ;
#2229 = CARTESIAN_POINT ( 'NONE',  ( 0.3528225956985452938, 0.3281360000000000388, -0.1920307211585037532 ) ) ;
#2230 = CARTESIAN_POINT ( 'NONE',  ( 0.4868640000000001300, 0.3231360000000000343, -0.006863999999999980360 ) ) ;
#2231 = ORIENTED_EDGE ( 'NONE', *, *, #1810, .T. ) ;
#2232 =( GEOMETRIC_REPRESENTATION_CONTEXT ( 3 ) GLOBAL_UNCERTAINTY_ASSIGNED_CONTEXT ( ( #2741 ) ) GLOBAL_UNIT_ASSIGNED_CONTEXT ( ( #4458, #588, #4119 ) ) REPRESENTATION_CONTEXT ( 'NONE', 'WORKASPACE' ) );
#2233 = ADVANCED_FACE ( 'NONE', ( #2134 ), #2209, .T. ) ;
#2234 = CARTESIAN_POINT ( 'NONE',  ( 0.4800000000000001488, 0.3231360000000000343, -0.3231360000000000343 ) ) ;
#2235 = CARTESIAN_POINT ( 'NONE',  ( 0.3288603064604122550, 0.3281360000000000388, -0.1732479428933267340 ) ) ;
#2236 = SURFACE_SIDE_STYLE ('',( #1193 ) ) ;
#2237 = STYLED_ITEM ( 'NONE', ( #3841 ), #633 ) ;
#2238 =( NAMED_UNIT ( * ) PLANE_ANGLE_UNIT ( ) SI_UNIT ( $, .RADIAN. ) );
#2239 = ORIENTED_EDGE ( 'NONE', *, *, #1841, .F. ) ;
#2240 = VECTOR ( 'NONE', #390, 1000.000000000000000 ) ;
#2241 = SURFACE_STYLE_FILL_AREA ( #2667 ) ;
#2242 = DIRECTION ( 'NONE',  ( -0.2755265765475199968, 0.000000000000000000, 0.9612934544747527843 ) ) ;
#2243 =( NAMED_UNIT ( * ) SI_UNIT ( $, .STERADIAN. ) SOLID_ANGLE_UNIT ( ) );
#2244 = PRESENTATION_STYLE_ASSIGNMENT (( #442 ) ) ;
#2245 = ORIENTED_EDGE ( 'NONE', *, *, #3612, .F. ) ;
#2246 = COLOUR_RGB ( '',0.7686274509803920907, 0.7686274509803920907, 0.7686274509803920907 ) ;
#2247 = STYLED_ITEM ( 'NONE', ( #3843 ), #2513 ) ;
#2248 = VECTOR ( 'NONE', #727, 1000.000000000000000 ) ;
#2249 = LINE ( 'NONE', #283, #3661 ) ;
#2250 = LINE ( 'NONE', #4023, #2757 ) ;
#2251 = DIRECTION ( 'NONE',  ( -0.000000000000000000, -1.000000000000000000, 0.000000000000000000 ) ) ;
#2252 = PRESENTATION_LAYER_ASSIGNMENT (  '', '', ( #1294 ) ) ;
#2253 = VECTOR ( 'NONE', #680, 1000.000000000000114 ) ;
#2254 = PRESENTATION_LAYER_ASSIGNMENT (  '', '', ( #3067 ) ) ;
#2255 = FACE_OUTER_BOUND ( 'NONE', #4498, .T. ) ;
#2256 =( NAMED_UNIT ( * ) PLANE_ANGLE_UNIT ( ) SI_UNIT ( $, .RADIAN. ) );
#2257 = FACE_OUTER_BOUND ( 'NONE', #4134, .T. ) ;
#2258 = VERTEX_POINT ( 'NONE', #1432 ) ;
#2259 = EDGE_CURVE ( 'NONE', #4535, #2812, #474, .T. ) ;
#2260 = VECTOR ( 'NONE', #2084, 1000.000000000000000 ) ;
#2261 = PRESENTATION_LAYER_ASSIGNMENT (  '', '', ( #1525 ) ) ;
#2262 = CARTESIAN_POINT ( 'NONE',  ( 0.4800769244781383227, 0.3220598078108964368, -0.3200314049429368590 ) ) ;
#2263 = FACE_OUTER_BOUND ( 'NONE', #3832, .T. ) ;
#2264 = SURFACE_STYLE_USAGE ( .BOTH. , #873 ) ;
#2265 = CARTESIAN_POINT ( 'NONE',  ( 0.3528225956985452938, 0.3231360000000000343, -0.1920307211585037532 ) ) ;
#2266 =( GEOMETRIC_REPRESENTATION_CONTEXT ( 3 ) GLOBAL_UNCERTAINTY_ASSIGNED_CONTEXT ( ( #1232 ) ) GLOBAL_UNIT_ASSIGNED_CONTEXT ( ( #3156, #1151, #2203 ) ) REPRESENTATION_CONTEXT ( 'NONE', 'WORKASPACE' ) );
#2267 = VERTEX_POINT ( 'NONE', #2835 ) ;
#2268 = EDGE_CURVE ( 'NONE', #4088, #3871, #3659, .T. ) ;
#2269 = VECTOR ( 'NONE', #1092, 1000.000000000000114 ) ;
#2270 = DIRECTION ( 'NONE',  ( 1.000000000000000000, -0.000000000000000000, -0.000000000000000000 ) ) ;
#2271 = FACE_OUTER_BOUND ( 'NONE', #1468, .T. ) ;
#2272 = SURFACE_STYLE_USAGE ( .BOTH. , #278 ) ;
#2273 = CARTESIAN_POINT ( 'NONE',  ( 0.1499999999999999667, 0.000000000000000000, -0.3231360000000000343 ) ) ;
#2274 = CIRCLE ( 'NONE', #2418, 0.006863999999999998575 ) ;
#2275 = ORIENTED_EDGE ( 'NONE', *, *, #2351, .F. ) ;
#2276 = LINE ( 'NONE', #1585, #4171 ) ;
#2277 = CARTESIAN_POINT ( 'NONE',  ( 0.006863999999999980360, 0.3300000000000000155, -0.3231360000000000343 ) ) ;
#2278 = DIRECTION ( 'NONE',  ( 0.2764273280489743523, 0.000000000000000000, -0.9610348236706642844 ) ) ;
#2279 = B_SPLINE_CURVE_WITH_KNOTS ( 'NONE', 3,
 ( #1782, #1400, #2074, #341, #3123, #2822, #2803, #4504, #3479, #3817 ),
 .UNSPECIFIED., .F., .F.,
 ( 4, 3, 3, 4 ),
 ( 3.492406309907712900E-21, 2.284207375754344512E-06, 4.573131809475164281E-06, 5.378086119801696735E-06 ),
 .UNSPECIFIED. ) ;
#2280 = SURFACE_STYLE_USAGE ( .BOTH. , #3730 ) ;
#2281 = FILL_AREA_STYLE ('',( #4028 ) ) ;
#2282 = CARTESIAN_POINT ( 'NONE',  ( 0.1498989171974484391, 0.3217782715020364726, -0.3217782715020364726 ) ) ;
#2283 = EDGE_LOOP ( 'NONE', ( #3889, #3225, #2458, #3040, #2196, #1008, #4225, #2535 ) ) ;
#2284 = UNCERTAINTY_MEASURE_WITH_UNIT (LENGTH_MEASURE( 1.000000000000000082E-05 ), #3275, 'distance_accuracy_value', 'NONE');
#2285 = EDGE_CURVE ( 'NONE', #3631, #3135, #4340, .T. ) ;
#2286 = DIRECTION ( 'NONE',  ( -1.000000000000000000, 0.000000000000000000, 0.000000000000000000 ) ) ;
#2287 = B_SPLINE_CURVE_WITH_KNOTS ( 'NONE', 3,
 ( #2612, #3007, #2262, #4034, #4348, #4422, #4079, #1549, #3666, #3297 ),
 .UNSPECIFIED., .F., .F.,
 ( 4, 3, 3, 4 ),
 ( 0.000000000000000000, 2.160490663711837186E-06, 4.309586043779978939E-06, 5.372024843951925268E-06 ),
 .UNSPECIFIED. ) ;
#2288 = CARTESIAN_POINT ( 'NONE',  ( 0.3288603064604122550, 0.3281360000000000388, -0.1732479428933267340 ) ) ;
#2289 = ORIENTED_EDGE ( 'NONE', *, *, #3952, .T. ) ;
#2290 = CARTESIAN_POINT ( 'NONE',  ( 0.1499894698367569279, 0.3227559379042022059, -0.3185243421708192080 ) ) ;
#2291 = LINE ( 'NONE', #1935, #1685 ) ;
#2292 = FACE_OUTER_BOUND ( 'NONE', #953, .T. ) ;
#2293 = EDGE_CURVE ( 'NONE', #2077, #1529, #4316, .T. ) ;
#2294 = FILL_AREA_STYLE_COLOUR ( '', #4492 ) ;
#2295 = CARTESIAN_POINT ( 'NONE',  ( 0.2578142856001970906, 0.3231360000000000343, -0.1840192170104030800 ) ) ;
#2296 = FILL_AREA_STYLE ('',( #1979 ) ) ;
#2297 = EDGE_LOOP ( 'NONE', ( #1727, #3533, #2963, #410 ) ) ;
#2298 = EDGE_CURVE ( 'NONE', #2045, #1711, #1272, .T. ) ;
#2299 = DIRECTION ( 'NONE',  ( -1.000000000000000000, 0.000000000000000000, 0.000000000000000000 ) ) ;
#2300 = DIRECTION ( 'NONE',  ( 0.2793947940878429015, 0.000000000000000000, -0.9601763114327556137 ) ) ;
#2301 = DIRECTION ( 'NONE',  ( -1.000000000000000000, 0.000000000000000000, 0.000000000000000000 ) ) ;
#2302 = CARTESIAN_POINT ( 'NONE',  ( 0.2681375912907623116, 0.3281360000000000388, -0.1649999999999999800 ) ) ;
#2303 = SURFACE_STYLE_USAGE ( .BOTH. , #3381 ) ;
#2304 = AXIS2_PLACEMENT_3D ( 'NONE', #1566, #2326, #4367 ) ;
#2305 = ORIENTED_EDGE ( 'NONE', *, *, #2206, .F. ) ;
#2306 = DIRECTION ( 'NONE',  ( 0.9610853065513834670, 0.000000000000000000, 0.2762517575166415496 ) ) ;
#2307 = SURFACE_STYLE_FILL_AREA ( #2982 ) ;
#2308 = CARTESIAN_POINT ( 'NONE',  ( 0.6231360000000000232, 0.000000000000000000, -0.006863999999999998575 ) ) ;
#2309 = ORIENTED_EDGE ( 'NONE', *, *, #3640, .T. ) ;
#2310 = COLOUR_RGB ( '',0.7686274509803920907, 0.7686274509803920907, 0.7686274509803920907 ) ;
#2311 = DIRECTION ( 'NONE',  ( 0.000000000000000000, 0.000000000000000000, -1.000000000000000000 ) ) ;
#2312 = CARTESIAN_POINT ( 'NONE',  ( 0.6300000000000000044, 0.000000000000000000, -0.3231360000000000343 ) ) ;
#2313 = PRESENTATION_LAYER_ASSIGNMENT (  '', '', ( #2237 ) ) ;
#2314 = SURFACE_STYLE_USAGE ( .BOTH. , #4064 ) ;
#2315 = SURFACE_STYLE_USAGE ( .BOTH. , #3051 ) ;
#2316 = CYLINDRICAL_SURFACE ( 'NONE', #1156, 0.006864000000000007248 ) ;
#2317 = ORIENTED_EDGE ( 'NONE', *, *, #501, .T. ) ;
#2318 = VECTOR ( 'NONE', #3532, 1000.000000000000000 ) ;
#2319 = EDGE_CURVE ( 'NONE', #3541, #3871, #2330, .T. ) ;
#2320 = CARTESIAN_POINT ( 'NONE',  ( 0.2601030231971028228, 0.3231360000000000343, -0.1920321708944721650 ) ) ;
#2321 = DIRECTION ( 'NONE',  ( 0.05596501978068186417, 0.000000000000000000, -0.9984327301130246912 ) ) ;
#2322 = VECTOR ( 'NONE', #957, 1000.000000000000000 ) ;
#2323 = CARTESIAN_POINT ( 'NONE',  ( 0.6300000000000000044, 0.000000000000000000, -0.3231360000000000343 ) ) ;
#2324 = ADVANCED_FACE ( 'NONE', ( #4054 ), #3706, .F. ) ;
#2325 = UNCERTAINTY_MEASURE_WITH_UNIT (LENGTH_MEASURE( 1.000000000000000082E-05 ), #3307, 'distance_accuracy_value', 'NONE');
#2326 = DIRECTION ( 'NONE',  ( 0.000000000000000000, 0.000000000000000000, -1.000000000000000000 ) ) ;
#2327 = CARTESIAN_POINT ( 'NONE',  ( 0.2770545214029251913, 0.3281360000000000388, -0.1649999999999999800 ) ) ;
#2328 = PRESENTATION_LAYER_ASSIGNMENT (  '', '', ( #2174 ) ) ;
#2329 = MECHANICAL_DESIGN_GEOMETRIC_PRESENTATION_REPRESENTATION (  '', ( #1150 ), #716 ) ;
#2330 = LINE ( 'NONE', #3685, #1081 ) ;
#2331 = AXIS2_PLACEMENT_3D ( 'NONE', #4315, #2533, #3617 ) ;
#2332 = DIRECTION ( 'NONE',  ( 0.2793947940878429015, 0.000000000000000000, -0.9601763114327556137 ) ) ;
#2333 =( LENGTH_UNIT ( ) NAMED_UNIT ( * ) SI_UNIT ( .MILLI., .METRE. ) );
#2334 = FACE_OUTER_BOUND ( 'NONE', #1354, .T. ) ;
#2335 = VECTOR ( 'NONE', #2466, 1000.000000000000000 ) ;
#2336 = EDGE_LOOP ( 'NONE', ( #2097, #3200, #276, #484 ) ) ;
#2337 = AXIS2_PLACEMENT_3D ( 'NONE', #821, #3242, #2904 ) ;
#2338 = CARTESIAN_POINT ( 'NONE',  ( 0.6300000000000000044, 0.3231360000000000343, -0.3300000000000000155 ) ) ;
#2339 = CARTESIAN_POINT ( 'NONE',  ( 0.4800000000000001488, 0.01372799999999997633, -0.006863999999999980360 ) ) ;
#2340 = COLOUR_RGB ( '',0.7686274509803920907, 0.7686274509803920907, 0.7686274509803920907 ) ;
#2341 = DIRECTION ( 'NONE',  ( 0.000000000000000000, -1.000000000000000000, 0.000000000000000000 ) ) ;
#2342 = SURFACE_STYLE_FILL_AREA ( #4430 ) ;
#2343 = CARTESIAN_POINT ( 'NONE',  ( 0.1499999999999999667, 0.006863999999999980360, -0.3162720000000000531 ) ) ;
#2344 = ORIENTED_EDGE ( 'NONE', *, *, #1944, .T. ) ;
#2345 = VECTOR ( 'NONE', #1530, 1000.000000000000000 ) ;
#2346 = FILL_AREA_STYLE ('',( #2717 ) ) ;
#2347 = CARTESIAN_POINT ( 'NONE',  ( 0.3090790555455912858, 0.3231360000000000343, -0.2037745044731906208 ) ) ;
#2348 = ADVANCED_FACE ( 'NONE', ( #1569 ), #609, .F. ) ;
#2349 = CARTESIAN_POINT ( 'NONE',  ( 0.3266427377514274366, 0.3281360000000000388, -0.2083447309874472686 ) ) ;
#2350 = LINE ( 'NONE', #1333, #2829 ) ;
#2351 = EDGE_CURVE ( 'NONE', #4154, #686, #2610, .T. ) ;
#2352 = DIRECTION ( 'NONE',  ( 1.000000000000000000, 0.000000000000000000, 0.000000000000000000 ) ) ;
#2353 = EDGE_CURVE ( 'NONE', #4254, #2045, #4252, .T. ) ;
#2354 = SURFACE_STYLE_FILL_AREA ( #3663 ) ;
#2355 = EDGE_CURVE ( 'NONE', #3272, #1073, #4099, .T. ) ;
#2356 = ORIENTED_EDGE ( 'NONE', *, *, #3911, .T. ) ;
#2357 = DIRECTION ( 'NONE',  ( 0.000000000000000000, 0.000000000000000000, -1.000000000000000000 ) ) ;
#2358 = ORIENTED_EDGE ( 'NONE', *, *, #555, .F. ) ;
#2359 = CARTESIAN_POINT ( 'NONE',  ( 0.1431359999999999855, 0.000000000000000000, -0.3231360000000000343 ) ) ;
#2360 = DIRECTION ( 'NONE',  ( 1.000000000000000000, 0.000000000000000000, 0.000000000000000000 ) ) ;
#2361 = ORIENTED_EDGE ( 'NONE', *, *, #4090, .F. ) ;
#2362 = DIRECTION ( 'NONE',  ( 0.000000000000000000, 1.000000000000000000, 0.000000000000000000 ) ) ;
#2363 = SURFACE_STYLE_FILL_AREA ( #3085 ) ;
#2364 = LINE ( 'NONE', #606, #715 ) ;
#2365 = DIRECTION ( 'NONE',  ( 0.000000000000000000, 0.000000000000000000, 1.000000000000000000 ) ) ;
#2366 =( NAMED_UNIT ( * ) SI_UNIT ( $, .STERADIAN. ) SOLID_ANGLE_UNIT ( ) );
#2367 = CARTESIAN_POINT ( 'NONE',  ( 0.4800000000000001488, 0.006863999999999980360, -0.006863999999999980360 ) ) ;
#2368 = EDGE_CURVE ( 'NONE', #3861, #1796, #1910, .T. ) ;
#2369 = CARTESIAN_POINT ( 'NONE',  ( 0.2214419934715744775, 0.3231360000000000343, -0.1649999999999999800 ) ) ;
#2370 = COLOUR_RGB ( '',0.7686274509803920907, 0.7686274509803920907, 0.7686274509803920907 ) ;
#2371 = PRESENTATION_STYLE_ASSIGNMENT (( #658 ) ) ;
#2372 = SURFACE_STYLE_USAGE ( .BOTH. , #1730 ) ;
#2373 = ORIENTED_EDGE ( 'NONE', *, *, #3360, .F. ) ;
#2374 = MECHANICAL_DESIGN_GEOMETRIC_PRESENTATION_REPRESENTATION (  '', ( #1649 ), #327 ) ;
#2375 = EDGE_CURVE ( 'NONE', #2582, #3850, #2678, .T. ) ;
#2376 = DIRECTION ( 'NONE',  ( -1.000000000000000000, 0.000000000000000000, 0.000000000000000000 ) ) ;
#2377 = CARTESIAN_POINT ( 'NONE',  ( 0.3319353280894461466, 0.3231360000000000343, -0.1840192170103121527 ) ) ;
#2378 = ORIENTED_EDGE ( 'NONE', *, *, #4204, .F. ) ;
#2379 = CARTESIAN_POINT ( 'NONE',  ( 0.2392128561161614708, 0.3231360000000000343, -0.1840192170104030800 ) ) ;
#2380 = VECTOR ( 'NONE', #4043, 1000.000000000000000 ) ;
#2381 = LINE ( 'NONE', #4501, #1231 ) ;
#2382 = ORIENTED_EDGE ( 'NONE', *, *, #2607, .T. ) ;
#2383 = VECTOR ( 'NONE', #872, 1000.000000000000227 ) ;
#2384 = CARTESIAN_POINT ( 'NONE',  ( 0.1996982596732767012, 0.3281360000000000388, -0.2083447309874472686 ) ) ;
#2385 = CARTESIAN_POINT ( 'NONE',  ( 0.2578142856001970906, 0.3281360000000000388, -0.1840192170104030800 ) ) ;
#2386 = LINE ( 'NONE', #3886, #3639 ) ;
#2387 = ORIENTED_EDGE ( 'NONE', *, *, #2721, .T. ) ;
#2388 = FILL_AREA_STYLE ('',( #2699 ) ) ;
#2389 = FILL_AREA_STYLE ('',( #1335 ) ) ;
#2390 =( NAMED_UNIT ( * ) SI_UNIT ( $, .STERADIAN. ) SOLID_ANGLE_UNIT ( ) );
#2391 = COLOUR_RGB ( '',0.7686274509803920907, 0.7686274509803920907, 0.7686274509803920907 ) ;
#2392 = DIRECTION ( 'NONE',  ( 0.000000000000000000, 0.000000000000000000, 1.000000000000000000 ) ) ;
#2393 = AXIS2_PLACEMENT_3D ( 'NONE', #1224, #2656, #2629 ) ;
#2394 = CARTESIAN_POINT ( 'NONE',  ( 0.006863999999999980360, 0.3231360000000000343, -0.006863999999999998575 ) ) ;
#2395 = EDGE_CURVE ( 'NONE', #3091, #1776, #1296, .T. ) ;
#2396 = ORIENTED_EDGE ( 'NONE', *, *, #3055, .F. ) ;
#2397 =( GEOMETRIC_REPRESENTATION_CONTEXT ( 3 ) GLOBAL_UNCERTAINTY_ASSIGNED_CONTEXT ( ( #978 ) ) GLOBAL_UNIT_ASSIGNED_CONTEXT ( ( #565, #2256, #4368 ) ) REPRESENTATION_CONTEXT ( 'NONE', 'WORKASPACE' ) );
#2398 = VECTOR ( 'NONE', #2429, 1000.000000000000000 ) ;
#2399 =( LENGTH_UNIT ( ) NAMED_UNIT ( * ) SI_UNIT ( .MILLI., .METRE. ) );
#2400 = LINE ( 'NONE', #4130, #1279 ) ;
#2401 = ORIENTED_EDGE ( 'NONE', *, *, #1923, .T. ) ;
#2402 = CARTESIAN_POINT ( 'NONE',  ( 0.4868640000000001300, 0.3231360000000000343, 0.000000000000000000 ) ) ;
#2403 = PRESENTATION_STYLE_ASSIGNMENT (( #2069 ) ) ;
#2404 = VECTOR ( 'NONE', #4362, 1000.000000000000000 ) ;
#2405 = VECTOR ( 'NONE', #2044, 1000.000000000000000 ) ;
#2406 = DIRECTION ( 'NONE',  ( 0.4668459304955247524, 0.000000000000000000, -0.8843386665637592570 ) ) ;
#2407 = ADVANCED_FACE ( 'NONE', ( #2257 ), #3394, .T. ) ;
#2408 = EDGE_CURVE ( 'NONE', #4020, #765, #3320, .T. ) ;
#2409 = ORIENTED_EDGE ( 'NONE', *, *, #3864, .T. ) ;
#2410 = MECHANICAL_DESIGN_GEOMETRIC_PRESENTATION_REPRESENTATION (  '', ( #1087 ), #2644 ) ;
#2411 = SURFACE_SIDE_STYLE ('',( #645 ) ) ;
#2412 = CARTESIAN_POINT ( 'NONE',  ( 0.2034177547702480660, 0.3231360000000000343, -0.1650000000000000078 ) ) ;
#2413 = ORIENTED_EDGE ( 'NONE', *, *, #947, .F. ) ;
#2414 = AXIS2_PLACEMENT_3D ( 'NONE', #3547, #3947, #3881 ) ;
#2415 = CARTESIAN_POINT ( 'NONE',  ( 0.2128210054131496887, 0.3281360000000000388, -0.2083447309874472686 ) ) ;
#2416 = CYLINDRICAL_SURFACE ( 'NONE', #3939, 0.006863999999999998575 ) ;
#2417 = FACE_OUTER_BOUND ( 'NONE', #2022, .T. ) ;
#2418 = AXIS2_PLACEMENT_3D ( 'NONE', #244, #896, #852 ) ;
#2419 = DIRECTION ( 'NONE',  ( -0.000000000000000000, -0.000000000000000000, 1.000000000000000000 ) ) ;
#2420 = PRODUCT_DEFINITION_FORMATION_WITH_SPECIFIED_SOURCE ( 'ANY', '', #1130, .NOT_KNOWN. ) ;
#2421 = EDGE_LOOP ( 'NONE', ( #405, #2093, #174, #798, #667, #280, #3391, #3510, #2672, #806, #3511, #549, #2424, #3875, #270, #2866, #2156, #1921, #3528, #2213, #2728, #3276, #522 ) ) ;
#2422 =( NAMED_UNIT ( * ) SI_UNIT ( $, .STERADIAN. ) SOLID_ANGLE_UNIT ( ) );
#2423 = CARTESIAN_POINT ( 'NONE',  ( 0.2128210054131496887, 0.3281360000000000388, -0.2083447309874472686 ) ) ;
#2424 = ORIENTED_EDGE ( 'NONE', *, *, #352, .T. ) ;
#2425 = CARTESIAN_POINT ( 'NONE',  ( 0.2702598728827497743, 0.3281360000000000388, -0.2083447309874472686 ) ) ;
#2426 = LINE ( 'NONE', #3827, #556 ) ;
#2427 = EDGE_LOOP ( 'NONE', ( #3449, #1751, #1479, #2177 ) ) ;
#2428 = DIRECTION ( 'NONE',  ( 1.000000000000000000, 0.000000000000000000, -0.000000000000000000 ) ) ;
#2429 = DIRECTION ( 'NONE',  ( 0.2745159998572620497, 0.000000000000000000, -0.9615825319869156784 ) ) ;
#2430 = ORIENTED_EDGE ( 'NONE', *, *, #1802, .F. ) ;
#2431 = EDGE_CURVE ( 'NONE', #1268, #3397, #2928, .T. ) ;
#2432 = CARTESIAN_POINT ( 'NONE',  ( 0.1431359999999999855, 0.3231360000000000343, -0.3300000000000000155 ) ) ;
#2433 = DIRECTION ( 'NONE',  ( -1.000000000000000000, 0.000000000000000000, 0.000000000000000000 ) ) ;
#2434 = CARTESIAN_POINT ( 'NONE',  ( 0.6231360000000000232, 0.006863999999999998575, -0.006863999999999998575 ) ) ;
#2435 = ORIENTED_EDGE ( 'NONE', *, *, #361, .F. ) ;
#2436 = EDGE_CURVE ( 'NONE', #2481, #2077, #4123, .T. ) ;
#2437 = CARTESIAN_POINT ( 'NONE',  ( 0.1499999999999999667, 0.007546627053175291623, -0.3224533729468246901 ) ) ;
#2438 = CARTESIAN_POINT ( 'NONE',  ( 0.1499999999999999667, 0.000000000000000000, -0.3231360000000000343 ) ) ;
#2439 = CARTESIAN_POINT ( 'NONE',  ( 0.4868640000000001300, 0.3231360000000000343, 0.000000000000000000 ) ) ;
#2440 = LINE ( 'NONE', #858, #4330 ) ;
#2441 = ORIENTED_EDGE ( 'NONE', *, *, #899, .T. ) ;
#2442 = DIRECTION ( 'NONE',  ( -0.000000000000000000, -0.000000000000000000, 1.000000000000000000 ) ) ;
#2443 =( LENGTH_UNIT ( ) NAMED_UNIT ( * ) SI_UNIT ( .MILLI., .METRE. ) );
#2444 = ORIENTED_EDGE ( 'NONE', *, *, #4334, .F. ) ;
#2445 = LINE ( 'NONE', #2710, #3876 ) ;
#2446 = SURFACE_SIDE_STYLE ('',( #3451 ) ) ;
#2447 = ORIENTED_EDGE ( 'NONE', *, *, #3780, .F. ) ;
#2448 = DIRECTION ( 'NONE',  ( 0.9999999968487351953, 0.000000000000000000, 7.938847109670268325E-05 ) ) ;
#2449 =( NAMED_UNIT ( * ) PLANE_ANGLE_UNIT ( ) SI_UNIT ( $, .RADIAN. ) );
#2450 = VERTEX_POINT ( 'NONE', #986 ) ;
#2451 = PRESENTATION_LAYER_ASSIGNMENT (  '', '', ( #4453 ) ) ;
#2452 = DIRECTION ( 'NONE',  ( 0.000000000000000000, 0.000000000000000000, 1.000000000000000000 ) ) ;
#2453 = AXIS2_PLACEMENT_3D ( 'NONE', #3267, #1125, #3613 ) ;
#2454 = LINE ( 'NONE', #4548, #586 ) ;
#2455 = LINE ( 'NONE', #3857, #2318 ) ;
#2456 = VERTEX_POINT ( 'NONE', #1723 ) ;
#2457 = EDGE_CURVE ( 'NONE', #2267, #1776, #2009, .T. ) ;
#2458 = ORIENTED_EDGE ( 'NONE', *, *, #1174, .T. ) ;
#2459 = VECTOR ( 'NONE', #2212, 1000.000000000000000 ) ;
#2460 = FILL_AREA_STYLE ('',( #3460 ) ) ;
#2461 = UNCERTAINTY_MEASURE_WITH_UNIT (LENGTH_MEASURE( 1.000000000000000082E-05 ), #553, 'distance_accuracy_value', 'NONE');
#2462 = PRESENTATION_LAYER_ASSIGNMENT (  '', '', ( #3477 ) ) ;
#2463 =( NAMED_UNIT ( * ) PLANE_ANGLE_UNIT ( ) SI_UNIT ( $, .RADIAN. ) );
#2464 = EDGE_CURVE ( 'NONE', #1135, #3912, #841, .T. ) ;
#2465 = AXIS2_PLACEMENT_3D ( 'NONE', #1401, #2033, #3149 ) ;
#2466 = DIRECTION ( 'NONE',  ( 0.000000000000000000, -1.000000000000000000, 0.000000000000000000 ) ) ;
#2467 =( NAMED_UNIT ( * ) PLANE_ANGLE_UNIT ( ) SI_UNIT ( $, .RADIAN. ) );
#2468 = PLANE ( 'NONE',  #3571 ) ;
#2469 =( NAMED_UNIT ( * ) SI_UNIT ( $, .STERADIAN. ) SOLID_ANGLE_UNIT ( ) );
#2470 = EDGE_LOOP ( 'NONE', ( #176, #37, #1149 ) ) ;
#2471 = AXIS2_PLACEMENT_3D ( 'NONE', #3417, #309, #1658 ) ;
#2472 =( GEOMETRIC_REPRESENTATION_CONTEXT ( 3 ) GLOBAL_UNCERTAINTY_ASSIGNED_CONTEXT ( ( #431 ) ) GLOBAL_UNIT_ASSIGNED_CONTEXT ( ( #2333, #505, #1553 ) ) REPRESENTATION_CONTEXT ( 'NONE', 'WORKASPACE' ) );
#2473 = LINE ( 'NONE', #1164, #4098 ) ;
#2474 = ORIENTED_EDGE ( 'NONE', *, *, #3640, .F. ) ;
#2475 = DIRECTION ( 'NONE',  ( 0.000000000000000000, -0.000000000000000000, -1.000000000000000000 ) ) ;
#2476 =( NAMED_UNIT ( * ) PLANE_ANGLE_UNIT ( ) SI_UNIT ( $, .RADIAN. ) );
#2477 = EDGE_LOOP ( 'NONE', ( #867, #2786, #2239, #1871 ) ) ;
#2478 = PRESENTATION_LAYER_ASSIGNMENT (  '', '', ( #2180 ) ) ;
#2479 = CARTESIAN_POINT ( 'NONE',  ( 0.4868640000000001300, 0.006863999999999998575, -0.3231360000000000343 ) ) ;
#2480 = LINE ( 'NONE', #1051, #4149 ) ;
#2481 = VERTEX_POINT ( 'NONE', #3066 ) ;
#2482 = ORIENTED_EDGE ( 'NONE', *, *, #1726, .T. ) ;
#2483 = VECTOR ( 'NONE', #4220, 1000.000000000000000 ) ;
#2484 = CARTESIAN_POINT ( 'NONE',  ( 0.6300000000000000044, 0.3300000000000000155, -0.3231360000000000343 ) ) ;
#2485 = VECTOR ( 'NONE', #304, 1000.000000000000114 ) ;
#2486 =( LENGTH_UNIT ( ) NAMED_UNIT ( * ) SI_UNIT ( .MILLI., .METRE. ) );
#2487 = CIRCLE ( 'NONE', #3009, 0.006863999999999980360 ) ;
#2488 = ADVANCED_FACE ( 'NONE', ( #4213 ), #1359, .F. ) ;
#2489 = EDGE_LOOP ( 'NONE', ( #4248, #742, #374, #382 ) ) ;
#2490 = VECTOR ( 'NONE', #1780, 1000.000000000000000 ) ;
#2491 = CARTESIAN_POINT ( 'NONE',  ( 0.1499999999999999389, 0.3224533729468246901, -0.007546627053175280347 ) ) ;
#2492 = ORIENTED_EDGE ( 'NONE', *, *, #3274, .T. ) ;
#2493 = AXIS2_PLACEMENT_3D ( 'NONE', #888, #1636, #2632 ) ;
#2494 = EDGE_CURVE ( 'NONE', #3850, #4125, #1314, .T. ) ;
#2495 = LINE ( 'NONE', #1434, #2483 ) ;
#2496 = CARTESIAN_POINT ( 'NONE',  ( 0.006863999999999980360, 0.006863999999999998575, -0.3231360000000000343 ) ) ;
#2497 = EDGE_LOOP ( 'NONE', ( #2119, #4327, #154, #1261 ) ) ;
#2498 = DIRECTION ( 'NONE',  ( 0.000000000000000000, 0.000000000000000000, 1.000000000000000000 ) ) ;
#2499 = LINE ( 'NONE', #757, #3198 ) ;
#2500 = ORIENTED_EDGE ( 'NONE', *, *, #4386, .F. ) ;
#2501 = FILL_AREA_STYLE_COLOUR ( '', #2821 ) ;
#2502 = DIRECTION ( 'NONE',  ( -0.9612934544747527843, 0.000000000000000000, -0.2755265765475199968 ) ) ;
#2503 = FACE_OUTER_BOUND ( 'NONE', #714, .T. ) ;
#2504 = ORIENTED_EDGE ( 'NONE', *, *, #4266, .T. ) ;
#2505 = ORIENTED_EDGE ( 'NONE', *, *, #2140, .T. ) ;
#2506 = LINE ( 'NONE', #1720, #2530 ) ;
#2507 = SURFACE_STYLE_FILL_AREA ( #2787 ) ;
#2508 = DIRECTION ( 'NONE',  ( 0.000000000000000000, 0.000000000000000000, 1.000000000000000000 ) ) ;
#2509 = SURFACE_STYLE_FILL_AREA ( #1544 ) ;
#2510 = DIRECTION ( 'NONE',  ( 1.000000000000000000, -0.000000000000000000, -0.000000000000000000 ) ) ;
#2511 = DIRECTION ( 'NONE',  ( -1.000000000000000000, 0.000000000000000000, -1.539402763017534981E-15 ) ) ;
#2512 = ORIENTED_EDGE ( 'NONE', *, *, #2031, .T. ) ;
#2513 = ADVANCED_FACE ( 'NONE', ( #2417 ), #3821, .T. ) ;
#2514 = DIRECTION ( 'NONE',  ( 0.2762437428917283166, 0.000000000000000000, -0.9610876102172831725 ) ) ;
#2515 = PRESENTATION_STYLE_ASSIGNMENT (( #1870 ) ) ;
#2516 = EDGE_LOOP ( 'NONE', ( #1991, #3096, #1807, #1445 ) ) ;
#2517 = LINE ( 'NONE', #150, #3887 ) ;
#2518 =( LENGTH_UNIT ( ) NAMED_UNIT ( * ) SI_UNIT ( .MILLI., .METRE. ) );
#2519 = ORIENTED_EDGE ( 'NONE', *, *, #2541, .F. ) ;
#2520 = EDGE_CURVE ( 'NONE', #3541, #3397, #2625, .T. ) ;
#2521 = CARTESIAN_POINT ( 'NONE',  ( 0.006863999999999998575, 0.006863999999999998575, -0.3231360000000000343 ) ) ;
#2522 = FILL_AREA_STYLE_COLOUR ( '', #3960 ) ;
#2523 = FILL_AREA_STYLE ('',( #1353 ) ) ;
#2524 = ORIENTED_EDGE ( 'NONE', *, *, #1701, .T. ) ;
#2525 = ORIENTED_EDGE ( 'NONE', *, *, #1226, .F. ) ;
#2526 = COLOUR_RGB ( '',0.7686274509803920907, 0.7686274509803920907, 0.7686274509803920907 ) ;
#2527 = CARTESIAN_POINT ( 'NONE',  ( 0.6300000000000000044, 0.3300000000000000155, -0.006863999999999998575 ) ) ;
#2528 = CARTESIAN_POINT ( 'NONE',  ( 0.4800005154526299500, 0.006948118178837700380, -0.01265669309202578294 ) ) ;
#2529 = CARTESIAN_POINT ( 'NONE',  ( 0.1748999999999999166, 0.3281360000000000388, -0.1650000000000000078 ) ) ;
#2530 = VECTOR ( 'NONE', #1786, 1000.000000000000000 ) ;
#2531 = DIRECTION ( 'NONE',  ( 0.000000000000000000, 0.000000000000000000, -1.000000000000000000 ) ) ;
#2532 = EDGE_LOOP ( 'NONE', ( #4424, #4394, #1122, #459, #247, #2573 ) ) ;
#2533 = DIRECTION ( 'NONE',  ( -1.000000000000000000, -0.000000000000000000, 0.000000000000000000 ) ) ;
#2534 = DIRECTION ( 'NONE',  ( 1.539402763017534981E-15, 0.000000000000000000, -1.000000000000000000 ) ) ;
#2535 = ORIENTED_EDGE ( 'NONE', *, *, #4476, .F. ) ;
#2536 = MECHANICAL_DESIGN_GEOMETRIC_PRESENTATION_REPRESENTATION (  '', ( #1940 ), #495 ) ;
#2537 = CARTESIAN_POINT ( 'NONE',  ( 0.6231360000000000232, 0.006863999999999998575, 0.000000000000000000 ) ) ;
#2538 = CARTESIAN_POINT ( 'NONE',  ( 0.3266427377514274366, 0.3281360000000000388, -0.2083447309874472686 ) ) ;
#2539 = UNCERTAINTY_MEASURE_WITH_UNIT (LENGTH_MEASURE( 1.000000000000000082E-05 ), #2788, 'distance_accuracy_value', 'NONE');
#2540 = MECHANICAL_DESIGN_GEOMETRIC_PRESENTATION_REPRESENTATION (  '', ( #4234 ), #141 ) ;
#2541 = EDGE_CURVE ( 'NONE', #3027, #4551, #354, .T. ) ;
#2542 = VERTEX_POINT ( 'NONE', #2128 ) ;
#2543 = CARTESIAN_POINT ( 'NONE',  ( 0.3564303293722252963, 0.3281360000000000388, -0.2000369535397830967 ) ) ;
#2544 = DIRECTION ( 'NONE',  ( 0.000000000000000000, 0.000000000000000000, 1.000000000000000000 ) ) ;
#2545 = DIRECTION ( 'NONE',  ( 0.000000000000000000, 0.000000000000000000, 1.000000000000000000 ) ) ;
#2546 = ORIENTED_EDGE ( 'NONE', *, *, #3089, .F. ) ;
#2547 = VECTOR ( 'NONE', #1684, 1000.000000000000000 ) ;
#2548 = DIRECTION ( 'NONE',  ( 0.000000000000000000, -1.000000000000000000, 0.000000000000000000 ) ) ;
#2549 = EDGE_CURVE ( 'NONE', #1776, #3631, #1153, .T. ) ;
#2550 = FACE_OUTER_BOUND ( 'NONE', #1916, .T. ) ;
#2551 = CARTESIAN_POINT ( 'NONE',  ( 0.4800005154526299500, 0.01265669309202580028, -0.3230518818211622900 ) ) ;
#2552 = ADVANCED_FACE ( 'NONE', ( #2108 ), #1860, .T. ) ;
#2553 = VECTOR ( 'NONE', #449, 1000.000000000000000 ) ;
#2554 = DIRECTION ( 'NONE',  ( 0.3725077383644724294, 0.000000000000000000, 0.9280290862136735264 ) ) ;
#2555 = ORIENTED_EDGE ( 'NONE', *, *, #4322, .T. ) ;
#2556 = EDGE_LOOP ( 'NONE', ( #663, #3605, #622, #3609 ) ) ;
#2557 = VECTOR ( 'NONE', #4437, 1000.000000000000000 ) ;
#2558 =( GEOMETRIC_REPRESENTATION_CONTEXT ( 3 ) GLOBAL_UNCERTAINTY_ASSIGNED_CONTEXT ( ( #3932 ) ) GLOBAL_UNIT_ASSIGNED_CONTEXT ( ( #4465, #1990, #2984 ) ) REPRESENTATION_CONTEXT ( 'NONE', 'WORKASPACE' ) );
#2559 = DIRECTION ( 'NONE',  ( 1.000000000000000000, 0.000000000000000000, -2.714849189917637079E-15 ) ) ;
#2560 = STYLED_ITEM ( 'NONE', ( #4489 ), #3314 ) ;
#2561 = AXIS2_PLACEMENT_3D ( 'NONE', #290, #4510, #1337 ) ;
#2562 = CARTESIAN_POINT ( 'NONE',  ( 0.6231360000000000232, 0.3231360000000000343, -0.006863999999999998575 ) ) ;
#2563 = DIRECTION ( 'NONE',  ( 0.000000000000000000, 0.000000000000000000, 1.000000000000000000 ) ) ;
#2564 = PRESENTATION_LAYER_ASSIGNMENT (  '', '', ( #4102 ) ) ;
#2565 = DIRECTION ( 'NONE',  ( -0.000000000000000000, 1.000000000000000000, 0.000000000000000000 ) ) ;
#2566 = SURFACE_STYLE_USAGE ( .BOTH. , #4286 ) ;
#2567 = CARTESIAN_POINT ( 'NONE',  ( 0.3288603064604122550, 0.3281360000000000388, -0.1732479428933267340 ) ) ;
#2568 = AXIS2_PLACEMENT_3D ( 'NONE', #3050, #178, #2649 ) ;
#2569 = ORIENTED_EDGE ( 'NONE', *, *, #1619, .T. ) ;
#2570 = UNCERTAINTY_MEASURE_WITH_UNIT (LENGTH_MEASURE( 1.000000000000000082E-05 ), #3767, 'distance_accuracy_value', 'NONE');
#2571 = DIRECTION ( 'NONE',  ( 1.000000000000000000, 0.000000000000000000, 0.000000000000000000 ) ) ;
#2572 = PRESENTATION_LAYER_ASSIGNMENT (  '', '', ( #3087 ) ) ;
#2573 = ORIENTED_EDGE ( 'NONE', *, *, #696, .F. ) ;
#2574 = PLANE ( 'NONE',  #1015 ) ;
#2575 = CARTESIAN_POINT ( 'NONE',  ( 0.6300000000000000044, 0.3231360000000000343, -0.3231360000000000343 ) ) ;
#2576 = CARTESIAN_POINT ( 'NONE',  ( 0.2392128561161614708, 0.3281360000000000388, -0.1840192170104030800 ) ) ;
#2577 = VERTEX_POINT ( 'NONE', #2859 ) ;
#2578 = PRESENTATION_STYLE_ASSIGNMENT (( #131 ) ) ;
#2579 = SURFACE_STYLE_FILL_AREA ( #2172 ) ;
#2580 = SURFACE_SIDE_STYLE ('',( #489 ) ) ;
#2581 = SPHERICAL_SURFACE ( 'NONE', #4478, 0.006863999999999998575 ) ;
#2582 = VERTEX_POINT ( 'NONE', #3266 ) ;
#2583 = EDGE_CURVE ( 'NONE', #3912, #4541, #4107, .T. ) ;
#2584 = CARTESIAN_POINT ( 'NONE',  ( 0.1943998703567688113, 0.3231360000000000343, -0.1898608619053237800 ) ) ;
#2585 =( NAMED_UNIT ( * ) PLANE_ANGLE_UNIT ( ) SI_UNIT ( $, .RADIAN. ) );
#2586 = SURFACE_STYLE_USAGE ( .BOTH. , #3264 ) ;
#2587 = CARTESIAN_POINT ( 'NONE',  ( 0.4800410307986384684, 0.007613391946902914320, -0.01060933587112233671 ) ) ;
#2588 = EDGE_CURVE ( 'NONE', #2812, #2899, #4285, .T. ) ;
#2589 = APPLICATION_CONTEXT ( 'automotive_design' ) ;
#2590 = DIRECTION ( 'NONE',  ( 0.2746459304917039379, 0.000000000000000000, -0.9615454294334438989 ) ) ;
#2591 = SURFACE_STYLE_FILL_AREA ( #2281 ) ;
#2592 = ORIENTED_EDGE ( 'NONE', *, *, #1498, .F. ) ;
#2593 = SURFACE_STYLE_USAGE ( .BOTH. , #2740 ) ;
#2594 = ORIENTED_EDGE ( 'NONE', *, *, #2882, .F. ) ;
#2595 = LINE ( 'NONE', #3323, #3590 ) ;
#2596 = DIRECTION ( 'NONE',  ( 1.000000000000000000, -0.000000000000000000, -0.000000000000000000 ) ) ;
#2597 = SURFACE_STYLE_FILL_AREA ( #3233 ) ;
#2598 = EDGE_LOOP ( 'NONE', ( #2086, #999, #3121, #4294 ) ) ;
#2599 = CARTESIAN_POINT ( 'NONE',  ( 0.1499756019922066919, 0.007494134006091198244, -0.01075576244253189338 ) ) ;
#2600 = CARTESIAN_POINT ( 'NONE',  ( 0.1431359999999999855, 0.006863999999999998575, 0.000000000000000000 ) ) ;
#2601 = SURFACE_STYLE_FILL_AREA ( #1511 ) ;
#2602 = ORIENTED_EDGE ( 'NONE', *, *, #2724, .F. ) ;
#2603 = CARTESIAN_POINT ( 'NONE',  ( 0.3819520072573981406, 0.3281360000000000388, -0.1999756692495344157 ) ) ;
#2604 = EDGE_CURVE ( 'NONE', #3027, #2071, #2993, .T. ) ;
#2605 =( NAMED_UNIT ( * ) SI_UNIT ( $, .STERADIAN. ) SOLID_ANGLE_UNIT ( ) );
#2606 =( LENGTH_UNIT ( ) NAMED_UNIT ( * ) SI_UNIT ( .MILLI., .METRE. ) );
#2607 = EDGE_CURVE ( 'NONE', #3900, #3749, #1884, .T. ) ;
#2608 = LINE ( 'NONE', #863, #912 ) ;
#2609 = FACE_OUTER_BOUND ( 'NONE', #1458, .T. ) ;
#2610 = LINE ( 'NONE', #1929, #3732 ) ;
#2611 = ORIENTED_EDGE ( 'NONE', *, *, #2202, .F. ) ;
#2612 = CARTESIAN_POINT ( 'NONE',  ( 0.4803010196075459537, 0.3211255809460644706, -0.3211255809460644706 ) ) ;
#2613 = FACE_OUTER_BOUND ( 'NONE', #2297, .T. ) ;
#2614 = FILL_AREA_STYLE_COLOUR ( '', #1614 ) ;
#2615 = AXIS2_PLACEMENT_3D ( 'NONE', #982, #1656, #3445 ) ;
#2616 =( NAMED_UNIT ( * ) PLANE_ANGLE_UNIT ( ) SI_UNIT ( $, .RADIAN. ) );
#2617 = EDGE_LOOP ( 'NONE', ( #3905, #2512, #2289, #3421, #832, #1864, #3970, #318, #1212, #3958, #1123, #292, #106, #339, #2893, #2317, #4196 ) ) ;
#2618 = AXIS2_PLACEMENT_3D ( 'NONE', #1804, #89, #2961 ) ;
#2619 = CARTESIAN_POINT ( 'NONE',  ( 0.1499999999999999667, 0.006863999999999980360, -0.006863999999999980360 ) ) ;
#2620 = DIRECTION ( 'NONE',  ( 0.000000000000000000, 1.000000000000000000, 0.000000000000000000 ) ) ;
#2621 =( LENGTH_UNIT ( ) NAMED_UNIT ( * ) SI_UNIT ( .MILLI., .METRE. ) );
#2622 = SURFACE_SIDE_STYLE ('',( #2601 ) ) ;
#2623 = VERTEX_POINT ( 'NONE', #1426 ) ;
#2624 = CIRCLE ( 'NONE', #635, 0.006863999999999998575 ) ;
#2625 = CIRCLE ( 'NONE', #2, 0.006863999999999998575 ) ;
#2626 = MECHANICAL_DESIGN_GEOMETRIC_PRESENTATION_REPRESENTATION (  '', ( #499 ), #2090 ) ;
#2627 = LINE ( 'NONE', #4048, #1960 ) ;
#2628 = DIRECTION ( 'NONE',  ( 1.000000000000000000, 0.000000000000000000, 0.000000000000000000 ) ) ;
#2629 = DIRECTION ( 'NONE',  ( 0.7059037656364479663, 0.000000000000000000, -0.7083077534943993392 ) ) ;
#2630 = MECHANICAL_DESIGN_GEOMETRIC_PRESENTATION_REPRESENTATION (  '', ( #4017 ), #1006 ) ;
#2631 = EDGE_CURVE ( 'NONE', #4254, #334, #931, .T. ) ;
#2632 = DIRECTION ( 'NONE',  ( 1.000000000000000000, 0.000000000000000000, 0.000000000000000000 ) ) ;
#2633 = COLOUR_RGB ( '',0.7686274509803920907, 0.7686274509803920907, 0.7686274509803920907 ) ;
#2634 = AXIS2_PLACEMENT_3D ( 'NONE', #2576, #1533, #1482 ) ;
#2635 = CARTESIAN_POINT ( 'NONE',  ( 0.3090790555455912858, 0.3231360000000000343, -0.2037745044731906208 ) ) ;
#2636 = DIRECTION ( 'NONE',  ( 0.000000000000000000, 0.000000000000000000, 1.000000000000000000 ) ) ;
#2637 = VERTEX_POINT ( 'NONE', #228 ) ;
#2638 = VECTOR ( 'NONE', #1931, 1000.000000000000000 ) ;
#2639 = AXIS2_PLACEMENT_3D ( 'NONE', #3772, #2061, #4487 ) ;
#2640 = EDGE_CURVE ( 'NONE', #3900, #3557, #1908, .T. ) ;
#2641 = ADVANCED_FACE ( 'NONE', ( #2225 ), #3635, .F. ) ;
#2642 = B_SPLINE_CURVE_WITH_KNOTS ( 'NONE', 3,
 ( #3119, #1759, #4543, #4500, #3164, #1370, #737, #35, #4178, #3830 ),
 .UNSPECIFIED., .F., .F.,
 ( 4, 3, 3, 4 ),
 ( 1.084202172485504434E-19, 2.284207375754367382E-06, 4.573131809475226114E-06, 5.378086119801692500E-06 ),
 .UNSPECIFIED. ) ;
#2643 = SURFACE_STYLE_FILL_AREA ( #1234 ) ;
#2644 =( GEOMETRIC_REPRESENTATION_CONTEXT ( 3 ) GLOBAL_UNCERTAINTY_ASSIGNED_CONTEXT ( ( #3709 ) ) GLOBAL_UNIT_ASSIGNED_CONTEXT ( ( #1098, #61, #440 ) ) REPRESENTATION_CONTEXT ( 'NONE', 'WORKASPACE' ) );
#2645 = CYLINDRICAL_SURFACE ( 'NONE', #4409, 0.006863999999999980360 ) ;
#2646 = ORIENTED_EDGE ( 'NONE', *, *, #862, .F. ) ;
#2647 = EDGE_CURVE ( 'NONE', #567, #1161, #3133, .T. ) ;
#2648 = CARTESIAN_POINT ( 'NONE',  ( 0.4800000000000001488, 0.006863999999999980360, -0.3300000000000000155 ) ) ;
#2649 = DIRECTION ( 'NONE',  ( 0.000000000000000000, 0.000000000000000000, 1.000000000000000000 ) ) ;
#2650 = SURFACE_STYLE_FILL_AREA ( #198 ) ;
#2651 = STYLED_ITEM ( 'NONE', ( #4301 ), #4366 ) ;
#2652 = VERTEX_POINT ( 'NONE', #519 ) ;
#2653 = COLOUR_RGB ( '',0.7921568627450980005, 0.8196078431372548767, 0.9333333333333333481 ) ;
#2654 = DIRECTION ( 'NONE',  ( -1.000000000000000000, 0.000000000000000000, 0.000000000000000000 ) ) ;
#2655 = CARTESIAN_POINT ( 'NONE',  ( 0.2414989578296221628, 0.3231360000000000343, -0.1920321708944721650 ) ) ;
#2656 = DIRECTION ( 'NONE',  ( 0.7083077534943993392, 0.000000000000000000, 0.7059037656364479663 ) ) ;
#2657 = UNCERTAINTY_MEASURE_WITH_UNIT (LENGTH_MEASURE( 1.000000000000000082E-05 ), #2075, 'distance_accuracy_value', 'NONE');
#2658 = CARTESIAN_POINT ( 'NONE',  ( 0.1498514366517493812, 0.008376728068316172116, -0.3206278899604451671 ) ) ;
#2659 = ORIENTED_EDGE ( 'NONE', *, *, #4443, .T. ) ;
#2660 = UNCERTAINTY_MEASURE_WITH_UNIT (LENGTH_MEASURE( 1.000000000000000082E-05 ), #1893, 'distance_accuracy_value', 'NONE');
#2661 = FACE_OUTER_BOUND ( 'NONE', #4131, .T. ) ;
#2662 = CARTESIAN_POINT ( 'NONE',  ( 0.4868640000000001300, 0.3300000000000000155, 0.000000000000000000 ) ) ;
#2663 =( LENGTH_UNIT ( ) NAMED_UNIT ( * ) SI_UNIT ( .MILLI., .METRE. ) );
#2664 = ADVANCED_FACE ( 'NONE', ( #887 ), #539, .T. ) ;
#2665 = VERTEX_POINT ( 'NONE', #2968 ) ;
#2666 = PRESENTATION_STYLE_ASSIGNMENT (( #1256 ) ) ;
#2667 = FILL_AREA_STYLE ('',( #3326 ) ) ;
#2668 = DIRECTION ( 'NONE',  ( 1.000000000000000000, 0.000000000000000000, 0.000000000000000000 ) ) ;
#2669 = SURFACE_SIDE_STYLE ('',( #2342 ) ) ;
#2670 = DIRECTION ( 'NONE',  ( 0.000000000000000000, 0.000000000000000000, 1.000000000000000000 ) ) ;
#2671 = EDGE_CURVE ( 'NONE', #122, #4233, #860, .T. ) ;
#2672 = ORIENTED_EDGE ( 'NONE', *, *, #1725, .T. ) ;
#2673 = CYLINDRICAL_SURFACE ( 'NONE', #4488, 0.006863999999999980360 ) ;
#2674 = PLANE ( 'NONE',  #4078 ) ;
#2675 = PRESENTATION_STYLE_ASSIGNMENT (( #3379 ) ) ;
#2676 = LINE ( 'NONE', #590, #323 ) ;
#2677 = DIRECTION ( 'NONE',  ( -0.9610674221107065041, 0.000000000000000000, -0.2763139702539146869 ) ) ;
#2678 = LINE ( 'NONE', #4461, #3807 ) ;
#2679 = ORIENTED_EDGE ( 'NONE', *, *, #2268, .T. ) ;
#2680 = PRESENTATION_LAYER_ASSIGNMENT (  '', '', ( #851 ) ) ;
#2681 = CARTESIAN_POINT ( 'NONE',  ( 0.6300000000000000044, 0.006863999999999998575, 0.000000000000000000 ) ) ;
#2682 =( LENGTH_UNIT ( ) NAMED_UNIT ( * ) SI_UNIT ( .MILLI., .METRE. ) );
#2683 = CARTESIAN_POINT ( 'NONE',  ( 0.3089588592604216033, 0.3231360000000000343, -0.1649999999999999800 ) ) ;
#2684 = ORIENTED_EDGE ( 'NONE', *, *, #2588, .F. ) ;
#2685 = ADVANCED_FACE ( 'NONE', ( #4388 ), #1543, .F. ) ;
#2686 = DIRECTION ( 'NONE',  ( 0.000000000000000000, 1.000000000000000000, 0.000000000000000000 ) ) ;
#2687 = CARTESIAN_POINT ( 'NONE',  ( 0.1496989803924541895, 0.008874419053935570997, -0.008874419053935463444 ) ) ;
#2688 = CIRCLE ( 'NONE', #1220, 0.006863999999999980360 ) ;
#2689 = CARTESIAN_POINT ( 'NONE',  ( 0.6231360000000000232, 0.006863999999999998575, -0.3231360000000000343 ) ) ;
#2690 = PLANE ( 'NONE',  #4405 ) ;
#2691 = ORIENTED_EDGE ( 'NONE', *, *, #2181, .T. ) ;
#2692 =( BOUNDED_CURVE ( )  B_SPLINE_CURVE ( 3, ( #82, #3901, #3917, #460 ),
 .UNSPECIFIED., .F., .F. ) 
 B_SPLINE_CURVE_WITH_KNOTS ( ( 4, 4 ),
 ( 1.570796326794895226, 1.868047687429712944 ),
 .UNSPECIFIED. ) 
 CURVE ( )  GEOMETRIC_REPRESENTATION_ITEM ( )  RATIONAL_B_SPLINE_CURVE ( ( 1.000000000000000000, 0.9926503465769137557, 0.9926503465769137557, 1.000000000000000000 ) ) 
 REPRESENTATION_ITEM ( '' )  );
#2693 = ADVANCED_FACE ( 'NONE', ( #4025 ), #3750, .T. ) ;
#2694 = EDGE_CURVE ( 'NONE', #3188, #1796, #1968, .T. ) ;
#2695 = PLANE ( 'NONE',  #1507 ) ;
#2696 = UNCERTAINTY_MEASURE_WITH_UNIT (LENGTH_MEASURE( 1.000000000000000082E-05 ), #3270, 'distance_accuracy_value', 'NONE');
#2697 = DIRECTION ( 'NONE',  ( 0.000000000000000000, -1.000000000000000000, 0.000000000000000000 ) ) ;
#2698 = VECTOR ( 'NONE', #1292, 1000.000000000000000 ) ;
#2699 = FILL_AREA_STYLE_COLOUR ( '', #2977 ) ;
#2700 = LINE ( 'NONE', #2438, #1367 ) ;
#2701 = VECTOR ( 'NONE', #4094, 1000.000000000000000 ) ;
#2702 = CARTESIAN_POINT ( 'NONE',  ( 0.1499947403365570475, 0.007287707430616477411, -0.3187521108625562816 ) ) ;
#2703 = VECTOR ( 'NONE', #3625, 1000.000000000000000 ) ;
#2704 = LINE ( 'NONE', #2789, #3071 ) ;
#2705 = CYLINDRICAL_SURFACE ( 'NONE', #3282, 0.006863999999999980360 ) ;
#2706 = VECTOR ( 'NONE', #3610, 1000.000000000000000 ) ;
#2707 = VERTEX_POINT ( 'NONE', #2738 ) ;
#2708 = MECHANICAL_DESIGN_GEOMETRIC_PRESENTATION_REPRESENTATION (  '', ( #158 ), #1072 ) ;
#2709 = FILL_AREA_STYLE ('',( #3488 ) ) ;
#2710 = CARTESIAN_POINT ( 'NONE',  ( 0.3505338581016901878, 0.3281360000000000388, -0.1840192170103121527 ) ) ;
#2711 =( LENGTH_UNIT ( ) NAMED_UNIT ( * ) SI_UNIT ( .MILLI., .METRE. ) );
#2712 =( NAMED_UNIT ( * ) PLANE_ANGLE_UNIT ( ) SI_UNIT ( $, .RADIAN. ) );
#2713 = LINE ( 'NONE', #1217, #4083 ) ;
#2714 =( LENGTH_UNIT ( ) NAMED_UNIT ( * ) SI_UNIT ( .MILLI., .METRE. ) );
#2715 = EDGE_LOOP ( 'NONE', ( #1534, #790, #3587, #4519 ) ) ;
#2716 = VECTOR ( 'NONE', #2912, 1000.000000000000000 ) ;
#2717 = FILL_AREA_STYLE_COLOUR ( '', #2340 ) ;
#2718 = CYLINDRICAL_SURFACE ( 'NONE', #3563, 0.006864000000000007248 ) ;
#2719 = CIRCLE ( 'NONE', #1752, 0.006863999999999998575 ) ;
#2720 = CARTESIAN_POINT ( 'NONE',  ( 0.2166061340079447894, 0.3231360000000000343, -0.1650000000000000078 ) ) ;
#2721 = EDGE_CURVE ( 'NONE', #1033, #2450, #216, .T. ) ;
#2722 =( BOUNDED_CURVE ( )  B_SPLINE_CURVE ( 3, ( #3910, #2491, #4243, #143 ),
 .UNSPECIFIED., .F., .F. ) 
 B_SPLINE_CURVE_WITH_KNOTS ( ( 4, 4 ),
 ( 4.712388980384689674, 5.009640341019506948 ),
 .UNSPECIFIED. ) 
 CURVE ( )  GEOMETRIC_REPRESENTATION_ITEM ( )  RATIONAL_B_SPLINE_CURVE ( ( 1.000000000000000000, 0.9926503465769137557, 0.9926503465769137557, 1.000000000000000000 ) ) 
 REPRESENTATION_ITEM ( '' )  );
#2723 = DIRECTION ( 'NONE',  ( 0.2729786930695101144, 0.000000000000000000, -0.9620200793798755479 ) ) ;
#2724 = EDGE_CURVE ( 'NONE', #3788, #3880, #3088, .T. ) ;
#2725 = ORIENTED_EDGE ( 'NONE', *, *, #2135, .T. ) ;
#2726 = DIRECTION ( 'NONE',  ( 0.05375259206908434423, 0.000000000000000000, -0.9985542843760946141 ) ) ;
#2727 = CARTESIAN_POINT ( 'NONE',  ( 0.6300000000000000044, 0.3300000000000000155, -0.3231360000000000343 ) ) ;
#2728 = ORIENTED_EDGE ( 'NONE', *, *, #1030, .T. ) ;
#2729 = CARTESIAN_POINT ( 'NONE',  ( 0.1499999999999999667, 0.01372799999999997980, -0.01372799999999997807 ) ) ;
#2730 = ORIENTED_EDGE ( 'NONE', *, *, #987, .F. ) ;
#2731 = CARTESIAN_POINT ( 'NONE',  ( 0.1431359999999999577, 0.3231360000000000343, -0.006863999999999980360 ) ) ;
#2732 = FACE_OUTER_BOUND ( 'NONE', #3979, .T. ) ;
#2733 = LINE ( 'NONE', #3039, #932 ) ;
#2734 = ORIENTED_EDGE ( 'NONE', *, *, #1226, .T. ) ;
#2735 = CARTESIAN_POINT ( 'NONE',  ( 0.4868640000000001300, 0.006863999999999998575, -0.3231360000000000343 ) ) ;
#2736 = LINE ( 'NONE', #40, #2035 ) ;
#2737 = CARTESIAN_POINT ( 'NONE',  ( 0.1431359999999999577, 0.3300000000000000155, -0.006863999999999998575 ) ) ;
#2738 = CARTESIAN_POINT ( 'NONE',  ( 0.2128210054131496887, 0.3231360000000000343, -0.2083447309874472686 ) ) ;
#2739 = EDGE_CURVE ( 'NONE', #3027, #3541, #2364, .T. ) ;
#2740 = SURFACE_SIDE_STYLE ('',( #2038 ) ) ;
#2741 = UNCERTAINTY_MEASURE_WITH_UNIT (LENGTH_MEASURE( 1.000000000000000082E-05 ), #4458, 'distance_accuracy_value', 'NONE');
#2742 = SURFACE_SIDE_STYLE ('',( #985 ) ) ;
#2743 = CARTESIAN_POINT ( 'NONE',  ( 0.3492638894570143648, 0.3281360000000000388, -0.1732479428933267340 ) ) ;
#2744 = EDGE_CURVE ( 'NONE', #3646, #171, #624, .T. ) ;
#2745 = SURFACE_SIDE_STYLE ('',( #3775 ) ) ;
#2746 = CLOSED_SHELL ( 'NONE', ( #1542, #3028, #2170, #2922, #1896, #1004, #4124, #1755, #2641, #3927, #1861, #1948, #4141, #3109, #3382, #4289, #4210, #1565, #3102 ) ) ;
#2747 = VERTEX_POINT ( 'NONE', #2005 ) ;
#2748 = SURFACE_STYLE_FILL_AREA ( #3324 ) ;
#2749 = ORIENTED_EDGE ( 'NONE', *, *, #3386, .T. ) ;
#2750 = AXIS2_PLACEMENT_3D ( 'NONE', #853, #551, #3348 ) ;
#2751 =( NAMED_UNIT ( * ) PLANE_ANGLE_UNIT ( ) SI_UNIT ( $, .RADIAN. ) );
#2752 = SURFACE_STYLE_USAGE ( .BOTH. , #2446 ) ;
#2753 = ORIENTED_EDGE ( 'NONE', *, *, #2724, .T. ) ;
#2754 = DIRECTION ( 'NONE',  ( 0.000000000000000000, -1.000000000000000000, 0.000000000000000000 ) ) ;
#2755 = AXIS2_PLACEMENT_3D ( 'NONE', #2047, #31, #2360 ) ;
#2756 = VERTEX_POINT ( 'NONE', #2349 ) ;
#2757 = VECTOR ( 'NONE', #448, 1000.000000000000114 ) ;
#2758 = CARTESIAN_POINT ( 'NONE',  ( 0.6300000000000000044, 0.3231360000000000343, -0.3231360000000000343 ) ) ;
#2759 = CARTESIAN_POINT ( 'NONE',  ( 0.4868640000000001300, 0.006863999999999998575, 0.000000000000000000 ) ) ;
#2760 = CARTESIAN_POINT ( 'NONE',  ( 0.3141752726016238118, 0.3281360000000000388, -0.1649999999999999800 ) ) ;
#2761 = ORIENTED_EDGE ( 'NONE', *, *, #751, .T. ) ;
#2762 = MECHANICAL_DESIGN_GEOMETRIC_PRESENTATION_REPRESENTATION (  '', ( #1942 ), #4012 ) ;
#2763 = CARTESIAN_POINT ( 'NONE',  ( 0.1431359999999999577, 0.3231360000000000343, -0.3231360000000000343 ) ) ;
#2764 =( LENGTH_UNIT ( ) NAMED_UNIT ( * ) SI_UNIT ( .MILLI., .METRE. ) );
#2765 = VECTOR ( 'NONE', #2442, 1000.000000000000000 ) ;
#2766 = DIRECTION ( 'NONE',  ( 0.7145695586381790587, 0.000000000000000000, -0.6995643972270444433 ) ) ;
#2767 =( GEOMETRIC_REPRESENTATION_CONTEXT ( 3 ) GLOBAL_UNCERTAINTY_ASSIGNED_CONTEXT ( ( #2034 ) ) GLOBAL_UNIT_ASSIGNED_CONTEXT ( ( #2486, #2830, #375 ) ) REPRESENTATION_CONTEXT ( 'NONE', 'WORKASPACE' ) );
#2768 = AXIS2_PLACEMENT_3D ( 'NONE', #2394, #27, #4514 ) ;
#2769 = VERTEX_POINT ( 'NONE', #285 ) ;
#2770 = EDGE_CURVE ( 'NONE', #22, #2652, #4506, .T. ) ;
#2771 = VECTOR ( 'NONE', #2514, 1000.000000000000227 ) ;
#2772 = AXIS2_PLACEMENT_3D ( 'NONE', #1778, #2070, #1737 ) ;
#2773 = FACE_OUTER_BOUND ( 'NONE', #1652, .T. ) ;
#2774 = DIRECTION ( 'NONE',  ( 0.000000000000000000, 0.000000000000000000, 1.000000000000000000 ) ) ;
#2775 = ORIENTED_EDGE ( 'NONE', *, *, #237, .T. ) ;
#2776 = LINE ( 'NONE', #683, #3509 ) ;
#2777 = DIRECTION ( 'NONE',  ( 0.4443210308329503810, 0.000000000000000000, -0.8958676361826809487 ) ) ;
#2778 = VECTOR ( 'NONE', #2766, 1000.000000000000000 ) ;
#2779 = COLOUR_RGB ( '',0.7686274509803920907, 0.7686274509803920907, 0.7686274509803920907 ) ;
#2780 = DIRECTION ( 'NONE',  ( -0.2762437428917283722, 0.000000000000000000, 0.9610876102172832836 ) ) ;
#2781 = ORIENTED_EDGE ( 'NONE', *, *, #1781, .F. ) ;
#2782 = ADVANCED_FACE ( 'NONE', ( #3539 ), #454, .T. ) ;
#2783 = PRESENTATION_LAYER_ASSIGNMENT (  '', '', ( #1087 ) ) ;
#2784 = DIRECTION ( 'NONE',  ( -0.000000000000000000, 1.000000000000000000, -0.000000000000000000 ) ) ;
#2785 = ORIENTED_EDGE ( 'NONE', *, *, #2395, .F. ) ;
#2786 = ORIENTED_EDGE ( 'NONE', *, *, #3035, .F. ) ;
#2787 = FILL_AREA_STYLE ('',( #169 ) ) ;
#2788 =( LENGTH_UNIT ( ) NAMED_UNIT ( * ) SI_UNIT ( .MILLI., .METRE. ) );
#2789 = CARTESIAN_POINT ( 'NONE',  ( 0.000000000000000000, 0.000000000000000000, -0.3231360000000000343 ) ) ;
#2790 = ORIENTED_EDGE ( 'NONE', *, *, #3006, .F. ) ;
#2791 = DIRECTION ( 'NONE',  ( 0.000000000000000000, 0.000000000000000000, -1.000000000000000000 ) ) ;
#2792 = DIRECTION ( 'NONE',  ( -1.000000000000000000, 0.000000000000000000, 0.000000000000000000 ) ) ;
#2793 = ORIENTED_EDGE ( 'NONE', *, *, #2858, .F. ) ;
#2794 = CARTESIAN_POINT ( 'NONE',  ( 0.1499999999999999667, 0.01372799999999997633, -0.3231360000000000343 ) ) ;
#2795 = PLANE ( 'NONE',  #3552 ) ;
#2796 = ADVANCED_FACE ( 'NONE', ( #426 ), #1128, .T. ) ;
#2797 = VERTEX_POINT ( 'NONE', #3873 ) ;
#2798 = CARTESIAN_POINT ( 'NONE',  ( 0.6300000000000000044, 0.3300000000000000155, 0.000000000000000000 ) ) ;
#2799 = FACE_OUTER_BOUND ( 'NONE', #1989, .T. ) ;
#2800 = VERTEX_POINT ( 'NONE', #3938 ) ;
#2801 = CARTESIAN_POINT ( 'NONE',  ( 0.2979442931012975526, 0.3281360000000000388, -0.1649999999999999800 ) ) ;
#2802 = ADVANCED_FACE ( 'NONE', ( #2186 ), #2113, .F. ) ;
#2803 = CARTESIAN_POINT ( 'NONE',  ( 0.4801607087335384993, 0.009474702031016286538, -0.008340611728579477510 ) ) ;
#2804 = CARTESIAN_POINT ( 'NONE',  ( 0.2702598728827497743, 0.3281360000000000388, -0.2083447309874472686 ) ) ;
#2805 = ORIENTED_EDGE ( 'NONE', *, *, #3721, .F. ) ;
#2806 = EDGE_LOOP ( 'NONE', ( #1661, #4503, #1433, #2356, #3828, #1897, #3928, #2853 ) ) ;
#2807 = LINE ( 'NONE', #2060, #1062 ) ;
#2808 = LINE ( 'NONE', #4308, #1606 ) ;
#2809 = ORIENTED_EDGE ( 'NONE', *, *, #3458, .T. ) ;
#2810 = LINE ( 'NONE', #3493, #2765 ) ;
#2811 = CARTESIAN_POINT ( 'NONE',  ( 0.006863999999999980360, 0.000000000000000000, -0.3300000000000000155 ) ) ;
#2812 = VERTEX_POINT ( 'NONE', #2327 ) ;
#2813 = DIRECTION ( 'NONE',  ( -0.000000000000000000, -0.000000000000000000, 1.000000000000000000 ) ) ;
#2814 =( LENGTH_UNIT ( ) NAMED_UNIT ( * ) SI_UNIT ( .MILLI., .METRE. ) );
#2815 = ORIENTED_EDGE ( 'NONE', *, *, #4146, .T. ) ;
#2816 = CARTESIAN_POINT ( 'NONE',  ( 0.3141752726016238118, 0.3281360000000000388, -0.1649999999999999800 ) ) ;
#2817 =( NAMED_UNIT ( * ) PLANE_ANGLE_UNIT ( ) SI_UNIT ( $, .RADIAN. ) );
#2818 = ORIENTED_EDGE ( 'NONE', *, *, #939, .F. ) ;
#2819 =( GEOMETRIC_REPRESENTATION_CONTEXT ( 3 ) GLOBAL_UNCERTAINTY_ASSIGNED_CONTEXT ( ( #1683 ) ) GLOBAL_UNIT_ASSIGNED_CONTEXT ( ( #843, #564, #4344 ) ) REPRESENTATION_CONTEXT ( 'NONE', 'WORKASPACE' ) );
#2820 = DIRECTION ( 'NONE',  ( 1.000000000000000000, 0.000000000000000000, 0.000000000000000000 ) ) ;
#2821 = COLOUR_RGB ( '',0.7686274509803920907, 0.7686274509803920907, 0.7686274509803920907 ) ;
#2822 = CARTESIAN_POINT ( 'NONE',  ( 0.4800576231663215565, 0.01006745277735301286, -0.007872639973344761413 ) ) ;
#2823 = DIRECTION ( 'NONE',  ( 0.000000000000000000, 0.000000000000000000, -1.000000000000000000 ) ) ;
#2824 = ORIENTED_EDGE ( 'NONE', *, *, #4507, .F. ) ;
#2825 = VERTEX_POINT ( 'NONE', #4052 ) ;
#2826 = ADVANCED_FACE ( 'NONE', ( #2609 ), #3025, .T. ) ;
#2827 = EDGE_CURVE ( 'NONE', #2542, #1911, #3338, .T. ) ;
#2828 = CARTESIAN_POINT ( 'NONE',  ( 0.1499999999999999667, 0.3231360000000000343, -0.01372799999999996072 ) ) ;
#2829 = VECTOR ( 'NONE', #3414, 1000.000000000000000 ) ;
#2830 =( NAMED_UNIT ( * ) PLANE_ANGLE_UNIT ( ) SI_UNIT ( $, .RADIAN. ) );
#2831 = EDGE_CURVE ( 'NONE', #3794, #3900, #1593, .T. ) ;
#2832 = COLOUR_RGB ( '',0.7686274509803920907, 0.7686274509803920907, 0.7686274509803920907 ) ;
#2833 = VERTEX_POINT ( 'NONE', #2229 ) ;
#2834 = DIRECTION ( 'NONE',  ( -0.9999960426590096541, 0.000000000000000000, -0.002813301676023789288 ) ) ;
#2835 = CARTESIAN_POINT ( 'NONE',  ( 0.1499999999999999667, 0.006863999999999980360, -0.3231360000000000343 ) ) ;
#2836 = ORIENTED_EDGE ( 'NONE', *, *, #2947, .F. ) ;
#2837 = VECTOR ( 'NONE', #208, 1000.000000000000000 ) ;
#2838 = DIRECTION ( 'NONE',  ( -1.000000000000000000, 0.000000000000000000, 0.000000000000000000 ) ) ;
#2839 = LINE ( 'NONE', #2909, #920 ) ;
#2840 = EDGE_LOOP ( 'NONE', ( #33, #1734, #188 ) ) ;
#2841 = DIRECTION ( 'NONE',  ( -1.000000000000000000, 0.000000000000000000, 0.000000000000000000 ) ) ;
#2842 = PRESENTATION_STYLE_ASSIGNMENT (( #3206 ) ) ;
#2843 = SURFACE_STYLE_FILL_AREA ( #1027 ) ;
#2844 = ORIENTED_EDGE ( 'NONE', *, *, #691, .T. ) ;
#2845 = VECTOR ( 'NONE', #2554, 999.9999999999998863 ) ;
#2846 = DIRECTION ( 'NONE',  ( 1.000000000000000000, 0.000000000000000000, 0.000000000000000000 ) ) ;
#2847 = VECTOR ( 'NONE', #2046, 1000.000000000000000 ) ;
#2848 = CIRCLE ( 'NONE', #4557, 0.006863999999999980360 ) ;
#2849 = CARTESIAN_POINT ( 'NONE',  ( 0.4800000000000001488, 0.3162719999999999421, -0.006863999999999980360 ) ) ;
#2850 = LINE ( 'NONE', #689, #2240 ) ;
#2851 = MANIFOLD_SOLID_BREP ( 'Scale1[2]', #471 ) ;
#2852 = ORIENTED_EDGE ( 'NONE', *, *, #230, .F. ) ;
#2853 = ORIENTED_EDGE ( 'NONE', *, *, #1411, .F. ) ;
#2854 = AXIS2_PLACEMENT_3D ( 'NONE', #2867, #4273, #546 ) ;
#2855 = PRESENTATION_LAYER_ASSIGNMENT (  '', '', ( #158 ) ) ;
#2856 = LINE ( 'NONE', #1035, #3855 ) ;
#2857 = VECTOR ( 'NONE', #164, 1000.000000000000000 ) ;
#2858 = EDGE_CURVE ( 'NONE', #4082, #1523, #591, .T. ) ;
#2859 = CARTESIAN_POINT ( 'NONE',  ( 0.000000000000000000, 0.3231360000000000343, -0.006863999999999998575 ) ) ;
#2860 = VECTOR ( 'NONE', #2448, 1000.000000000000114 ) ;
#2861 = ADVANCED_FACE ( 'NONE', ( #1186 ), #3404, .T. ) ;
#2862 = ORIENTED_EDGE ( 'NONE', *, *, #2223, .T. ) ;
#2863 = FILL_AREA_STYLE_COLOUR ( '', #1446 ) ;
#2864 = STYLED_ITEM ( 'NONE', ( #340 ), #4181 ) ;
#2865 = PLANE ( 'NONE',  #2012 ) ;
#2866 = ORIENTED_EDGE ( 'NONE', *, *, #3648, .T. ) ;
#2867 = CARTESIAN_POINT ( 'NONE',  ( 0.3319353280894461466, 0.3281360000000000388, -0.1840192170103121527 ) ) ;
#2868 = VERTEX_POINT ( 'NONE', #3760 ) ;
#2869 = LINE ( 'NONE', #2193, #1749 ) ;
#2870 = FILL_AREA_STYLE ('',( #4277 ) ) ;
#2871 = PLANE ( 'NONE',  #1957 ) ;
#2872 = ORIENTED_EDGE ( 'NONE', *, *, #2541, .T. ) ;
#2873 = CARTESIAN_POINT ( 'NONE',  ( 0.3595517425498618302, 0.3281360000000000388, -0.1650000000000000078 ) ) ;
#2874 = CARTESIAN_POINT ( 'NONE',  ( 0.1498025291734264297, 0.3207366831189307210, -0.008507498535998261890 ) ) ;
#2875 = DIRECTION ( 'NONE',  ( -1.000000000000000000, 0.000000000000000000, 0.000000000000000000 ) ) ;
#2876 = DIRECTION ( 'NONE',  ( -0.2746459304917039934, 0.000000000000000000, 0.9615454294334438989 ) ) ;
#2877 = ORIENTED_EDGE ( 'NONE', *, *, #3140, .F. ) ;
#2878 = EDGE_LOOP ( 'NONE', ( #2815, #2985, #3820, #1207 ) ) ;
#2879 = FILL_AREA_STYLE_COLOUR ( '', #2154 ) ;
#2880 = CARTESIAN_POINT ( 'NONE',  ( 0.4800000000000001488, 0.006863999999999980360, -0.01372799999999996072 ) ) ;
#2881 = PLANE ( 'NONE',  #2453 ) ;
#2882 = EDGE_CURVE ( 'NONE', #3248, #1529, #1297, .T. ) ;
#2883 = LINE ( 'NONE', #3195, #1182 ) ;
#2884 = CYLINDRICAL_SURFACE ( 'NONE', #1568, 0.006863999999999998575 ) ;
#2885 = CARTESIAN_POINT ( 'NONE',  ( 0.4800000000000001488, 0.006863999999999980360, -0.3162720000000000531 ) ) ;
#2886 = ORIENTED_EDGE ( 'NONE', *, *, #2076, .T. ) ;
#2887 = ADVANCED_FACE ( 'NONE', ( #4539 ), #1022, .F. ) ;
#2888 = EDGE_CURVE ( 'NONE', #1061, #3997, #4173, .T. ) ;
#2889 = CARTESIAN_POINT ( 'NONE',  ( 0.006863999999999980360, 0.006863999999999998575, -0.006863999999999998575 ) ) ;
#2890 = ORIENTED_EDGE ( 'NONE', *, *, #2181, .F. ) ;
#2891 = DIRECTION ( 'NONE',  ( 0.000000000000000000, 1.000000000000000000, -0.000000000000000000 ) ) ;
#2892 = PLANE ( 'NONE',  #651 ) ;
#2893 = ORIENTED_EDGE ( 'NONE', *, *, #71, .T. ) ;
#2894 = CARTESIAN_POINT ( 'NONE',  ( 0.2270853522738247865, 0.3281360000000000388, -0.2083447309874472686 ) ) ;
#2895 = CARTESIAN_POINT ( 'NONE',  ( 0.4800018883147387228, 0.01194778499682353987, -0.3229398653938053143 ) ) ;
#2896 = VECTOR ( 'NONE', #1545, 1000.000000000000227 ) ;
#2897 = CARTESIAN_POINT ( 'NONE',  ( 0.2578142856001970906, 0.3281360000000000388, -0.1840192170104030800 ) ) ;
#2898 = ORIENTED_EDGE ( 'NONE', *, *, #254, .T. ) ;
#2899 = VERTEX_POINT ( 'NONE', #3115 ) ;
#2900 = AXIS2_PLACEMENT_3D ( 'NONE', #2439, #3385, #3403 ) ;
#2901 = CARTESIAN_POINT ( 'NONE',  ( 0.2414989578296221628, 0.3281360000000000388, -0.1920321708944721650 ) ) ;
#2902 = DIRECTION ( 'NONE',  ( 0.9280290862136735264, 0.000000000000000000, -0.3725077383644724294 ) ) ;
#2903 = VECTOR ( 'NONE', #1691, 1000.000000000000000 ) ;
#2904 = DIRECTION ( 'NONE',  ( 0.000000000000000000, 0.000000000000000000, 1.000000000000000000 ) ) ;
#2905 = SURFACE_STYLE_USAGE ( .BOTH. , #2131 ) ;
#2906 = FACE_OUTER_BOUND ( 'NONE', #1505, .T. ) ;
#2907 = CARTESIAN_POINT ( 'NONE',  ( 0.4803010196075459537, 0.008874419053935517221, -0.3211255809460644706 ) ) ;
#2908 = VERTEX_POINT ( 'NONE', #4470 ) ;
#2909 = CARTESIAN_POINT ( 'NONE',  ( 0.3528225956985452938, 0.3281360000000000388, -0.1920307211585037532 ) ) ;
#2910 = UNCERTAINTY_MEASURE_WITH_UNIT (LENGTH_MEASURE( 1.000000000000000082E-05 ), #3690, 'distance_accuracy_value', 'NONE');
#2911 = ORIENTED_EDGE ( 'NONE', *, *, #731, .F. ) ;
#2912 = DIRECTION ( 'NONE',  ( 0.000000000000000000, -1.000000000000000000, 0.000000000000000000 ) ) ;
#2913 = FACE_OUTER_BOUND ( 'NONE', #1622, .T. ) ;
#2914 = EDGE_CURVE ( 'NONE', #2899, #679, #3782, .T. ) ;
#2915 = ORIENTED_EDGE ( 'NONE', *, *, #161, .F. ) ;
#2916 = COLOUR_RGB ( '',0.7686274509803920907, 0.7686274509803920907, 0.7686274509803920907 ) ;
#2917 = CARTESIAN_POINT ( 'NONE',  ( 0.1498392912664616439, 0.3216593882714204877, -0.3205252979689837689 ) ) ;
#2918 = PLANE ( 'NONE',  #4496 ) ;
#2919 = CARTESIAN_POINT ( 'NONE',  ( 0.1498392912664616716, 0.008340611728579484449, -0.009474702031016277864 ) ) ;
#2920 = CARTESIAN_POINT ( 'NONE',  ( 0.4799999999999892131, 0.01336979853204960274, -0.3231360000000006449 ) ) ;
#2921 = AXIS2_PLACEMENT_3D ( 'NONE', #840, #1564, #4435 ) ;
#2922 = ADVANCED_FACE ( 'NONE', ( #2773 ), #636, .F. ) ;
#2923 = EDGE_LOOP ( 'NONE', ( #4419, #4474, #3251, #53 ) ) ;
#2924 =( GEOMETRIC_REPRESENTATION_CONTEXT ( 3 ) GLOBAL_UNCERTAINTY_ASSIGNED_CONTEXT ( ( #1584 ) ) GLOBAL_UNIT_ASSIGNED_CONTEXT ( ( #3734, #1228, #3362 ) ) REPRESENTATION_CONTEXT ( 'NONE', 'WORKASPACE' ) );
#2925 =( GEOMETRIC_REPRESENTATION_CONTEXT ( 3 ) GLOBAL_UNCERTAINTY_ASSIGNED_CONTEXT ( ( #3514 ) ) GLOBAL_UNIT_ASSIGNED_CONTEXT ( ( #1194, #2238, #3304 ) ) REPRESENTATION_CONTEXT ( 'NONE', 'WORKASPACE' ) );
#2926 = FACE_OUTER_BOUND ( 'NONE', #3483, .T. ) ;
#2927 = MECHANICAL_DESIGN_GEOMETRIC_PRESENTATION_REPRESENTATION (  '', ( #428 ), #2266 ) ;
#2928 = CIRCLE ( 'NONE', #2561, 0.006863999999999980360 ) ;
#2929 = CARTESIAN_POINT ( 'NONE',  ( 0.4803010196075459537, 0.008874419053935525895, -0.008874419053935508547 ) ) ;
#2930 = CARTESIAN_POINT ( 'NONE',  ( 0.6300000000000000044, 0.006863999999999998575, -0.3231360000000000343 ) ) ;
#2931 = MECHANICAL_DESIGN_GEOMETRIC_PRESENTATION_REPRESENTATION (  '', ( #1822 ), #4259 ) ;
#2932 = FACE_OUTER_BOUND ( 'NONE', #2840, .T. ) ;
#2933 = SURFACE_STYLE_FILL_AREA ( #4268 ) ;
#2934 = VECTOR ( 'NONE', #664, 1000.000000000000000 ) ;
#2935 = ORIENTED_EDGE ( 'NONE', *, *, #1680, .T. ) ;
#2936 = LINE ( 'NONE', #2681, #2638 ) ;
#2937 = PRESENTATION_STYLE_ASSIGNMENT (( #2593 ) ) ;
#2938 = ORIENTED_EDGE ( 'NONE', *, *, #282, .F. ) ;
#2939 = CARTESIAN_POINT ( 'NONE',  ( 0.1498514366517493535, 0.3206278899604452226, -0.3216232719316837740 ) ) ;
#2940 =( NAMED_UNIT ( * ) PLANE_ANGLE_UNIT ( ) SI_UNIT ( $, .RADIAN. ) );
#2941 = FILL_AREA_STYLE_COLOUR ( '', #1238 ) ;
#2942 = VERTEX_POINT ( 'NONE', #2794 ) ;
#2943 = EDGE_CURVE ( 'NONE', #3434, #3806, #4198, .T. ) ;
#2944 = CARTESIAN_POINT ( 'NONE',  ( 0.1431359999999999577, 0.006863999999999998575, 0.000000000000000000 ) ) ;
#2945 = CARTESIAN_POINT ( 'NONE',  ( 0.1499894698367569557, 0.01147565782918079889, -0.3227559379042022059 ) ) ;
#2946 = EDGE_LOOP ( 'NONE', ( #605, #791, #1348, #690 ) ) ;
#2947 = EDGE_CURVE ( 'NONE', #515, #3481, #2445, .T. ) ;
#2948 = CARTESIAN_POINT ( 'NONE',  ( 0.3505338581016901878, 0.3231360000000000343, -0.1840192170103121527 ) ) ;
#2949 = PRESENTATION_STYLE_ASSIGNMENT (( #1858 ) ) ;
#2950 = DIRECTION ( 'NONE',  ( -0.000000000000000000, -0.000000000000000000, -1.000000000000000000 ) ) ;
#2951 = FILL_AREA_STYLE_COLOUR ( '', #2653 ) ;
#2952 = PLANE ( 'NONE',  #2304 ) ;
#2953 = FILL_AREA_STYLE ('',( #864 ) ) ;
#2954 = ORIENTED_EDGE ( 'NONE', *, *, #2671, .T. ) ;
#2955 = DIRECTION ( 'NONE',  ( 0.000000000000000000, -1.000000000000000000, 0.000000000000000000 ) ) ;
#2956 = SURFACE_STYLE_USAGE ( .BOTH. , #928 ) ;
#2957 = CARTESIAN_POINT ( 'NONE',  ( 0.2128210054131496887, 0.3281360000000000388, -0.2083447309874472686 ) ) ;
#2958 = VERTEX_POINT ( 'NONE', #273 ) ;
#2959 = DIRECTION ( 'NONE',  ( -1.000000000000000000, 0.000000000000000000, 0.000000000000000000 ) ) ;
#2960 =( NAMED_UNIT ( * ) PLANE_ANGLE_UNIT ( ) SI_UNIT ( $, .RADIAN. ) );
#2961 = DIRECTION ( 'NONE',  ( 1.000000000000000000, 0.000000000000000000, 0.000000000000000000 ) ) ;
#2962 = DIRECTION ( 'NONE',  ( -0.000000000000000000, 0.000000000000000000, 1.000000000000000000 ) ) ;
#2963 = ORIENTED_EDGE ( 'NONE', *, *, #2604, .F. ) ;
#2964 = ADVANCED_FACE ( 'NONE', ( #4517 ), #1995, .F. ) ;
#2965 = VECTOR ( 'NONE', #2510, 1000.000000000000000 ) ;
#2966 = DIRECTION ( 'NONE',  ( -1.000000000000000000, 0.000000000000000000, -0.000000000000000000 ) ) ;
#2967 = FACE_OUTER_BOUND ( 'NONE', #4244, .T. ) ;
#2968 = CARTESIAN_POINT ( 'NONE',  ( 0.1943998703567688113, 0.3231360000000000343, -0.1898608619053237800 ) ) ;
#2969 = EDGE_CURVE ( 'NONE', #4233, #3749, #796, .T. ) ;
#2970 = EDGE_CURVE ( 'NONE', #3665, #109, #457, .T. ) ;
#2971 = VECTOR ( 'NONE', #4062, 999.9999999999998863 ) ;
#2972 = FILL_AREA_STYLE ('',( #2951 ) ) ;
#2973 = DIRECTION ( 'NONE',  ( 0.000000000000000000, 0.000000000000000000, 1.000000000000000000 ) ) ;
#2974 = CARTESIAN_POINT ( 'NONE',  ( 0.1499999999999999667, 0.3231360000000000343, -0.3231360000000000343 ) ) ;
#2975 = EDGE_CURVE ( 'NONE', #4055, #3985, #2495, .T. ) ;
#2976 = ORIENTED_EDGE ( 'NONE', *, *, #2319, .F. ) ;
#2977 = COLOUR_RGB ( '',0.7686274509803920907, 0.7686274509803920907, 0.7686274509803920907 ) ;
#2978 = UNCERTAINTY_MEASURE_WITH_UNIT (LENGTH_MEASURE( 1.000000000000000082E-05 ), #1082, 'distance_accuracy_value', 'NONE');
#2979 = CARTESIAN_POINT ( 'NONE',  ( 0.2887188603287782485, 0.3231360000000000343, -0.2083447309874472686 ) ) ;
#2980 = ORIENTED_EDGE ( 'NONE', *, *, #3463, .T. ) ;
#2981 = DIRECTION ( 'NONE',  ( -0.2745159998572621052, 0.000000000000000000, 0.9615825319869156784 ) ) ;
#2982 = FILL_AREA_STYLE ('',( #892 ) ) ;
#2983 = AXIS2_PLACEMENT_3D ( 'NONE', #3770, #4508, #652 ) ;
#2984 =( NAMED_UNIT ( * ) SI_UNIT ( $, .STERADIAN. ) SOLID_ANGLE_UNIT ( ) );
#2985 = ORIENTED_EDGE ( 'NONE', *, *, #1922, .F. ) ;
#2986 = CARTESIAN_POINT ( 'NONE',  ( 0.1500033228270117314, 0.3230057419544087316, -0.3178052178873324585 ) ) ;
#2987 = AXIS2_PLACEMENT_3D ( 'NONE', #2689, #4086, #219 ) ;
#2988 = CARTESIAN_POINT ( 'NONE',  ( 0.4868640000000001300, 0.3300000000000000155, -0.3231360000000000343 ) ) ;
#2989 = CARTESIAN_POINT ( 'NONE',  ( 0.4800000000000000933, 0.3224533729468246901, -0.007546627053175279480 ) ) ;
#2990 = SURFACE_STYLE_FILL_AREA ( #3695 ) ;
#2991 = EDGE_LOOP ( 'NONE', ( #3255, #2890, #1835, #3946 ) ) ;
#2992 = VECTOR ( 'NONE', #4441, 1000.000000000000000 ) ;
#2993 = CIRCLE ( 'NONE', #345, 0.006863999999999998575 ) ;
#2994 = PRESENTATION_LAYER_ASSIGNMENT (  '', '', ( #499 ) ) ;
#2995 = LINE ( 'NONE', #4092, #4026 ) ;
#2996 = DIRECTION ( 'NONE',  ( 0.9610992334315843211, 0.000000000000000000, 0.2762033010252067378 ) ) ;
#2997 = AXIS2_PLACEMENT_3D ( 'NONE', #1089, #2813, #2838 ) ;
#2998 = AXIS2_PLACEMENT_3D ( 'NONE', #3287, #90, #1218 ) ;
#2999 = EDGE_CURVE ( 'NONE', #1147, #2450, #581, .T. ) ;
#3000 = VECTOR ( 'NONE', #966, 1000.000000000000000 ) ;
#3001 = VECTOR ( 'NONE', #782, 1000.000000000000000 ) ;
#3002 = CARTESIAN_POINT ( 'NONE',  ( 0.6300000000000000044, 0.3231360000000000343, -0.3300000000000000155 ) ) ;
#3003 = CARTESIAN_POINT ( 'NONE',  ( 0.1431359999999999577, 0.3231360000000000343, -0.3231360000000000343 ) ) ;
#3004 = EDGE_LOOP ( 'NONE', ( #1548, #2836, #4383, #336 ) ) ;
#3005 = VECTOR ( 'NONE', #1853, 1000.000000000000000 ) ;
#3006 = EDGE_CURVE ( 'NONE', #1779, #679, #826, .T. ) ;
#3007 = CARTESIAN_POINT ( 'NONE',  ( 0.4801485633482507898, 0.3216232719316838295, -0.3206278899604451671 ) ) ;
#3008 = DIRECTION ( 'NONE',  ( 0.2793947940814949238, 0.000000000000000000, -0.9601763114346025807 ) ) ;
#3009 = AXIS2_PLACEMENT_3D ( 'NONE', #2731, #337, #4132 ) ;
#3010 = SPHERICAL_SURFACE ( 'NONE', #3951, 0.006863999999999998575 ) ;
#3011 = ORIENTED_EDGE ( 'NONE', *, *, #3089, .T. ) ;
#3012 = AXIS2_PLACEMENT_3D ( 'NONE', #383, #4276, #1777 ) ;
#3013 = B_SPLINE_CURVE_WITH_KNOTS ( 'NONE', 3,
 ( #3677, #534, #160, #2945, #4359, #3236, #3155, #1467, #3926, #789 ),
 .UNSPECIFIED., .F., .F.,
 ( 4, 3, 3, 4 ),
 ( 3.388131789017201356E-21, 2.284207375754357217E-06, 4.573131809475184609E-06, 5.378086119801695041E-06 ),
 .UNSPECIFIED. ) ;
#3014 = DIRECTION ( 'NONE',  ( -1.000000000000000000, 0.000000000000000000, 0.000000000000000000 ) ) ;
#3015 = CARTESIAN_POINT ( 'NONE',  ( 0.1498989171974484391, 0.008221728497963504828, -0.008221728497963494420 ) ) ;
#3016 =( NAMED_UNIT ( * ) SI_UNIT ( $, .STERADIAN. ) SOLID_ANGLE_UNIT ( ) );
#3017 = FACE_OUTER_BOUND ( 'NONE', #356, .T. ) ;
#3018 = VECTOR ( 'NONE', #3412, 1000.000000000000114 ) ;
#3019 = ORIENTED_EDGE ( 'NONE', *, *, #1146, .T. ) ;
#3020 = DIRECTION ( 'NONE',  ( 0.000000000000000000, 0.000000000000000000, -1.000000000000000000 ) ) ;
#3021 = CARTESIAN_POINT ( 'NONE',  ( 0.6231360000000000232, 0.000000000000000000, -0.006863999999999998575 ) ) ;
#3022 = UNCERTAINTY_MEASURE_WITH_UNIT (LENGTH_MEASURE( 1.000000000000000082E-05 ), #1617, 'distance_accuracy_value', 'NONE');
#3023 = UNCERTAINTY_MEASURE_WITH_UNIT (LENGTH_MEASURE( 1.000000000000000082E-05 ), #665, 'distance_accuracy_value', 'NONE');
#3024 = DIRECTION ( 'NONE',  ( -1.000000000000000000, 0.000000000000000000, 0.000000000000000000 ) ) ;
#3025 = CYLINDRICAL_SURFACE ( 'NONE', #3578, 0.006863999999999980360 ) ;
#3026 = FILL_AREA_STYLE_COLOUR ( '', #1746 ) ;
#3027 = VERTEX_POINT ( 'NONE', #2537 ) ;
#3028 = ADVANCED_FACE ( 'NONE', ( #1063 ), #3913, .F. ) ;
#3029 = FILL_AREA_STYLE_COLOUR ( '', #1305 ) ;
#3030 = LINE ( 'NONE', #1252, #1225 ) ;
#3031 = DIRECTION ( 'NONE',  ( 0.000000000000000000, 0.000000000000000000, -1.000000000000000000 ) ) ;
#3032 = ORIENTED_EDGE ( 'NONE', *, *, #2408, .F. ) ;
#3033 = EDGE_CURVE ( 'NONE', #2210, #1373, #3572, .T. ) ;
#3034 =( NAMED_UNIT ( * ) SI_UNIT ( $, .STERADIAN. ) SOLID_ANGLE_UNIT ( ) );
#3035 = EDGE_CURVE ( 'NONE', #836, #29, #4247, .T. ) ;
#3036 = DIRECTION ( 'NONE',  ( 0.9999960426590096541, 0.000000000000000000, 0.002813301676023789721 ) ) ;
#3037 = PRESENTATION_STYLE_ASSIGNMENT (( #4111 ) ) ;
#3038 = DIRECTION ( 'NONE',  ( 0.000000000000000000, 0.000000000000000000, 1.000000000000000000 ) ) ;
#3039 = CARTESIAN_POINT ( 'NONE',  ( 0.6300000000000000044, 0.000000000000000000, -0.006863999999999998575 ) ) ;
#3040 = ORIENTED_EDGE ( 'NONE', *, *, #2059, .T. ) ;
#3041 = DIRECTION ( 'NONE',  ( 0.2762033010252067378, 0.000000000000000000, -0.9610992334315843211 ) ) ;
#3042 =( NAMED_UNIT ( * ) PLANE_ANGLE_UNIT ( ) SI_UNIT ( $, .RADIAN. ) );
#3043 = PRESENTATION_STYLE_ASSIGNMENT (( #4438 ) ) ;
#3044 = B_SPLINE_CURVE_WITH_KNOTS ( 'NONE', 3,
 ( #3211, #3903, #4257, #1144, #2599, #3628, #2919, #2198, #3607, #488 ),
 .UNSPECIFIED., .F., .F.,
 ( 4, 3, 3, 4 ),
 ( 1.713018122546668215E-20, 2.284207375754350018E-06, 4.573131809475174445E-06, 5.378086119801788214E-06 ),
 .UNSPECIFIED. ) ;
#3045 = PRODUCT_DEFINITION ( 'UNKNOWN', '', #2420, #545 ) ;
#3046 = VERTEX_POINT ( 'NONE', #2161 ) ;
#3047 = STYLED_ITEM ( 'NONE', ( #1846 ), #524 ) ;
#3048 = PRESENTATION_STYLE_ASSIGNMENT (( #3074 ) ) ;
#3049 = EDGE_CURVE ( 'NONE', #4323, #446, #804, .T. ) ;
#3050 = CARTESIAN_POINT ( 'NONE',  ( 0.6300000000000000044, 0.3231360000000000343, -0.3231360000000000343 ) ) ;
#3051 = SURFACE_SIDE_STYLE ('',( #2990 ) ) ;
#3052 = CARTESIAN_POINT ( 'NONE',  ( 0.2438448940973228229, 0.3281360000000000388, -0.2000942840048150206 ) ) ;
#3053 = ORIENTED_EDGE ( 'NONE', *, *, #254, .F. ) ;
#3054 = AXIS2_PLACEMENT_3D ( 'NONE', #2600, #1486, #3310 ) ;
#3055 = EDGE_CURVE ( 'NONE', #4125, #16, #2189, .T. ) ;
#3056 = CARTESIAN_POINT ( 'NONE',  ( 0.1499999999999999667, 0.3231360000000000343, -0.3300000000000000155 ) ) ;
#3057 = UNCERTAINTY_MEASURE_WITH_UNIT (LENGTH_MEASURE( 1.000000000000000082E-05 ), #1748, 'distance_accuracy_value', 'NONE');
#3058 = AXIS2_PLACEMENT_3D ( 'NONE', #4403, #3038, #4449 ) ;
#3059 = CARTESIAN_POINT ( 'NONE',  ( 0.1431359999999999855, 0.000000000000000000, 0.000000000000000000 ) ) ;
#3060 =( GEOMETRIC_REPRESENTATION_CONTEXT ( 3 ) GLOBAL_UNCERTAINTY_ASSIGNED_CONTEXT ( ( #1859 ) ) GLOBAL_UNIT_ASSIGNED_CONTEXT ( ( #1972, #904, #1267 ) ) REPRESENTATION_CONTEXT ( 'NONE', 'WORKASPACE' ) );
#3061 = VECTOR ( 'NONE', #990, 1000.000000000000000 ) ;
#3062 =( LENGTH_UNIT ( ) NAMED_UNIT ( * ) SI_UNIT ( .MILLI., .METRE. ) );
#3063 = CARTESIAN_POINT ( 'NONE',  ( 0.000000000000000000, 0.006863999999999998575, -0.3231360000000000343 ) ) ;
#3064 = MECHANICAL_DESIGN_GEOMETRIC_PRESENTATION_REPRESENTATION (  '', ( #2174 ), #146 ) ;
#3065 = MECHANICAL_DESIGN_GEOMETRIC_PRESENTATION_REPRESENTATION (  '', ( #2180 ), #1600 ) ;
#3066 = CARTESIAN_POINT ( 'NONE',  ( 0.3492638894570143648, 0.3281360000000000388, -0.1732479428933267340 ) ) ;
#3067 = STYLED_ITEM ( 'NONE', ( #3577 ), #2000 ) ;
#3068 = CARTESIAN_POINT ( 'NONE',  ( 0.2702598728827497743, 0.3281360000000000388, -0.2083447309874472686 ) ) ;
#3069 = DIRECTION ( 'NONE',  ( -0.2762517575166415496, 0.000000000000000000, 0.9610853065513833560 ) ) ;
#3070 = LINE ( 'NONE', #4423, #803 ) ;
#3071 = VECTOR ( 'NONE', #3464, 1000.000000000000000 ) ;
#3072 = VERTEX_POINT ( 'NONE', #1499 ) ;
#3073 = VECTOR ( 'NONE', #1160, 1000.000000000000000 ) ;
#3074 = SURFACE_STYLE_USAGE ( .BOTH. , #3450 ) ;
#3075 = LINE ( 'NONE', #1322, #775 ) ;
#3076 = VECTOR ( 'NONE', #3651, 1000.000000000000000 ) ;
#3077 = ORIENTED_EDGE ( 'NONE', *, *, #1250, .F. ) ;
#3078 = LINE ( 'NONE', #3829, #3367 ) ;
#3079 = PLANE ( 'NONE',  #4159 ) ;
#3080 = SURFACE_STYLE_USAGE ( .BOTH. , #1612 ) ;
#3081 = ORIENTED_EDGE ( 'NONE', *, *, #1336, .T. ) ;
#3082 = PRESENTATION_LAYER_ASSIGNMENT (  '', '', ( #91 ) ) ;
#3083 = EDGE_CURVE ( 'NONE', #4278, #3665, #2473, .T. ) ;
#3084 = CARTESIAN_POINT ( 'NONE',  ( 0.2979442931012975526, 0.3281360000000000388, -0.1649999999999999800 ) ) ;
#3085 = FILL_AREA_STYLE ('',( #3376 ) ) ;
#3086 = FILL_AREA_STYLE ('',( #1982 ) ) ;
#3087 = STYLED_ITEM ( 'NONE', ( #2578 ), #4284 ) ;
#3088 = LINE ( 'NONE', #3059, #2701 ) ;
#3089 = EDGE_CURVE ( 'NONE', #1856, #3046, #1794, .T. ) ;
#3090 =( NAMED_UNIT ( * ) SI_UNIT ( $, .STERADIAN. ) SOLID_ANGLE_UNIT ( ) );
#3091 = VERTEX_POINT ( 'NONE', #3523 ) ;
#3092 = CARTESIAN_POINT ( 'NONE',  ( 0.3564303293722252963, 0.3231360000000000343, -0.2000369535397830967 ) ) ;
#3093 = DIRECTION ( 'NONE',  ( 0.000000000000000000, 0.000000000000000000, -1.000000000000000000 ) ) ;
#3094 = ORIENTED_EDGE ( 'NONE', *, *, #3727, .F. ) ;
#3095 = PRESENTATION_STYLE_ASSIGNMENT (( #2752 ) ) ;
#3096 = ORIENTED_EDGE ( 'NONE', *, *, #451, .F. ) ;
#3097 = DIRECTION ( 'NONE',  ( 0.000000000000000000, 0.000000000000000000, -1.000000000000000000 ) ) ;
#3098 = CARTESIAN_POINT ( 'NONE',  ( 0.3718990113796860064, 0.3281360000000000388, -0.1650000000000000078 ) ) ;
#3099 = ORIENTED_EDGE ( 'NONE', *, *, #3033, .F. ) ;
#3100 = SURFACE_STYLE_USAGE ( .BOTH. , #2411 ) ;
#3101 = CARTESIAN_POINT ( 'NONE',  ( 0.1496989803924541895, 0.008874419053935570997, -0.008874419053935463444 ) ) ;
#3102 = ADVANCED_FACE ( 'NONE', ( #2211 ), #381, .F. ) ;
#3103 = EDGE_LOOP ( 'NONE', ( #2886, #3465, #4537 ) ) ;
#3104 =( NAMED_UNIT ( * ) PLANE_ANGLE_UNIT ( ) SI_UNIT ( $, .RADIAN. ) );
#3105 = EDGE_CURVE ( 'NONE', #3794, #4444, #84, .T. ) ;
#3106 = LINE ( 'NONE', #4531, #3353 ) ;
#3107 = FILL_AREA_STYLE ('',( #3026 ) ) ;
#3108 = CARTESIAN_POINT ( 'NONE',  ( 0.2270853522738247865, 0.3231360000000000343, -0.2083447309874472686 ) ) ;
#3109 = ADVANCED_FACE ( 'NONE', ( #80 ), #1459, .F. ) ;
#3110 = VERTEX_POINT ( 'NONE', #3366 ) ;
#3111 = PRESENTATION_STYLE_ASSIGNMENT (( #312 ) ) ;
#3112 = PRESENTATION_STYLE_ASSIGNMENT (( #2372 ) ) ;
#3113 = ORIENTED_EDGE ( 'NONE', *, *, #3789, .F. ) ;
#3114 = VECTOR ( 'NONE', #140, 1000.000000000000000 ) ;
#3115 = CARTESIAN_POINT ( 'NONE',  ( 0.2770545214029251913, 0.3231360000000000343, -0.1649999999999999800 ) ) ;
#3116 = FACE_OUTER_BOUND ( 'NONE', #3401, .T. ) ;
#3117 = ORIENTED_EDGE ( 'NONE', *, *, #3485, .T. ) ;
#3118 = CARTESIAN_POINT ( 'NONE',  ( 0.4800000000000001488, 0.006863999999999998575, 0.000000000000000000 ) ) ;
#3119 = CARTESIAN_POINT ( 'NONE',  ( 0.4800000000000001488, 0.3162719999999999421, -0.3231360000000000343 ) ) ;
#3120 = DIRECTION ( 'NONE',  ( -0.2729786930695101699, 0.000000000000000000, 0.9620200793798756589 ) ) ;
#3121 = ORIENTED_EDGE ( 'NONE', *, *, #177, .F. ) ;
#3122 =( GEOMETRIC_REPRESENTATION_CONTEXT ( 3 ) GLOBAL_UNCERTAINTY_ASSIGNED_CONTEXT ( ( #1264 ) ) GLOBAL_UNIT_ASSIGNED_CONTEXT ( ( #3062, #3987, #1209 ) ) REPRESENTATION_CONTEXT ( 'NONE', 'WORKASPACE' ) );
#3123 = CARTESIAN_POINT ( 'NONE',  ( 0.4800243980077934514, 0.01075576244253190032, -0.007494134006091194775 ) ) ;
#3124 = DIRECTION ( 'NONE',  ( 1.000000000000000000, 0.000000000000000000, 0.000000000000000000 ) ) ;
#3125 = COLOUR_RGB ( '',0.7686274509803920907, 0.7686274509803920907, 0.7686274509803920907 ) ;
#3126 = VERTEX_POINT ( 'NONE', #3322 ) ;
#3127 = VECTOR ( 'NONE', #482, 1000.000000000000000 ) ;
#3128 = LINE ( 'NONE', #2484, #559 ) ;
#3129 = DIRECTION ( 'NONE',  ( 0.000000000000000000, 0.000000000000000000, 1.000000000000000000 ) ) ;
#3130 = SURFACE_SIDE_STYLE ('',( #628 ) ) ;
#3131 = EDGE_CURVE ( 'NONE', #1643, #1373, #523, .T. ) ;
#3132 = LINE ( 'NONE', #3, #1813 ) ;
#3133 = CIRCLE ( 'NONE', #3722, 0.006863999999999980360 ) ;
#3134 = AXIS2_PLACEMENT_3D ( 'NONE', #2897, #2221, #2876 ) ;
#3135 = VERTEX_POINT ( 'NONE', #4373 ) ;
#3136 = CARTESIAN_POINT ( 'NONE',  ( 0.4803010196075459537, 0.3211255809460644706, -0.008874419053935498139 ) ) ;
#3137 = DIRECTION ( 'NONE',  ( -1.000000000000000000, 0.000000000000000000, 0.000000000000000000 ) ) ;
#3138 = ORIENTED_EDGE ( 'NONE', *, *, #3858, .T. ) ;
#3139 = MECHANICAL_DESIGN_GEOMETRIC_PRESENTATION_REPRESENTATION (  '', ( #579 ), #509 ) ;
#3140 = EDGE_CURVE ( 'NONE', #910, #1088, #2287, .T. ) ;
#3141 = CARTESIAN_POINT ( 'NONE',  ( 0.3595517425498618302, 0.3231360000000000343, -0.1650000000000000078 ) ) ;
#3142 = ORIENTED_EDGE ( 'NONE', *, *, #209, .T. ) ;
#3143 = SURFACE_STYLE_USAGE ( .BOTH. , #4223 ) ;
#3144 = AXIS2_PLACEMENT_3D ( 'NONE', #3396, #266, #1338 ) ;
#3145 = AXIS2_PLACEMENT_3D ( 'NONE', #3940, #2534, #2511 ) ;
#3146 = PLANE ( 'NONE',  #4164 ) ;
#3147 = ORIENTED_EDGE ( 'NONE', *, *, #788, .T. ) ;
#3148 = DIRECTION ( 'NONE',  ( -0.9985542843760947251, 0.000000000000000000, -0.05375259206908435117 ) ) ;
#3149 = DIRECTION ( 'NONE',  ( -0.9999999968487351953, 0.000000000000000000, -7.938847109670268325E-05 ) ) ;
#3150 = VECTOR ( 'NONE', #2341, 1000.000000000000000 ) ;
#3151 = ORIENTED_EDGE ( 'NONE', *, *, #4391, .F. ) ;
#3152 = ORIENTED_EDGE ( 'NONE', *, *, #3400, .F. ) ;
#3153 =( GEOMETRIC_REPRESENTATION_CONTEXT ( 3 ) GLOBAL_UNCERTAINTY_ASSIGNED_CONTEXT ( ( #189 ) ) GLOBAL_UNIT_ASSIGNED_CONTEXT ( ( #1118, #812, #1484 ) ) REPRESENTATION_CONTEXT ( 'NONE', 'WORKASPACE' ) );
#3154 = DIRECTION ( 'NONE',  ( 1.000000000000000000, 0.000000000000000000, 0.000000000000000000 ) ) ;
#3155 = CARTESIAN_POINT ( 'NONE',  ( 0.1498392912664616716, 0.009474702031016272660, -0.3216593882714204877 ) ) ;
#3156 =( LENGTH_UNIT ( ) NAMED_UNIT ( * ) SI_UNIT ( .MILLI., .METRE. ) );
#3157 = ORIENTED_EDGE ( 'NONE', *, *, #3458, .F. ) ;
#3158 = DIRECTION ( 'NONE',  ( 1.000000000000000000, 0.000000000000000000, 0.000000000000000000 ) ) ;
#3159 = EDGE_LOOP ( 'NONE', ( #1956, #3019, #1792, #2725 ) ) ;
#3160 = CARTESIAN_POINT ( 'NONE',  ( 0.4868640000000001300, 0.3231360000000000343, -0.3231360000000000343 ) ) ;
#3161 = DIRECTION ( 'NONE',  ( 0.000000000000000000, -1.000000000000000000, 0.000000000000000000 ) ) ;
#3162 = ORIENTED_EDGE ( 'NONE', *, *, #2744, .F. ) ;
#3163 = CARTESIAN_POINT ( 'NONE',  ( 0.3214207890201735141, 0.3281360000000000388, -0.2083447309874472686 ) ) ;
#3164 = CARTESIAN_POINT ( 'NONE',  ( 0.4800243980077934514, 0.3192442375574681690, -0.3225058659939087913 ) ) ;
#3165 = EDGE_CURVE ( 'NONE', #905, #3991, #1913, .T. ) ;
#3166 = EDGE_LOOP ( 'NONE', ( #2809, #373, #3679, #950 ) ) ;
#3167 = CARTESIAN_POINT ( 'NONE',  ( 0.3342214298028541308, 0.3281360000000000388, -0.1920307211585037532 ) ) ;
#3168 = DIRECTION ( 'NONE',  ( -0.2759782365590802145, 0.000000000000000000, 0.9611638845408937426 ) ) ;
#3169 = DIRECTION ( 'NONE',  ( -0.000000000000000000, -1.000000000000000000, -0.000000000000000000 ) ) ;
#3170 = ORIENTED_EDGE ( 'NONE', *, *, #3529, .T. ) ;
#3171 = ORIENTED_EDGE ( 'NONE', *, *, #3249, .F. ) ;
#3172 = CARTESIAN_POINT ( 'NONE',  ( 0.1499589692013616471, 0.3223866080530971012, -0.01060933587112232110 ) ) ;
#3173 = ORIENTED_EDGE ( 'NONE', *, *, #4003, .T. ) ;
#3174 = LINE ( 'NONE', #1060, #2013 ) ;
#3175 = SURFACE_STYLE_USAGE ( .BOTH. , #1431 ) ;
#3176 = ORIENTED_EDGE ( 'NONE', *, *, #2395, .T. ) ;
#3177 = DIRECTION ( 'NONE',  ( 0.000000000000000000, 0.000000000000000000, 1.000000000000000000 ) ) ;
#3178 = CARTESIAN_POINT ( 'NONE',  ( 0.2792175273593778262, 0.3231360000000000343, -0.2035886746902791367 ) ) ;
#3179 = ORIENTED_EDGE ( 'NONE', *, *, #4507, .T. ) ;
#3180 = CARTESIAN_POINT ( 'NONE',  ( 0.2870519459192984457, 0.3281360000000000388, -0.1773786982585502658 ) ) ;
#3181 = DIRECTION ( 'NONE',  ( 1.000000000000000000, -0.000000000000000000, -0.000000000000000000 ) ) ;
#3182 = DIRECTION ( 'NONE',  ( 1.000000000000000000, 0.000000000000000000, -0.000000000000000000 ) ) ;
#3183 = EDGE_LOOP ( 'NONE', ( #2042, #3407, #3739, #1195 ) ) ;
#3184 = EDGE_CURVE ( 'NONE', #1844, #3027, #2936, .T. ) ;
#3185 = VECTOR ( 'NONE', #3694, 1000.000000000000000 ) ;
#3186 = CARTESIAN_POINT ( 'NONE',  ( 0.1431359999999999855, 0.006863999999999998575, 0.000000000000000000 ) ) ;
#3187 = ORIENTED_EDGE ( 'NONE', *, *, #995, .F. ) ;
#3188 = VERTEX_POINT ( 'NONE', #4396 ) ;
#3189 = VECTOR ( 'NONE', #3161, 1000.000000000000000 ) ;
#3190 = EDGE_CURVE ( 'NONE', #759, #3538, #1251, .T. ) ;
#3191 = DIRECTION ( 'NONE',  ( 1.000000000000000000, -0.000000000000000000, -0.000000000000000000 ) ) ;
#3192 = VECTOR ( 'NONE', #3700, 1000.000000000000000 ) ;
#3193 = STYLED_ITEM ( 'NONE', ( #1700 ), #965 ) ;
#3194 =( BOUNDED_CURVE ( )  B_SPLINE_CURVE ( 3, ( #2234, #3642, #1892, #3298 ),
 .UNSPECIFIED., .F., .F. ) 
 B_SPLINE_CURVE_WITH_KNOTS ( ( 4, 4 ),
 ( 1.570796326794896558, 1.868047687429713832 ),
 .UNSPECIFIED. ) 
 CURVE ( )  GEOMETRIC_REPRESENTATION_ITEM ( )  RATIONAL_B_SPLINE_CURVE ( ( 1.000000000000000000, 0.9926503465769137557, 0.9926503465769137557, 1.000000000000000000 ) ) 
 REPRESENTATION_ITEM ( '' )  );
#3195 = CARTESIAN_POINT ( 'NONE',  ( 0.2392128561161614708, 0.3281360000000000388, -0.1840192170104030800 ) ) ;
#3196 = ORIENTED_EDGE ( 'NONE', *, *, #391, .F. ) ;
#3197 =( LENGTH_UNIT ( ) NAMED_UNIT ( * ) SI_UNIT ( .MILLI., .METRE. ) );
#3198 = VECTOR ( 'NONE', #3737, 1000.000000000000000 ) ;
#3199 = FILL_AREA_STYLE_COLOUR ( '', #513 ) ;
#3200 = ORIENTED_EDGE ( 'NONE', *, *, #751, .F. ) ;
#3201 = STYLED_ITEM ( 'NONE', ( #4365 ), #2664 ) ;
#3202 = DIRECTION ( 'NONE',  ( 0.000000000000000000, 0.000000000000000000, 1.000000000000000000 ) ) ;
#3203 = FACE_OUTER_BOUND ( 'NONE', #1365, .T. ) ;
#3204 = ORIENTED_EDGE ( 'NONE', *, *, #472, .T. ) ;
#3205 = CARTESIAN_POINT ( 'NONE',  ( 0.3141752726016238118, 0.3281360000000000388, -0.1649999999999999800 ) ) ;
#3206 = SURFACE_STYLE_USAGE ( .BOTH. , #2236 ) ;
#3207 = VERTEX_POINT ( 'NONE', #569 ) ;
#3208 = STYLED_ITEM ( 'NONE', ( #4046 ), #1809 ) ;
#3209 = PRESENTATION_LAYER_ASSIGNMENT (  '', '', ( #1599 ) ) ;
#3210 = PRESENTATION_LAYER_ASSIGNMENT (  '', '', ( #4166 ) ) ;
#3211 = CARTESIAN_POINT ( 'NONE',  ( 0.1499999999999999667, 0.006863999999999980360, -0.01372799999999996072 ) ) ;
#3212 = CARTESIAN_POINT ( 'NONE',  ( 0.1431359999999999855, 0.000000000000000000, 0.000000000000000000 ) ) ;
#3213 = EDGE_LOOP ( 'NONE', ( #4354, #3534, #2569, #1172 ) ) ;
#3214 = ADVANCED_FACE ( 'NONE', ( #2661 ), #1624, .F. ) ;
#3215 = ORIENTED_EDGE ( 'NONE', *, *, #1994, .T. ) ;
#3216 = VECTOR ( 'NONE', #1572, 1000.000000000000000 ) ;
#3217 = MECHANICAL_DESIGN_GEOMETRIC_PRESENTATION_REPRESENTATION (  '', ( #2247 ), #3504 ) ;
#3218 = CARTESIAN_POINT ( 'NONE',  ( 0.2635931964690577112, 0.3281360000000000388, -0.2000942840048150206 ) ) ;
#3219 = MECHANICAL_DESIGN_GEOMETRIC_PRESENTATION_REPRESENTATION (  '', ( #1308 ), #1895 ) ;
#3220 = CARTESIAN_POINT ( 'NONE',  ( 0.4800018883147387228, 0.007060134606194662203, -0.01194778499682352078 ) ) ;
#3221 = EDGE_CURVE ( 'NONE', #3369, #1709, #927, .T. ) ;
#3222 = ADVANCED_FACE ( 'NONE', ( #907 ), #4008, .F. ) ;
#3223 = VECTOR ( 'NONE', #4177, 1000.000000000000000 ) ;
#3224 = FILL_AREA_STYLE ('',( #99 ) ) ;
#3225 = ORIENTED_EDGE ( 'NONE', *, *, #4032, .T. ) ;
#3226 = PRODUCT_DEFINITION_SHAPE ( 'NONE', 'NONE',  #3045 ) ;
#3227 = VERTEX_POINT ( 'NONE', #2979 ) ;
#3228 =( NAMED_UNIT ( * ) PLANE_ANGLE_UNIT ( ) SI_UNIT ( $, .RADIAN. ) );
#3229 = UNCERTAINTY_MEASURE_WITH_UNIT (LENGTH_MEASURE( 1.000000000000000082E-05 ), #268, 'distance_accuracy_value', 'NONE');
#3230 = ORIENTED_EDGE ( 'NONE', *, *, #987, .T. ) ;
#3231 = CARTESIAN_POINT ( 'NONE',  ( 0.2601712925782482810, 0.3281360000000000388, -0.1732463613633699606 ) ) ;
#3232 = CARTESIAN_POINT ( 'NONE',  ( 0.006863999999999980360, 0.3300000000000000155, -0.3300000000000000155 ) ) ;
#3233 = FILL_AREA_STYLE ('',( #2941 ) ) ;
#3234 = VERTEX_POINT ( 'NONE', #172 ) ;
#3235 = FILL_AREA_STYLE ('',( #3283 ) ) ;
#3236 = CARTESIAN_POINT ( 'NONE',  ( 0.1499423768336785867, 0.01006745277735300072, -0.3221273600266552628 ) ) ;
#3237 = ORIENTED_EDGE ( 'NONE', *, *, #3281, .T. ) ;
#3238 = VERTEX_POINT ( 'NONE', #1953 ) ;
#3239 = ADVANCED_FACE ( 'NONE', ( #1189 ), #3736, .T. ) ;
#3240 = SURFACE_SIDE_STYLE ('',( #3517 ) ) ;
#3241 = CARTESIAN_POINT ( 'NONE',  ( 0.4868640000000001300, 0.3231360000000000343, -0.006863999999999998575 ) ) ;
#3242 = DIRECTION ( 'NONE',  ( 0.000000000000000000, 1.000000000000000000, 0.000000000000000000 ) ) ;
#3243 = EDGE_CURVE ( 'NONE', #3110, #1911, #478, .T. ) ;
#3244 =( NAMED_UNIT ( * ) PLANE_ANGLE_UNIT ( ) SI_UNIT ( $, .RADIAN. ) );
#3245 = ORIENTED_EDGE ( 'NONE', *, *, #1471, .T. ) ;
#3246 =( NAMED_UNIT ( * ) PLANE_ANGLE_UNIT ( ) SI_UNIT ( $, .RADIAN. ) );
#3247 = CARTESIAN_POINT ( 'NONE',  ( 0.4801607087335384993, 0.008340611728579510470, -0.3205252979689837689 ) ) ;
#3248 = VERTEX_POINT ( 'NONE', #1290 ) ;
#3249 = EDGE_CURVE ( 'NONE', #2756, #1091, #4167, .T. ) ;
#3250 = CARTESIAN_POINT ( 'NONE',  ( 0.3319353280894461466, 0.3281360000000000388, -0.1840192170103121527 ) ) ;
#3251 = ORIENTED_EDGE ( 'NONE', *, *, #2085, .F. ) ;
#3252 = CARTESIAN_POINT ( 'NONE',  ( 0.1499981116852613650, 0.3180522150031765416, -0.3229398653938053143 ) ) ;
#3253 = LINE ( 'NONE', #1137, #3127 ) ;
#3254 = CARTESIAN_POINT ( 'NONE',  ( 0.2659364968533158291, 0.3281360000000000388, -0.2083447309874472686 ) ) ;
#3255 = ORIENTED_EDGE ( 'NONE', *, *, #3105, .T. ) ;
#3256 = CARTESIAN_POINT ( 'NONE',  ( 0.3342214298028541308, 0.3231360000000000343, -0.1920307211585037532 ) ) ;
#3257 = CARTESIAN_POINT ( 'NONE',  ( 0.1496989803924541895, 0.3211255809460644706, -0.008874419053935498139 ) ) ;
#3258 = LINE ( 'NONE', #2173, #1223 ) ;
#3259 =( GEOMETRIC_REPRESENTATION_CONTEXT ( 3 ) GLOBAL_UNCERTAINTY_ASSIGNED_CONTEXT ( ( #754 ) ) GLOBAL_UNIT_ASSIGNED_CONTEXT ( ( #3616, #2467, #4436 ) ) REPRESENTATION_CONTEXT ( 'NONE', 'WORKASPACE' ) );
#3260 =( NAMED_UNIT ( * ) PLANE_ANGLE_UNIT ( ) SI_UNIT ( $, .RADIAN. ) );
#3261 = ORIENTED_EDGE ( 'NONE', *, *, #2298, .T. ) ;
#3262 = LINE ( 'NONE', #25, #4251 ) ;
#3263 =( NAMED_UNIT ( * ) SI_UNIT ( $, .STERADIAN. ) SOLID_ANGLE_UNIT ( ) );
#3264 = SURFACE_SIDE_STYLE ('',( #2507 ) ) ;
#3265 = STYLED_ITEM ( 'NONE', ( #2515 ), #530 ) ;
#3266 = CARTESIAN_POINT ( 'NONE',  ( 0.3214207890201735141, 0.3281360000000000388, -0.2083447309874472686 ) ) ;
#3267 = CARTESIAN_POINT ( 'NONE',  ( -0.02114064624411809284, 0.3231359999999999233, -0.01923640047652913979 ) ) ;
#3268 = CARTESIAN_POINT ( 'NONE',  ( 0.6300000000000000044, 0.000000000000000000, 0.000000000000000000 ) ) ;
#3269 = LINE ( 'NONE', #398, #2965 ) ;
#3270 =( LENGTH_UNIT ( ) NAMED_UNIT ( * ) SI_UNIT ( .MILLI., .METRE. ) );
#3271 = SURFACE_SIDE_STYLE ('',( #3618 ) ) ;
#3272 = VERTEX_POINT ( 'NONE', #1988 ) ;
#3273 = COLOUR_RGB ( '',0.7686274509803920907, 0.7686274509803920907, 0.7686274509803920907 ) ;
#3274 = EDGE_CURVE ( 'NONE', #3272, #1613, #2704, .T. ) ;
#3275 =( LENGTH_UNIT ( ) NAMED_UNIT ( * ) SI_UNIT ( .MILLI., .METRE. ) );
#3276 = ORIENTED_EDGE ( 'NONE', *, *, #3961, .T. ) ;
#3277 = LINE ( 'NONE', #3205, #2345 ) ;
#3278 = FACE_OUTER_BOUND ( 'NONE', #2991, .T. ) ;
#3279 = CARTESIAN_POINT ( 'NONE',  ( 0.3962247889799387912, 0.3281360000000000388, -0.2083447309874472686 ) ) ;
#3280 = ORIENTED_EDGE ( 'NONE', *, *, #1810, .F. ) ;
#3281 = EDGE_CURVE ( 'NONE', #1061, #2169, #1037, .T. ) ;
#3282 = AXIS2_PLACEMENT_3D ( 'NONE', #3645, #4080, #2286 ) ;
#3283 = FILL_AREA_STYLE_COLOUR ( '', #296 ) ;
#3284 = DIRECTION ( 'NONE',  ( 0.000000000000000000, -1.000000000000000000, 0.000000000000000000 ) ) ;
#3285 = COLOUR_RGB ( '',0.7686274509803920907, 0.7686274509803920907, 0.7686274509803920907 ) ;
#3286 = STYLED_ITEM ( 'NONE', ( #2244 ), #1676 ) ;
#3287 = CARTESIAN_POINT ( 'NONE',  ( 0.006863999999999980360, 0.006863999999999998575, -0.006863999999999998575 ) ) ;
#3288 = VERTEX_POINT ( 'NONE', #2369 ) ;
#3289 = PRESENTATION_LAYER_ASSIGNMENT (  '', '', ( #3801 ) ) ;
#3290 = STYLED_ITEM ( 'NONE', ( #613 ), #2081 ) ;
#3291 = DIRECTION ( 'NONE',  ( -0.9615323037684321283, 0.000000000000000000, -0.2746918797667153300 ) ) ;
#3292 = AXIS2_PLACEMENT_3D ( 'NONE', #1821, #102, #1473 ) ;
#3293 = CARTESIAN_POINT ( 'NONE',  ( 0.4800000000000001488, 0.006863999999999980360, -0.01372799999999996072 ) ) ;
#3294 = CARTESIAN_POINT ( 'NONE',  ( 0.6300000000000000044, 0.3231360000000000343, -0.006863999999999998575 ) ) ;
#3295 = MECHANICAL_DESIGN_GEOMETRIC_PRESENTATION_REPRESENTATION (  '', ( #2037 ), #11 ) ;
#3296 = ORIENTED_EDGE ( 'NONE', *, *, #2827, .F. ) ;
#3297 = CARTESIAN_POINT ( 'NONE',  ( 0.4800000000000001488, 0.3231360000000000343, -0.3162720000000000531 ) ) ;
#3298 = CARTESIAN_POINT ( 'NONE',  ( 0.4803010196075459537, 0.3211255809460644706, -0.3211255809460644706 ) ) ;
#3299 = VECTOR ( 'NONE', #1029, 1000.000000000000000 ) ;
#3300 = ADVANCED_FACE ( 'NONE', ( #291 ), #3755, .F. ) ;
#3301 = EDGE_LOOP ( 'NONE', ( #1889, #2976, #3053, #3746 ) ) ;
#3302 = FACE_OUTER_BOUND ( 'NONE', #47, .T. ) ;
#3303 = CARTESIAN_POINT ( 'NONE',  ( 0.3342214298028541308, 0.3281360000000000388, -0.1920307211585037532 ) ) ;
#3304 =( NAMED_UNIT ( * ) SI_UNIT ( $, .STERADIAN. ) SOLID_ANGLE_UNIT ( ) );
#3305 = ORIENTED_EDGE ( 'NONE', *, *, #417, .T. ) ;
#3306 = AXIS2_PLACEMENT_3D ( 'NONE', #3268, #2531, #3893 ) ;
#3307 =( LENGTH_UNIT ( ) NAMED_UNIT ( * ) SI_UNIT ( .MILLI., .METRE. ) );
#3308 = EDGE_CURVE ( 'NONE', #3997, #2210, #1659, .T. ) ;
#3309 = LINE ( 'NONE', #3718, #3150 ) ;
#3310 = DIRECTION ( 'NONE',  ( 1.000000000000000000, 0.000000000000000000, 0.000000000000000000 ) ) ;
#3311 = EDGE_CURVE ( 'NONE', #4535, #2908, #310, .T. ) ;
#3312 = DIRECTION ( 'NONE',  ( 1.000000000000000000, 0.000000000000000000, 0.000000000000000000 ) ) ;
#3313 = VERTEX_POINT ( 'NONE', #1641 ) ;
#3314 = ADVANCED_FACE ( 'NONE', ( #2062 ), #4512, .T. ) ;
#3315 = LINE ( 'NONE', #2584, #4337 ) ;
#3316 = DIRECTION ( 'NONE',  ( 1.000000000000000000, 0.000000000000000000, 0.000000000000000000 ) ) ;
#3317 = CARTESIAN_POINT ( 'NONE',  ( 0.6231360000000000232, 0.000000000000000000, -0.3300000000000000155 ) ) ;
#3318 = CARTESIAN_POINT ( 'NONE',  ( 0.3696076378993875533, 0.3231360000000000343, -0.1999756692496419686 ) ) ;
#3319 = CARTESIAN_POINT ( 'NONE',  ( 0.2270853522738247865, 0.3281360000000000388, -0.2083447309874472686 ) ) ;
#3320 = LINE ( 'NONE', #4192, #941 ) ;
#3321 = ORIENTED_EDGE ( 'NONE', *, *, #2970, .F. ) ;
#3322 = CARTESIAN_POINT ( 'NONE',  ( 0.4800000000000001488, 0.3162719999999999421, -0.3231360000000000343 ) ) ;
#3323 = CARTESIAN_POINT ( 'NONE',  ( 0.3469234885446096928, 0.3231360000000000343, -0.1649999999999999800 ) ) ;
#3324 = FILL_AREA_STYLE ('',( #951 ) ) ;
#3325 = ORIENTED_EDGE ( 'NONE', *, *, #2285, .F. ) ;
#3326 = FILL_AREA_STYLE_COLOUR ( '', #3819 ) ;
#3327 = CARTESIAN_POINT ( 'NONE',  ( 0.1431359999999999855, 0.3300000000000000155, 0.000000000000000000 ) ) ;
#3328 = SURFACE_STYLE_FILL_AREA ( #2296 ) ;
#3329 = VERTEX_POINT ( 'NONE', #3802 ) ;
#3330 = EDGE_CURVE ( 'NONE', #2797, #1823, #657, .T. ) ;
#3331 = CYLINDRICAL_SURFACE ( 'NONE', #4255, 0.006863999999999980360 ) ;
#3332 = DIRECTION ( 'NONE',  ( 0.9984327301130246912, 0.000000000000000000, 0.05596501978068186417 ) ) ;
#3333 = FILL_AREA_STYLE ('',( #1926 ) ) ;
#3334 = MECHANICAL_DESIGN_GEOMETRIC_PRESENTATION_REPRESENTATION (  '', ( #4140 ), #1789 ) ;
#3335 = EDGE_CURVE ( 'NONE', #1613, #1033, #4534, .T. ) ;
#3336 = MECHANICAL_DESIGN_GEOMETRIC_PRESENTATION_REPRESENTATION (  '', ( #3047 ), #1355 ) ;
#3337 = SURFACE_STYLE_USAGE ( .BOTH. , #3684 ) ;
#3338 = LINE ( 'NONE', #3319, #935 ) ;
#3339 = CARTESIAN_POINT ( 'NONE',  ( 0.006863999999999980360, 0.3231360000000000343, -0.3231360000000000343 ) ) ;
#3340 = ORIENTED_EDGE ( 'NONE', *, *, #4007, .T. ) ;
#3341 = AXIS2_PLACEMENT_3D ( 'NONE', #3725, #3413, #262 ) ;
#3342 = UNCERTAINTY_MEASURE_WITH_UNIT (LENGTH_MEASURE( 1.000000000000000082E-05 ), #1362, 'distance_accuracy_value', 'NONE');
#3343 =( NAMED_UNIT ( * ) PLANE_ANGLE_UNIT ( ) SI_UNIT ( $, .RADIAN. ) );
#3344 = CARTESIAN_POINT ( 'NONE',  ( 0.1431359999999999577, 0.3231360000000000343, -0.3300000000000000155 ) ) ;
#3345 =( GEOMETRIC_REPRESENTATION_CONTEXT ( 3 ) GLOBAL_UNCERTAINTY_ASSIGNED_CONTEXT ( ( #1478 ) ) GLOBAL_UNIT_ASSIGNED_CONTEXT ( ( #763, #1466, #2243 ) ) REPRESENTATION_CONTEXT ( 'NONE', 'WORKASPACE' ) );
#3346 = SURFACE_STYLE_USAGE ( .BOTH. , #1915 ) ;
#3347 = EDGE_LOOP ( 'NONE', ( #2036, #360, #764, #344 ) ) ;
#3348 = DIRECTION ( 'NONE',  ( 1.000000000000000000, 0.000000000000000000, 0.000000000000000000 ) ) ;
#3349 =( LENGTH_UNIT ( ) NAMED_UNIT ( * ) SI_UNIT ( .MILLI., .METRE. ) );
#3350 = PRESENTATION_STYLE_ASSIGNMENT (( #2315 ) ) ;
#3351 = LINE ( 'NONE', #1632, #1374 ) ;
#3352 = ORIENTED_EDGE ( 'NONE', *, *, #58, .T. ) ;
#3353 = VECTOR ( 'NONE', #1313, 1000.000000000000227 ) ;
#3354 = VECTOR ( 'NONE', #3182, 1000.000000000000000 ) ;
#3355 = CARTESIAN_POINT ( 'NONE',  ( 0.4803010196075459537, 0.3211255809460644706, -0.3211255809460644706 ) ) ;
#3356 = EDGE_CURVE ( 'NONE', #1033, #2577, #3132, .T. ) ;
#3357 = STYLED_ITEM ( 'NONE', ( #4431 ), #1775 ) ;
#3358 = VECTOR ( 'NONE', #125, 1000.000000000000000 ) ;
#3359 = PRESENTATION_LAYER_ASSIGNMENT (  '', '', ( #579 ) ) ;
#3360 = EDGE_CURVE ( 'NONE', #4278, #401, #1406, .T. ) ;
#3361 = CARTESIAN_POINT ( 'NONE',  ( 0.1499999999999999667, 0.01372799999999997980, -0.3162720000000000531 ) ) ;
#3362 =( NAMED_UNIT ( * ) SI_UNIT ( $, .STERADIAN. ) SOLID_ANGLE_UNIT ( ) );
#3363 = EDGE_CURVE ( 'NONE', #4350, #2456, #1882, .T. ) ;
#3364 = CARTESIAN_POINT ( 'NONE',  ( 0.1499589692013616749, 0.007613391946902885697, -0.3193906641288776216 ) ) ;
#3365 = EDGE_LOOP ( 'NONE', ( #3117, #2793, #192, #2980 ) ) ;
#3366 = CARTESIAN_POINT ( 'NONE',  ( 0.2068507293713538198, 0.3231360000000000343, -0.1885350125314009251 ) ) ;
#3367 = VECTOR ( 'NONE', #277, 1000.000000000000000 ) ;
#3368 = FACE_OUTER_BOUND ( 'NONE', #2489, .T. ) ;
#3369 = VERTEX_POINT ( 'NONE', #2901 ) ;
#3370 =( LENGTH_UNIT ( ) NAMED_UNIT ( * ) SI_UNIT ( .MILLI., .METRE. ) );
#3371 = AXIS2_PLACEMENT_3D ( 'NONE', #2521, #2218, #3606 ) ;
#3372 = CARTESIAN_POINT ( 'NONE',  ( 0.2635931964690577112, 0.3281360000000000388, -0.2000942840048150206 ) ) ;
#3373 = DIRECTION ( 'NONE',  ( 0.2755520632520533919, 0.000000000000000000, -0.9612861490927331332 ) ) ;
#3374 = MECHANICAL_DESIGN_GEOMETRIC_PRESENTATION_REPRESENTATION (  '', ( #3443 ), #1906 ) ;
#3375 = ORIENTED_EDGE ( 'NONE', *, *, #4146, .F. ) ;
#3376 = FILL_AREA_STYLE_COLOUR ( '', #729 ) ;
#3377 = CARTESIAN_POINT ( 'NONE',  ( 0.2601712925782482810, 0.3281360000000000388, -0.1732463613633699606 ) ) ;
#3378 = UNCERTAINTY_MEASURE_WITH_UNIT (LENGTH_MEASURE( 1.000000000000000082E-05 ), #2764, 'distance_accuracy_value', 'NONE');
#3379 = SURFACE_STYLE_USAGE ( .BOTH. , #1285 ) ;
#3380 = DIRECTION ( 'NONE',  ( -1.000000000000000000, 0.000000000000000000, 0.000000000000000000 ) ) ;
#3381 = SURFACE_SIDE_STYLE ('',( #1638 ) ) ;
#3382 = ADVANCED_FACE ( 'NONE', ( #517 ), #1490, .F. ) ;
#3383 = DIRECTION ( 'NONE',  ( 1.000000000000000000, 0.000000000000000000, 0.000000000000000000 ) ) ;
#3384 = ORIENTED_EDGE ( 'NONE', *, *, #1705, .F. ) ;
#3385 = DIRECTION ( 'NONE',  ( -0.000000000000000000, 0.000000000000000000, 1.000000000000000000 ) ) ;
#3386 = EDGE_CURVE ( 'NONE', #3719, #2456, #3262, .T. ) ;
#3387 = DIRECTION ( 'NONE',  ( 1.000000000000000000, -0.000000000000000000, -0.000000000000000000 ) ) ;
#3388 = SURFACE_STYLE_FILL_AREA ( #4014 ) ;
#3389 = FACE_OUTER_BOUND ( 'NONE', #1541, .T. ) ;
#3390 = SURFACE_SIDE_STYLE ('',( #2650 ) ) ;
#3391 = ORIENTED_EDGE ( 'NONE', *, *, #177, .T. ) ;
#3392 =( LENGTH_UNIT ( ) NAMED_UNIT ( * ) SI_UNIT ( .MILLI., .METRE. ) );
#3393 = CARTESIAN_POINT ( 'NONE',  ( 0.006863999999999980360, 0.000000000000000000, -0.3231360000000000343 ) ) ;
#3394 = SPHERICAL_SURFACE ( 'NONE', #2471, 0.006863999999999998575 ) ;
#3395 = VECTOR ( 'NONE', #3562, 1000.000000000000000 ) ;
#3396 = CARTESIAN_POINT ( 'NONE',  ( 0.2339148621824383434, 0.3281360000000000388, -0.2083447309874472686 ) ) ;
#3397 = VERTEX_POINT ( 'NONE', #355 ) ;
#3398 = SPHERICAL_SURFACE ( 'NONE', #1881, 0.006863999999999998575 ) ;
#3399 = PLANE ( 'NONE',  #224 ) ;
#3400 = EDGE_CURVE ( 'NONE', #16, #3227, #2808, .T. ) ;
#3401 = EDGE_LOOP ( 'NONE', ( #4282, #3204, #661, #4260 ) ) ;
#3402 = PRESENTATION_LAYER_ASSIGNMENT (  '', '', ( #1934 ) ) ;
#3403 = DIRECTION ( 'NONE',  ( 1.000000000000000000, 0.000000000000000000, 0.000000000000000000 ) ) ;
#3404 = CYLINDRICAL_SURFACE ( 'NONE', #4245, 0.006863999999999980360 ) ;
#3405 = LINE ( 'NONE', #998, #3189 ) ;
#3406 = AXIS2_PLACEMENT_3D ( 'NONE', #3021, #1263, #202 ) ;
#3407 = ORIENTED_EDGE ( 'NONE', *, *, #2943, .F. ) ;
#3408 = DIRECTION ( 'NONE',  ( -0.000000000000000000, -0.000000000000000000, 1.000000000000000000 ) ) ;
#3409 = SURFACE_STYLE_FILL_AREA ( #1998 ) ;
#3410 = EDGE_CURVE ( 'NONE', #3665, #1627, #2440, .T. ) ;
#3411 = VERTEX_POINT ( 'NONE', #725 ) ;
#3412 = DIRECTION ( 'NONE',  ( 0.2755520632520533919, 0.000000000000000000, -0.9612861490927331332 ) ) ;
#3413 = DIRECTION ( 'NONE',  ( 1.000000000000000000, 3.948871548971097722E-15, -0.000000000000000000 ) ) ;
#3414 = DIRECTION ( 'NONE',  ( 1.000000000000000000, 0.000000000000000000, 0.000000000000000000 ) ) ;
#3415 = VECTOR ( 'NONE', #2697, 1000.000000000000000 ) ;
#3416 = AXIS2_PLACEMENT_3D ( 'NONE', #4153, #3505, #2051 ) ;
#3417 = CARTESIAN_POINT ( 'NONE',  ( 0.4868640000000001300, 0.3231360000000000343, -0.006863999999999998575 ) ) ;
#3418 = PRESENTATION_LAYER_ASSIGNMENT (  '', '', ( #4482 ) ) ;
#3419 = VECTOR ( 'NONE', #699, 1000.000000000000000 ) ;
#3420 = SURFACE_STYLE_USAGE ( .BOTH. , #2745 ) ;
#3421 = ORIENTED_EDGE ( 'NONE', *, *, #3083, .T. ) ;
#3422 = CARTESIAN_POINT ( 'NONE',  ( 0.006863999999999998575, 0.3231360000000000343, -0.3231360000000000343 ) ) ;
#3423 = DIRECTION ( 'NONE',  ( -1.000000000000000000, 0.000000000000000000, 0.000000000000000000 ) ) ;
#3424 = STYLED_ITEM ( 'NONE', ( #4440 ), #3239 ) ;
#3425 = ORIENTED_EDGE ( 'NONE', *, *, #592, .F. ) ;
#3426 = STYLED_ITEM ( 'NONE', ( #3043 ), #2348 ) ;
#3427 = EDGE_CURVE ( 'NONE', #109, #1560, #2111, .T. ) ;
#3428 = PRESENTATION_STYLE_ASSIGNMENT (( #2019 ) ) ;
#3429 = CIRCLE ( 'NONE', #1457, 0.006864000000000007248 ) ;
#3430 = EDGE_LOOP ( 'NONE', ( #1271, #508, #1034, #3638 ) ) ;
#3431 = CARTESIAN_POINT ( 'NONE',  ( 0.1996982596732767012, 0.3231360000000000343, -0.2083447309874472686 ) ) ;
#3432 = DIRECTION ( 'NONE',  ( -0.6995643972270444433, 0.000000000000000000, -0.7145695586381790587 ) ) ;
#3433 = PLANE ( 'NONE',  #3944 ) ;
#3434 = VERTEX_POINT ( 'NONE', #1907 ) ;
#3435 = AXIS2_PLACEMENT_3D ( 'NONE', #3744, #2620, #2668 ) ;
#3436 = EDGE_CURVE ( 'NONE', #1776, #1707, #447, .T. ) ;
#3437 = EDGE_CURVE ( 'NONE', #1319, #2637, #3657, .T. ) ;
#3438 = FACE_OUTER_BOUND ( 'NONE', #4047, .T. ) ;
#3439 = DIRECTION ( 'NONE',  ( -0.05375259206908435117, 0.000000000000000000, 0.9985542843760947251 ) ) ;
#3440 = DIRECTION ( 'NONE',  ( 1.000000000000000000, 0.000000000000000000, 0.000000000000000000 ) ) ;
#3441 = AXIS2_PLACEMENT_3D ( 'NONE', #3478, #3815, #2452 ) ;
#3442 = EDGE_LOOP ( 'NONE', ( #3854, #1453, #2065, #1327 ) ) ;
#3443 = STYLED_ITEM ( 'NONE', ( #1927 ), #1230 ) ;
#3444 = ADVANCED_FACE ( 'NONE', ( #837 ), #1857, .F. ) ;
#3445 = DIRECTION ( 'NONE',  ( 0.000000000000000000, 0.000000000000000000, -1.000000000000000000 ) ) ;
#3446 = CARTESIAN_POINT ( 'NONE',  ( 0.4801010828025516486, 0.008221728497963494420, -0.008221728497963484011 ) ) ;
#3447 = DIRECTION ( 'NONE',  ( 0.3725077383644724294, 0.000000000000000000, 0.9280290862136735264 ) ) ;
#3448 = FILL_AREA_STYLE ('',( #1408 ) ) ;
#3449 = ORIENTED_EDGE ( 'NONE', *, *, #589, .T. ) ;
#3450 = SURFACE_SIDE_STYLE ('',( #617 ) ) ;
#3451 = SURFACE_STYLE_FILL_AREA ( #1733 ) ;
#3452 = ORIENTED_EDGE ( 'NONE', *, *, #230, .T. ) ;
#3453 = FACE_OUTER_BOUND ( 'NONE', #1117, .T. ) ;
#3454 = DIRECTION ( 'NONE',  ( 0.000000000000000000, 0.000000000000000000, 1.000000000000000000 ) ) ;
#3455 = ORIENTED_EDGE ( 'NONE', *, *, #2355, .F. ) ;
#3456 = CARTESIAN_POINT ( 'NONE',  ( 0.4800018883147387228, 0.3180522150031764861, -0.007060134606194639652 ) ) ;
#3457 = CARTESIAN_POINT ( 'NONE',  ( 0.6231360000000000232, 0.006863999999999998575, -0.3231360000000000343 ) ) ;
#3458 = EDGE_CURVE ( 'NONE', #2707, #2665, #3315, .T. ) ;
#3459 = ORIENTED_EDGE ( 'NONE', *, *, #3692, .F. ) ;
#3460 = FILL_AREA_STYLE_COLOUR ( '', #1721 ) ;
#3461 = FILL_AREA_STYLE ('',( #4121 ) ) ;
#3462 = FILL_AREA_STYLE ('',( #676 ) ) ;
#3463 = EDGE_CURVE ( 'NONE', #2868, #1095, #3980, .T. ) ;
#3464 = DIRECTION ( 'NONE',  ( -0.000000000000000000, -1.000000000000000000, -0.000000000000000000 ) ) ;
#3465 = ORIENTED_EDGE ( 'NONE', *, *, #878, .T. ) ;
#3466 = CYLINDRICAL_SURFACE ( 'NONE', #281, 0.006863999999999980360 ) ;
#3467 = CARTESIAN_POINT ( 'NONE',  ( 0.4868640000000001300, 0.006863999999999998575, -0.3300000000000000155 ) ) ;
#3468 = ORIENTED_EDGE ( 'NONE', *, *, #1280, .F. ) ;
#3469 = AXIS2_PLACEMENT_3D ( 'NONE', #1788, #452, #1427 ) ;
#3470 = B_SPLINE_CURVE_WITH_KNOTS ( 'NONE', 3,
 ( #481, #2939, #807, #3603, #1848, #3252, #4324, #127, #1502, #829 ),
 .UNSPECIFIED., .F., .F.,
 ( 4, 3, 3, 4 ),
 ( 0.000000000000000000, 2.160490663711835492E-06, 4.309586043780124629E-06, 5.372024843952125168E-06 ),
 .UNSPECIFIED. ) ;
#3471 =( NAMED_UNIT ( * ) SI_UNIT ( $, .STERADIAN. ) SOLID_ANGLE_UNIT ( ) );
#3472 = ORIENTED_EDGE ( 'NONE', *, *, #1781, .T. ) ;
#3473 = CARTESIAN_POINT ( 'NONE',  ( 0.1431359999999999577, 0.006863999999999998575, -0.3231360000000000343 ) ) ;
#3474 =( GEOMETRIC_REPRESENTATION_CONTEXT ( 3 ) GLOBAL_UNCERTAINTY_ASSIGNED_CONTEXT ( ( #1166 ) ) GLOBAL_UNIT_ASSIGNED_CONTEXT ( ( #2092, #274, #1042 ) ) REPRESENTATION_CONTEXT ( 'NONE', 'WORKASPACE' ) );
#3475 = SURFACE_STYLE_USAGE ( .BOTH. , #1696 ) ;
#3476 = ORIENTED_EDGE ( 'NONE', *, *, #1944, .F. ) ;
#3477 = STYLED_ITEM ( 'NONE', ( #1812 ), #842 ) ;
#3478 = CARTESIAN_POINT ( 'NONE',  ( 0.6231360000000000232, 0.000000000000000000, -0.3231360000000000343 ) ) ;
#3479 = CARTESIAN_POINT ( 'NONE',  ( 0.4802434761475143365, 0.009062268845815761240, -0.008686569262248226495 ) ) ;
#3480 = CARTESIAN_POINT ( 'NONE',  ( 0.3365673660705036929, 0.3231360000000000343, -0.2000928342688697570 ) ) ;
#3481 = VERTEX_POINT ( 'NONE', #2948 ) ;
#3482 = VECTOR ( 'NONE', #3508, 1000.000000000000000 ) ;
#3483 = EDGE_LOOP ( 'NONE', ( #3352, #2382, #1739 ) ) ;
#3484 = AXIS2_PLACEMENT_3D ( 'NONE', #4202, #4152, #2023 ) ;
#3485 = EDGE_CURVE ( 'NONE', #1095, #1523, #2249, .T. ) ;
#3486 = CARTESIAN_POINT ( 'NONE',  ( 0.2886098390511607770, 0.3231360000000000343, -0.1649999999999999800 ) ) ;
#3487 = PRESENTATION_STYLE_ASSIGNMENT (( #1747 ) ) ;
#3488 = FILL_AREA_STYLE_COLOUR ( '', #2526 ) ;
#3489 = EDGE_CURVE ( 'NONE', #4551, #122, #2627, .T. ) ;
#3490 = EDGE_CURVE ( 'NONE', #3492, #3411, #3429, .T. ) ;
#3491 = CARTESIAN_POINT ( 'NONE',  ( 0.3505338581016901878, 0.3281360000000000388, -0.1840192170103121527 ) ) ;
#3492 = VERTEX_POINT ( 'NONE', #603 ) ;
#3493 = CARTESIAN_POINT ( 'NONE',  ( 0.6231360000000000232, 0.000000000000000000, 0.000000000000000000 ) ) ;
#3494 = CARTESIAN_POINT ( 'NONE',  ( 0.2702598728827497743, 0.3231360000000000343, -0.2083447309874472686 ) ) ;
#3495 = ORIENTED_EDGE ( 'NONE', *, *, #2943, .T. ) ;
#3496 = VECTOR ( 'NONE', #2376, 1000.000000000000000 ) ;
#3497 = CIRCLE ( 'NONE', #1010, 0.006863999999999998575 ) ;
#3498 = DIRECTION ( 'NONE',  ( 0.000000000000000000, -1.000000000000000000, 0.000000000000000000 ) ) ;
#3499 = FACE_OUTER_BOUND ( 'NONE', #4270, .T. ) ;
#3500 = ORIENTED_EDGE ( 'NONE', *, *, #4266, .F. ) ;
#3501 = CARTESIAN_POINT ( 'NONE',  ( 0.4800000000000001488, 0.3231360000000000343, -0.3300000000000000155 ) ) ;
#3502 = FILL_AREA_STYLE_COLOUR ( '', #861 ) ;
#3503 = PRESENTATION_LAYER_ASSIGNMENT (  '', '', ( #2560 ) ) ;
#3504 =( GEOMETRIC_REPRESENTATION_CONTEXT ( 3 ) GLOBAL_UNCERTAINTY_ASSIGNED_CONTEXT ( ( #3057 ) ) GLOBAL_UNIT_ASSIGNED_CONTEXT ( ( #1748, #1405, #1492 ) ) REPRESENTATION_CONTEXT ( 'NONE', 'WORKASPACE' ) );
#3505 = DIRECTION ( 'NONE',  ( 0.000000000000000000, -1.000000000000000000, 0.000000000000000000 ) ) ;
#3506 = ORIENTED_EDGE ( 'NONE', *, *, #3463, .F. ) ;
#3507 = CARTESIAN_POINT ( 'NONE',  ( 0.2681375912907623116, 0.3281360000000000388, -0.1649999999999999800 ) ) ;
#3508 = DIRECTION ( 'NONE',  ( 1.000000000000000000, 0.000000000000000000, 0.000000000000000000 ) ) ;
#3509 = VECTOR ( 'NONE', #2068, 1000.000000000000000 ) ;
#3510 = ORIENTED_EDGE ( 'NONE', *, *, #1538, .T. ) ;
#3511 = ORIENTED_EDGE ( 'NONE', *, *, #3221, .T. ) ;
#3512 = PRESENTATION_LAYER_ASSIGNMENT (  '', '', ( #3595 ) ) ;
#3513 = CARTESIAN_POINT ( 'NONE',  ( 0.1498514366517493535, 0.3216232719316838295, -0.009372110039554829367 ) ) ;
#3514 = UNCERTAINTY_MEASURE_WITH_UNIT (LENGTH_MEASURE( 1.000000000000000082E-05 ), #1194, 'distance_accuracy_value', 'NONE');
#3515 = CARTESIAN_POINT ( 'NONE',  ( 0.4799999999999892131, 0.006863999999999369737, -0.01336979853204960100 ) ) ;
#3516 = PRESENTATION_LAYER_ASSIGNMENT (  '', '', ( #3443 ) ) ;
#3517 = SURFACE_STYLE_FILL_AREA ( #697 ) ;
#3518 = DIRECTION ( 'NONE',  ( 0.002813301676023789288, 0.000000000000000000, -0.9999960426590096541 ) ) ;
#3519 =( LENGTH_UNIT ( ) NAMED_UNIT ( * ) SI_UNIT ( .MILLI., .METRE. ) );
#3520 = DIRECTION ( 'NONE',  ( 0.9610664548998910650, 0.000000000000000000, 0.2763173343569956808 ) ) ;
#3521 = EDGE_LOOP ( 'NONE', ( #3425, #1101, #2938 ) ) ;
#3522 = EDGE_CURVE ( 'NONE', #2652, #2908, #2995, .T. ) ;
#3523 = CARTESIAN_POINT ( 'NONE',  ( 0.1496989803924542173, 0.008874419053935515486, -0.3211255809460644706 ) ) ;
#3524 = FILL_AREA_STYLE_COLOUR ( '', #4142 ) ;
#3525 = ORIENTED_EDGE ( 'NONE', *, *, #2520, .T. ) ;
#3526 = LINE ( 'NONE', #4351, #443 ) ;
#3527 = CARTESIAN_POINT ( 'NONE',  ( 0.6300000000000000044, 0.3231360000000000343, -0.006863999999999998575 ) ) ;
#3528 = ORIENTED_EDGE ( 'NONE', *, *, #4197, .T. ) ;
#3529 = EDGE_CURVE ( 'NONE', #3985, #3238, #2002, .T. ) ;
#3530 = DIRECTION ( 'NONE',  ( 0.000000000000000000, 0.000000000000000000, -1.000000000000000000 ) ) ;
#3531 = CARTESIAN_POINT ( 'NONE',  ( 0.1499947403365570475, 0.01124788913744373745, -0.007287707430616467003 ) ) ;
#3532 = DIRECTION ( 'NONE',  ( 0.000000000000000000, -1.000000000000000000, 0.000000000000000000 ) ) ;
#3533 = ORIENTED_EDGE ( 'NONE', *, *, #3545, .F. ) ;
#3534 = ORIENTED_EDGE ( 'NONE', *, *, #1104, .T. ) ;
#3535 = CARTESIAN_POINT ( 'NONE',  ( 0.6300000000000000044, 0.006863999999999998575, 0.000000000000000000 ) ) ;
#3536 = FILL_AREA_STYLE_COLOUR ( '', #1372 ) ;
#3537 = CARTESIAN_POINT ( 'NONE',  ( 0.2361433698422951144, 0.3281360000000000388, -0.1732463613633699606 ) ) ;
#3538 = VERTEX_POINT ( 'NONE', #901 ) ;
#3539 = FACE_OUTER_BOUND ( 'NONE', #2192, .T. ) ;
#3540 = PRESENTATION_STYLE_ASSIGNMENT (( #1522 ) ) ;
#3541 = VERTEX_POINT ( 'NONE', #3724 ) ;
#3542 = PRESENTATION_LAYER_ASSIGNMENT (  '', '', ( #976 ) ) ;
#3543 = DIRECTION ( 'NONE',  ( 1.000000000000000000, 0.000000000000000000, -0.000000000000000000 ) ) ;
#3544 = UNCERTAINTY_MEASURE_WITH_UNIT (LENGTH_MEASURE( 1.000000000000000082E-05 ), #351, 'distance_accuracy_value', 'NONE');
#3545 = EDGE_CURVE ( 'NONE', #2071, #1607, #1981, .T. ) ;
#3546 = ORIENTED_EDGE ( 'NONE', *, *, #641, .T. ) ;
#3547 = CARTESIAN_POINT ( 'NONE',  ( 0.4868640000000001300, 0.006863999999999998575, -0.006863999999999980360 ) ) ;
#3548 = DIRECTION ( 'NONE',  ( 1.000000000000000000, -0.000000000000000000, -0.000000000000000000 ) ) ;
#3549 = ORIENTED_EDGE ( 'NONE', *, *, #510, .F. ) ;
#3550 = COLOUR_RGB ( '',0.6470588235294117974, 0.5176470588235293491, 0.000000000000000000 ) ;
#3551 = DIRECTION ( 'NONE',  ( 0.000000000000000000, 0.000000000000000000, 1.000000000000000000 ) ) ;
#3552 = AXIS2_PLACEMENT_3D ( 'NONE', #2020, #3761, #1413 ) ;
#3553 = EDGE_CURVE ( 'NONE', #2797, #3207, #2276, .T. ) ;
#3554 = DIRECTION ( 'NONE',  ( -0.2765379750249969404, 0.000000000000000000, 0.9610029908221275896 ) ) ;
#3555 = ADVANCED_FACE ( 'NONE', ( #884 ), #3331, .T. ) ;
#3556 = ORIENTED_EDGE ( 'NONE', *, *, #3678, .F. ) ;
#3557 = VERTEX_POINT ( 'NONE', #4454 ) ;
#3558 = VECTOR ( 'NONE', #394, 1000.000000000000000 ) ;
#3559 = SURFACE_SIDE_STYLE ('',( #1837 ) ) ;
#3560 = UNCERTAINTY_MEASURE_WITH_UNIT (LENGTH_MEASURE( 1.000000000000000082E-05 ), #2714, 'distance_accuracy_value', 'NONE');
#3561 = VECTOR ( 'NONE', #2628, 1000.000000000000000 ) ;
#3562 = DIRECTION ( 'NONE',  ( 0.000000000000000000, -1.000000000000000000, 0.000000000000000000 ) ) ;
#3563 = AXIS2_PLACEMENT_3D ( 'NONE', #3186, #741, #3124 ) ;
#3564 =( LENGTH_UNIT ( ) NAMED_UNIT ( * ) SI_UNIT ( .MILLI., .METRE. ) );
#3565 = ORIENTED_EDGE ( 'NONE', *, *, #2914, .F. ) ;
#3566 = PRESENTATION_STYLE_ASSIGNMENT (( #2157 ) ) ;
#3567 = VECTOR ( 'NONE', #2544, 1000.000000000000000 ) ;
#3568 = FACE_OUTER_BOUND ( 'NONE', #1002, .T. ) ;
#3569 = ORIENTED_EDGE ( 'NONE', *, *, #1110, .F. ) ;
#3570 = VECTOR ( 'NONE', #961, 1000.000000000000000 ) ;
#3571 = AXIS2_PLACEMENT_3D ( 'NONE', #4091, #1722, #3129 ) ;
#3572 = LINE ( 'NONE', #752, #287 ) ;
#3573 = CARTESIAN_POINT ( 'NONE',  ( 0.6300000000000000044, 0.006863999999999998575, -0.006863999999999998575 ) ) ;
#3574 = ORIENTED_EDGE ( 'NONE', *, *, #4057, .F. ) ;
#3575 = LINE ( 'NONE', #2139, #2716 ) ;
#3576 = CARTESIAN_POINT ( 'NONE',  ( 0.006863999999999998575, 0.006863999999999998575, -0.006863999999999998575 ) ) ;
#3577 = PRESENTATION_STYLE_ASSIGNMENT (( #4376 ) ) ;
#3578 = AXIS2_PLACEMENT_3D ( 'NONE', #1909, #207, #844 ) ;
#3579 = ORIENTED_EDGE ( 'NONE', *, *, #3437, .F. ) ;
#3580 = VECTOR ( 'NONE', #221, 1000.000000000000000 ) ;
#3581 = DIRECTION ( 'NONE',  ( 0.000000000000000000, 0.000000000000000000, -1.000000000000000000 ) ) ;
#3582 = VECTOR ( 'NONE', #4326, 1000.000000000000000 ) ;
#3583 = PRESENTATION_STYLE_ASSIGNMENT (( #2144 ) ) ;
#3584 = CARTESIAN_POINT ( 'NONE',  ( 0.4800000000000001488, 0.01372799999999997633, -0.3231360000000000343 ) ) ;
#3585 = LINE ( 'NONE', #112, #4241 ) ;
#3586 = ORIENTED_EDGE ( 'NONE', *, *, #4420, .F. ) ;
#3587 = ORIENTED_EDGE ( 'NONE', *, *, #839, .F. ) ;
#3588 = VECTOR ( 'NONE', #3554, 1000.000000000000000 ) ;
#3589 = ADVANCED_FACE ( 'NONE', ( #1306 ), #2673, .T. ) ;
#3590 = VECTOR ( 'NONE', #1552, 1000.000000000000114 ) ;
#3591 = DIRECTION ( 'NONE',  ( 1.000000000000000000, -0.000000000000000000, 0.000000000000000000 ) ) ;
#3592 = ADVANCED_FACE ( 'NONE', ( #1764 ), #740, .F. ) ;
#3593 = VECTOR ( 'NONE', #1097, 999.9999999999998863 ) ;
#3594 = EDGE_LOOP ( 'NONE', ( #3825, #3261, #3758, #1074, #2524, #1603, #730, #1461 ) ) ;
#3595 = STYLED_ITEM ( 'NONE', ( #4013 ), #4369 ) ;
#3596 = CARTESIAN_POINT ( 'NONE',  ( 0.4800105301632431876, 0.007244062095797820962, -0.3185243421708192080 ) ) ;
#3597 = ORIENTED_EDGE ( 'NONE', *, *, #3553, .F. ) ;
#3598 = MECHANICAL_DESIGN_GEOMETRIC_PRESENTATION_REPRESENTATION (  '', ( #20 ), #4265 ) ;
#3599 =( NAMED_UNIT ( * ) SI_UNIT ( $, .STERADIAN. ) SOLID_ANGLE_UNIT ( ) );
#3600 = DIRECTION ( 'NONE',  ( 0.000000000000000000, 0.000000000000000000, 1.000000000000000000 ) ) ;
#3601 = UNCERTAINTY_MEASURE_WITH_UNIT (LENGTH_MEASURE( 1.000000000000000082E-05 ), #654, 'distance_accuracy_value', 'NONE');
#3602 = VERTEX_POINT ( 'NONE', #3792 ) ;
#3603 = CARTESIAN_POINT ( 'NONE',  ( 0.1499589692013616749, 0.3193906641288777881, -0.3223866080530970457 ) ) ;
#3604 = CARTESIAN_POINT ( 'NONE',  ( 0.006863999999999980360, 0.3231360000000000343, -0.006863999999999998575 ) ) ;
#3605 = ORIENTED_EDGE ( 'NONE', *, *, #97, .F. ) ;
#3606 = DIRECTION ( 'NONE',  ( 0.000000000000000000, 0.000000000000000000, -1.000000000000000000 ) ) ;
#3607 = CARTESIAN_POINT ( 'NONE',  ( 0.1497565238524858344, 0.008686569262248271597, -0.009062268845815716137 ) ) ;
#3608 = CARTESIAN_POINT ( 'NONE',  ( 0.4801607087335384993, 0.3216593882714204877, -0.009474702031016258783 ) ) ;
#3609 = ORIENTED_EDGE ( 'NONE', *, *, #411, .T. ) ;
#3610 = DIRECTION ( 'NONE',  ( -0.000000000000000000, 1.000000000000000000, -0.000000000000000000 ) ) ;
#3611 = CARTESIAN_POINT ( 'NONE',  ( 0.6300000000000000044, 0.3231360000000000343, 0.000000000000000000 ) ) ;
#3612 = EDGE_CURVE ( 'NONE', #1523, #1242, #1031, .T. ) ;
#3613 = DIRECTION ( 'NONE',  ( 0.000000000000000000, 0.000000000000000000, -1.000000000000000000 ) ) ;
#3614 =( LENGTH_UNIT ( ) NAMED_UNIT ( * ) SI_UNIT ( .MILLI., .METRE. ) );
#3615 = EDGE_CURVE ( 'NONE', #3234, #4350, #1454, .T. ) ;
#3616 =( LENGTH_UNIT ( ) NAMED_UNIT ( * ) SI_UNIT ( .MILLI., .METRE. ) );
#3617 = DIRECTION ( 'NONE',  ( 0.000000000000000000, 0.000000000000000000, 1.000000000000000000 ) ) ;
#3618 = SURFACE_STYLE_FILL_AREA ( #4269 ) ;
#3619 = ORIENTED_EDGE ( 'NONE', *, *, #2999, .T. ) ;
#3620 = CARTESIAN_POINT ( 'NONE',  ( -0.02114064624411809284, 0.3231359999999999233, -0.01923640047652913979 ) ) ;
#3621 = CARTESIAN_POINT ( 'NONE',  ( 0.3214207890201735141, 0.3231360000000000343, -0.2083447309874472686 ) ) ;
#3622 = ORIENTED_EDGE ( 'NONE', *, *, #331, .T. ) ;
#3623 = DIRECTION ( 'NONE',  ( -1.000000000000000000, -0.000000000000000000, 0.000000000000000000 ) ) ;
#3624 =( NAMED_UNIT ( * ) SI_UNIT ( $, .STERADIAN. ) SOLID_ANGLE_UNIT ( ) );
#3625 = DIRECTION ( 'NONE',  ( 1.000000000000000000, 0.000000000000000000, 0.000000000000000000 ) ) ;
#3626 = EDGE_LOOP ( 'NONE', ( #3888, #3988, #301, #825 ) ) ;
#3627 = CARTESIAN_POINT ( 'NONE',  ( 0.1431359999999999577, 0.006863999999999998575, -0.006863999999999980360 ) ) ;
#3628 = CARTESIAN_POINT ( 'NONE',  ( 0.1499423768336785867, 0.007872639973344766617, -0.01006745277735300592 ) ) ;
#3629 = SURFACE_STYLE_FILL_AREA ( #2523 ) ;
#3630 = COLOUR_RGB ( '',0.6470588235294117974, 0.5176470588235293491, 0.000000000000000000 ) ;
#3631 = VERTEX_POINT ( 'NONE', #1007 ) ;
#3632 = VECTOR ( 'NONE', #3935, 1000.000000000000000 ) ;
#3633 = DIRECTION ( 'NONE',  ( -0.7059037656364479663, 0.000000000000000000, 0.7083077534943992282 ) ) ;
#3634 = CARTESIAN_POINT ( 'NONE',  ( 0.1873565261986910591, 0.3281360000000000388, -0.2083447309874472686 ) ) ;
#3635 = PLANE ( 'NONE',  #1154 ) ;
#3636 = SURFACE_STYLE_USAGE ( .BOTH. , #767 ) ;
#3637 = FILL_AREA_STYLE ('',( #1567 ) ) ;
#3638 = ORIENTED_EDGE ( 'NONE', *, *, #3553, .T. ) ;
#3639 = VECTOR ( 'NONE', #3169, 1000.000000000000000 ) ;
#3640 = EDGE_CURVE ( 'NONE', #380, #3912, #2279, .T. ) ;
#3641 = EDGE_CURVE ( 'NONE', #1796, #1319, #2454, .T. ) ;
#3642 = CARTESIAN_POINT ( 'NONE',  ( 0.4800000000000000933, 0.3224533729468246901, -0.3224533729468246901 ) ) ;
#3643 = PRESENTATION_LAYER_ASSIGNMENT (  '', '', ( #2010 ) ) ;
#3644 = FILL_AREA_STYLE ('',( #2614 ) ) ;
#3645 = CARTESIAN_POINT ( 'NONE',  ( 0.4868640000000001300, 0.006863999999999998575, 0.000000000000000000 ) ) ;
#3646 = VERTEX_POINT ( 'NONE', #2412 ) ;
#3647 = AXIS2_PLACEMENT_3D ( 'NONE', #3344, #4036, #4398 ) ;
#3648 = EDGE_CURVE ( 'NONE', #1068, #22, #2101, .T. ) ;
#3649 =( NAMED_UNIT ( * ) SI_UNIT ( $, .STERADIAN. ) SOLID_ANGLE_UNIT ( ) );
#3650 = CARTESIAN_POINT ( 'NONE',  ( 0.2068507293713538198, 0.3231360000000000343, -0.1885350125314009251 ) ) ;
#3651 = DIRECTION ( 'NONE',  ( -1.000000000000000000, 0.000000000000000000, 0.000000000000000000 ) ) ;
#3652 = AXIS2_PLACEMENT_3D ( 'NONE', #1655, #1309, #1679 ) ;
#3653 = VECTOR ( 'NONE', #3373, 1000.000000000000114 ) ;
#3654 = FACE_OUTER_BOUND ( 'NONE', #1025, .T. ) ;
#3655 = ORIENTED_EDGE ( 'NONE', *, *, #2146, .F. ) ;
#3656 = MECHANICAL_DESIGN_GEOMETRIC_PRESENTATION_REPRESENTATION (  '', ( #3067 ), #2925 ) ;
#3657 = LINE ( 'NONE', #1562, #2404 ) ;
#3658 = CARTESIAN_POINT ( 'NONE',  ( 0.1499999999999999667, 0.3231360000000000343, -0.01372799999999996072 ) ) ;
#3659 = CIRCLE ( 'NONE', #4238, 0.006863999999999998575 ) ;
#3660 = DIRECTION ( 'NONE',  ( 0.9610348236706642844, 0.000000000000000000, 0.2764273280489743523 ) ) ;
#3661 = VECTOR ( 'NONE', #960, 999.9999999999998863 ) ;
#3662 = DIRECTION ( 'NONE',  ( -0.2763173343569956808, 0.000000000000000000, 0.9610664548998910650 ) ) ;
#3663 = FILL_AREA_STYLE ('',( #4393 ) ) ;
#3664 = VECTOR ( 'NONE', #3097, 1000.000000000000000 ) ;
#3665 = VERTEX_POINT ( 'NONE', #669 ) ;
#3666 = CARTESIAN_POINT ( 'NONE',  ( 0.4799999999999892131, 0.3231360000000006449, -0.3166302014679504007 ) ) ;
#3667 = PRESENTATION_STYLE_ASSIGNMENT (( #2264 ) ) ;
#3668 = LINE ( 'NONE', #4464, #2698 ) ;
#3669 = SURFACE_STYLE_FILL_AREA ( #242 ) ;
#3670 = ADVANCED_FACE ( 'NONE', ( #4206 ), #1050, .F. ) ;
#3671 = VERTEX_POINT ( 'NONE', #320 ) ;
#3672 = DIRECTION ( 'NONE',  ( 0.000000000000000000, 0.000000000000000000, -1.000000000000000000 ) ) ;
#3673 = LINE ( 'NONE', #4042, #4183 ) ;
#3674 = PRESENTATION_STYLE_ASSIGNMENT (( #2314 ) ) ;
#3675 = PRESENTATION_STYLE_ASSIGNMENT (( #2272 ) ) ;
#3676 =( BOUNDED_CURVE ( )  B_SPLINE_CURVE ( 3, ( #2107, #2437, #2079, #1055 ),
 .UNSPECIFIED., .F., .F. ) 
 B_SPLINE_CURVE_WITH_KNOTS ( ( 4, 4 ),
 ( 1.570796326794895226, 1.868047687429712944 ),
 .UNSPECIFIED. ) 
 CURVE ( )  GEOMETRIC_REPRESENTATION_ITEM ( )  RATIONAL_B_SPLINE_CURVE ( ( 1.000000000000000000, 0.9926503465769137557, 0.9926503465769137557, 1.000000000000000000 ) ) 
 REPRESENTATION_ITEM ( '' )  );
#3677 = CARTESIAN_POINT ( 'NONE',  ( 0.1499999999999999667, 0.01372799999999997633, -0.3231360000000000343 ) ) ;
#3678 = EDGE_CURVE ( 'NONE', #3046, #2637, #2736, .T. ) ;
#3679 = ORIENTED_EDGE ( 'NONE', *, *, #1393, .F. ) ;
#3680 =( NAMED_UNIT ( * ) PLANE_ANGLE_UNIT ( ) SI_UNIT ( $, .RADIAN. ) );
#3681 = CARTESIAN_POINT ( 'NONE',  ( 0.3505338581016901878, 0.3231360000000000343, -0.1840192170103121527 ) ) ;
#3682 = DIRECTION ( 'NONE',  ( 1.000000000000000000, 3.948871548971108766E-15, 0.000000000000000000 ) ) ;
#3683 = APPLICATION_PROTOCOL_DEFINITION ( 'draft international standard', 'automotive_design', 1998, #1950 ) ;
#3684 = SURFACE_SIDE_STYLE ('',( #2591 ) ) ;
#3685 = CARTESIAN_POINT ( 'NONE',  ( 0.6300000000000000044, 0.3231360000000000343, 0.000000000000000000 ) ) ;
#3686 = VERTEX_POINT ( 'NONE', #2385 ) ;
#3687 = FILL_AREA_STYLE ('',( #1914 ) ) ;
#3688 = CARTESIAN_POINT ( 'NONE',  ( 0.1499999999999999667, 0.3231360000000000343, -0.3231360000000000343 ) ) ;
#3689 = ORIENTED_EDGE ( 'NONE', *, *, #1701, .F. ) ;
#3690 =( LENGTH_UNIT ( ) NAMED_UNIT ( * ) SI_UNIT ( .MILLI., .METRE. ) );
#3691 = CARTESIAN_POINT ( 'NONE',  ( 0.1499756019922066641, 0.3225058659939087913, -0.3192442375574681690 ) ) ;
#3692 = EDGE_CURVE ( 'NONE', #401, #1627, #1420, .T. ) ;
#3693 = CARTESIAN_POINT ( 'NONE',  ( 0.6300000000000000044, 0.000000000000000000, 0.000000000000000000 ) ) ;
#3694 = DIRECTION ( 'NONE',  ( 1.000000000000000000, 0.000000000000000000, -0.000000000000000000 ) ) ;
#3695 = FILL_AREA_STYLE ('',( #3763 ) ) ;
#3696 = ORIENTED_EDGE ( 'NONE', *, *, #3400, .T. ) ;
#3697 = EDGE_CURVE ( 'NONE', #2138, #1161, #516, .T. ) ;
#3698 = EDGE_CURVE ( 'NONE', #2456, #3778, #3702, .T. ) ;
#3699 = CARTESIAN_POINT ( 'NONE',  ( 0.6231360000000000232, 0.006863999999999998575, 0.000000000000000000 ) ) ;
#3700 = DIRECTION ( 'NONE',  ( 0.000000000000000000, -1.000000000000000000, 0.000000000000000000 ) ) ;
#3701 = FILL_AREA_STYLE ('',( #903 ) ) ;
#3702 = B_SPLINE_CURVE_WITH_KNOTS ( 'NONE', 3,
 ( #4136, #648, #2032, #1352, #88, #4302, #465, #2874, #1509, #855 ),
 .UNSPECIFIED., .F., .F.,
 ( 4, 3, 3, 4 ),
 ( 1.098696750294625416E-19, 2.284207375754368652E-06, 4.573131809475227808E-06, 5.378086119801689111E-06 ),
 .UNSPECIFIED. ) ;
#3703 = MECHANICAL_DESIGN_GEOMETRIC_PRESENTATION_REPRESENTATION (  '', ( #1934 ), #3122 ) ;
#3704 = LINE ( 'NONE', #4392, #2896 ) ;
#3705 = PRESENTATION_STYLE_ASSIGNMENT (( #1246 ) ) ;
#3706 = PLANE ( 'NONE',  #1163 ) ;
#3707 = ORIENTED_EDGE ( 'NONE', *, *, #2368, .F. ) ;
#3708 = CIRCLE ( 'NONE', #1873, 0.006864000000000007248 ) ;
#3709 = UNCERTAINTY_MEASURE_WITH_UNIT (LENGTH_MEASURE( 1.000000000000000082E-05 ), #1098, 'distance_accuracy_value', 'NONE');
#3710 = DIRECTION ( 'NONE',  ( 0.2762517575166415496, 0.000000000000000000, -0.9610853065513834670 ) ) ;
#3711 = FACE_OUTER_BOUND ( 'NONE', #3950, .T. ) ;
#3712 = AXIS2_PLACEMENT_3D ( 'NONE', #1421, #2823, #670 ) ;
#3713 = ORIENTED_EDGE ( 'NONE', *, *, #691, .F. ) ;
#3714 =( NAMED_UNIT ( * ) PLANE_ANGLE_UNIT ( ) SI_UNIT ( $, .RADIAN. ) );
#3715 = MECHANICAL_DESIGN_GEOMETRIC_PRESENTATION_REPRESENTATION (  '', ( #1513 ), #3936 ) ;
#3716 = DIRECTION ( 'NONE',  ( 0.000000000000000000, -1.000000000000000000, 0.000000000000000000 ) ) ;
#3717 = CARTESIAN_POINT ( 'NONE',  ( 0.4868640000000001300, 0.006863999999999998575, -0.006863999999999998575 ) ) ;
#3718 = CARTESIAN_POINT ( 'NONE',  ( 0.3528225956985452938, 0.3281360000000000388, -0.1920307211585037532 ) ) ;
#3719 = VERTEX_POINT ( 'NONE', #2849 ) ;
#3720 = PRESENTATION_LAYER_ASSIGNMENT (  '', '', ( #1150 ) ) ;
#3721 = EDGE_CURVE ( 'NONE', #4154, #1068, #4332, .T. ) ;
#3722 = AXIS2_PLACEMENT_3D ( 'NONE', #560, #2950, #2301 ) ;
#3723 = MECHANICAL_DESIGN_GEOMETRIC_PRESENTATION_REPRESENTATION (  '', ( #3208 ), #3799 ) ;
#3724 = CARTESIAN_POINT ( 'NONE',  ( 0.6231360000000000232, 0.3231360000000000343, 0.000000000000000000 ) ) ;
#3725 = CARTESIAN_POINT ( 'NONE',  ( 0.1431359999999999577, 0.006863999999999998575, -0.006863999999999998575 ) ) ;
#3726 =( LENGTH_UNIT ( ) NAMED_UNIT ( * ) SI_UNIT ( .MILLI., .METRE. ) );
#3727 = EDGE_CURVE ( 'NONE', #3671, #2542, #1465, .T. ) ;
#3728 = MECHANICAL_DESIGN_GEOMETRIC_PRESENTATION_REPRESENTATION (  '', ( #719 ), #2397 ) ;
#3729 = SURFACE_SIDE_STYLE ('',( #3796 ) ) ;
#3730 = SURFACE_SIDE_STYLE ('',( #563 ) ) ;
#3731 = AXIS2_PLACEMENT_3D ( 'NONE', #2889, #732, #104 ) ;
#3732 = VECTOR ( 'NONE', #1597, 1000.000000000000000 ) ;
#3733 = LINE ( 'NONE', #497, #3774 ) ;
#3734 =( LENGTH_UNIT ( ) NAMED_UNIT ( * ) SI_UNIT ( .MILLI., .METRE. ) );
#3735 = ADVANCED_FACE ( 'NONE', ( #2550 ), #1119, .F. ) ;
#3736 = SPHERICAL_SURFACE ( 'NONE', #1674, 0.006863999999999998575 ) ;
#3737 = DIRECTION ( 'NONE',  ( 0.000000000000000000, -1.000000000000000000, 0.000000000000000000 ) ) ;
#3738 = FILL_AREA_STYLE_COLOUR ( '', #720 ) ;
#3739 = ORIENTED_EDGE ( 'NONE', *, *, #501, .F. ) ;
#3740 = SPHERICAL_SURFACE ( 'NONE', #3922, 0.006863999999999998575 ) ;
#3741 = VECTOR ( 'NONE', #2846, 1000.000000000000000 ) ;
#3742 = FACE_OUTER_BOUND ( 'NONE', #2715, .T. ) ;
#3743 = FACE_OUTER_BOUND ( 'NONE', #4494, .T. ) ;
#3744 = CARTESIAN_POINT ( 'NONE',  ( 0.4868640000000001300, 0.006863999999999998575, -0.006863999999999998575 ) ) ;
#3745 = DIRECTION ( 'NONE',  ( 0.2746459304917039379, 0.000000000000000000, -0.9615454294334438989 ) ) ;
#3746 = ORIENTED_EDGE ( 'NONE', *, *, #9, .F. ) ;
#3747 = SURFACE_SIDE_STYLE ('',( #4410 ) ) ;
#3748 = LINE ( 'NONE', #3681, #1142 ) ;
#3749 = VERTEX_POINT ( 'NONE', #4279 ) ;
#3750 = SPHERICAL_SURFACE ( 'NONE', #3652, 0.006863999999999998575 ) ;
#3751 = EDGE_CURVE ( 'NONE', #1911, #2707, #3955, .T. ) ;
#3752 = FILL_AREA_STYLE ('',( #4097 ) ) ;
#3753 = FACE_OUTER_BOUND ( 'NONE', #2532, .T. ) ;
#3754 = ADVANCED_FACE ( 'NONE', ( #813 ), #2219, .T. ) ;
#3755 = PLANE ( 'NONE',  #3144 ) ;
#3756 = EDGE_LOOP ( 'NONE', ( #42, #2753, #3147, #2116 ) ) ;
#3757 = CARTESIAN_POINT ( 'NONE',  ( 0.2392128561161614708, 0.3281360000000000388, -0.1840192170104030800 ) ) ;
#3758 = ORIENTED_EDGE ( 'NONE', *, *, #4096, .T. ) ;
#3759 =( NAMED_UNIT ( * ) SI_UNIT ( $, .STERADIAN. ) SOLID_ANGLE_UNIT ( ) );
#3760 = CARTESIAN_POINT ( 'NONE',  ( 0.3365673660705036929, 0.3281360000000000388, -0.2000928342688697570 ) ) ;
#3761 = DIRECTION ( 'NONE',  ( -0.9617234872620619157, 0.000000000000000000, -0.2740217765953990581 ) ) ;
#3762 = FACE_OUTER_BOUND ( 'NONE', #735, .T. ) ;
#3763 = FILL_AREA_STYLE_COLOUR ( '', #3273 ) ;
#3764 = LINE ( 'NONE', #1672, #3869 ) ;
#3765 = ORIENTED_EDGE ( 'NONE', *, *, #3330, .T. ) ;
#3766 = FACE_OUTER_BOUND ( 'NONE', #4104, .T. ) ;
#3767 =( LENGTH_UNIT ( ) NAMED_UNIT ( * ) SI_UNIT ( .MILLI., .METRE. ) );
#3768 = CARTESIAN_POINT ( 'NONE',  ( 0.1748999999999999166, 0.3281360000000000388, -0.1650000000000000078 ) ) ;
#3769 = DIRECTION ( 'NONE',  ( -0.000000000000000000, 1.000000000000000000, -0.000000000000000000 ) ) ;
#3770 = CARTESIAN_POINT ( 'NONE',  ( 0.6300000000000000044, 0.006863999999999998575, -0.006863999999999998575 ) ) ;
#3771 = CARTESIAN_POINT ( 'NONE',  ( 0.1499999999999999667, 0.3162720000000000531, -0.01372799999999996072 ) ) ;
#3772 = CARTESIAN_POINT ( 'NONE',  ( 0.2068507293713538198, 0.3281360000000000388, -0.1885350125314009251 ) ) ;
#3773 = EDGE_CURVE ( 'NONE', #1707, #3234, #3044, .T. ) ;
#3774 = VECTOR ( 'NONE', #3380, 1000.000000000000000 ) ;
#3775 = SURFACE_STYLE_FILL_AREA ( #1974 ) ;
#3776 =( NAMED_UNIT ( * ) SI_UNIT ( $, .STERADIAN. ) SOLID_ANGLE_UNIT ( ) );
#3777 =( NAMED_UNIT ( * ) SI_UNIT ( $, .STERADIAN. ) SOLID_ANGLE_UNIT ( ) );
#3778 = VERTEX_POINT ( 'NONE', #3257 ) ;
#3779 = MECHANICAL_DESIGN_GEOMETRIC_PRESENTATION_REPRESENTATION (  '', ( #3265 ), #3852 ) ;
#3780 = EDGE_CURVE ( 'NONE', #3046, #2797, #133, .T. ) ;
#3781 = ADVANCED_FACE ( 'NONE', ( #1537 ), #196, .T. ) ;
#3782 = LINE ( 'NONE', #2091, #2847 ) ;
#3783 = VECTOR ( 'NONE', #4455, 1000.000000000000000 ) ;
#3784 = ORIENTED_EDGE ( 'NONE', *, *, #2888, .F. ) ;
#3785 = LINE ( 'NONE', #3163, #1681 ) ;
#3786 = SURFACE_STYLE_FILL_AREA ( #2050 ) ;
#3787 = CARTESIAN_POINT ( 'NONE',  ( 0.1873565261986910591, 0.3231360000000000343, -0.2083447309874472686 ) ) ;
#3788 = VERTEX_POINT ( 'NONE', #2944 ) ;
#3789 = EDGE_CURVE ( 'NONE', #2833, #1463, #3309, .T. ) ;
#3790 = VECTOR ( 'NONE', #284, 1000.000000000000114 ) ;
#3791 = CARTESIAN_POINT ( 'NONE',  ( 0.4800052596634430402, 0.3187521108625563926, -0.007287707430616480880 ) ) ;
#3792 = CARTESIAN_POINT ( 'NONE',  ( 0.1499999999999999667, 0.3162719999999999421, -0.3231360000000000343 ) ) ;
#3793 = FACE_OUTER_BOUND ( 'NONE', #456, .T. ) ;
#3794 = VERTEX_POINT ( 'NONE', #1978 ) ;
#3795 =( GEOMETRIC_REPRESENTATION_CONTEXT ( 3 ) GLOBAL_UNCERTAINTY_ASSIGNED_CONTEXT ( ( #4411 ) ) GLOBAL_UNIT_ASSIGNED_CONTEXT ( ( #3726, #4413, #2605 ) ) REPRESENTATION_CONTEXT ( 'NONE', 'WORKASPACE' ) );
#3796 = SURFACE_STYLE_FILL_AREA ( #2388 ) ;
#3797 = UNCERTAINTY_MEASURE_WITH_UNIT (LENGTH_MEASURE( 1.000000000000000082E-05 ), #2194, 'distance_accuracy_value', 'NONE');
#3798 =( GEOMETRIC_REPRESENTATION_CONTEXT ( 3 ) GLOBAL_UNCERTAINTY_ASSIGNED_CONTEXT ( ( #4271 ) ) GLOBAL_UNIT_ASSIGNED_CONTEXT ( ( #2399, #1412, #3599 ) ) REPRESENTATION_CONTEXT ( 'NONE', 'WORKASPACE' ) );
#3799 =( GEOMETRIC_REPRESENTATION_CONTEXT ( 3 ) GLOBAL_UNCERTAINTY_ASSIGNED_CONTEXT ( ( #2461 ) ) GLOBAL_UNIT_ASSIGNED_CONTEXT ( ( #553, #2476, #300 ) ) REPRESENTATION_CONTEXT ( 'NONE', 'WORKASPACE' ) );
#3800 = DIRECTION ( 'NONE',  ( 0.000000000000000000, 0.000000000000000000, 1.000000000000000000 ) ) ;
#3801 = STYLED_ITEM ( 'NONE', ( #3048 ), #2861 ) ;
#3802 = CARTESIAN_POINT ( 'NONE',  ( 0.1431359999999999855, 0.006863999999999998575, -0.3300000000000000155 ) ) ;
#3803 = LINE ( 'NONE', #4491, #4475 ) ;
#3804 = DIRECTION ( 'NONE',  ( 0.000000000000000000, 0.000000000000000000, -1.000000000000000000 ) ) ;
#3805 = AXIS2_PLACEMENT_3D ( 'NONE', #3160, #30, #3202 ) ;
#3806 = VERTEX_POINT ( 'NONE', #218 ) ;
#3807 = VECTOR ( 'NONE', #1248, 1000.000000000000000 ) ;
#3808 = FACE_OUTER_BOUND ( 'NONE', #2598, .T. ) ;
#3809 = VECTOR ( 'NONE', #4228, 1000.000000000000000 ) ;
#3810 = ADVANCED_FACE ( 'NONE', ( #916 ), #1648, .T. ) ;
#3811 = ORIENTED_EDGE ( 'NONE', *, *, #3529, .F. ) ;
#3812 = CARTESIAN_POINT ( 'NONE',  ( 0.3469234885446096928, 0.3281360000000000388, -0.1649999999999999800 ) ) ;
#3813 = ORIENTED_EDGE ( 'NONE', *, *, #1444, .F. ) ;
#3814 = AXIS2_PLACEMENT_3D ( 'NONE', #1557, #4379, #1580 ) ;
#3815 = DIRECTION ( 'NONE',  ( 0.000000000000000000, 1.000000000000000000, -0.000000000000000000 ) ) ;
#3816 = EDGE_CURVE ( 'NONE', #938, #334, #4471, .T. ) ;
#3817 = CARTESIAN_POINT ( 'NONE',  ( 0.4803010196075459537, 0.008874419053935525895, -0.008874419053935508547 ) ) ;
#3818 = DIRECTION ( 'NONE',  ( -0.2764273280489743523, 0.000000000000000000, 0.9610348236706641734 ) ) ;
#3819 = COLOUR_RGB ( '',0.7921568627450980005, 0.8196078431372548767, 0.9333333333333333481 ) ;
#3820 = ORIENTED_EDGE ( 'NONE', *, *, #1592, .F. ) ;
#3821 = CYLINDRICAL_SURFACE ( 'NONE', #2337, 0.006863999999999998575 ) ;
#3822 = CARTESIAN_POINT ( 'NONE',  ( 0.2601712925782482810, 0.3281360000000000388, -0.1732463613633699606 ) ) ;
#3823 = ORIENTED_EDGE ( 'NONE', *, *, #4040, .F. ) ;
#3824 = DIRECTION ( 'NONE',  ( -0.000000000000000000, 0.000000000000000000, 1.000000000000000000 ) ) ;
#3825 = ORIENTED_EDGE ( 'NONE', *, *, #2353, .T. ) ;
#3826 =( NAMED_UNIT ( * ) SI_UNIT ( $, .STERADIAN. ) SOLID_ANGLE_UNIT ( ) );
#3827 = CARTESIAN_POINT ( 'NONE',  ( 0.1431359999999999855, 0.000000000000000000, -0.3300000000000000155 ) ) ;
#3828 = ORIENTED_EDGE ( 'NONE', *, *, #1675, .T. ) ;
#3829 = CARTESIAN_POINT ( 'NONE',  ( 0.1939708802911082608, 0.3231360000000000343, -0.1885350125314001757 ) ) ;
#3830 = CARTESIAN_POINT ( 'NONE',  ( 0.4803010196075459537, 0.3211255809460644706, -0.3211255809460644706 ) ) ;
#3831 = LINE ( 'NONE', #4179, #220 ) ;
#3832 = EDGE_LOOP ( 'NONE', ( #1422, #1474, #4209 ) ) ;
#3833 = ADVANCED_FACE ( 'NONE', ( #3762 ), #1900, .F. ) ;
#3834 = CARTESIAN_POINT ( 'NONE',  ( 0.1431359999999999577, 0.3231360000000000343, -0.3231360000000000343 ) ) ;
#3835 = CARTESIAN_POINT ( 'NONE',  ( 0.1499981116852613372, 0.01194778499682363007, -0.007060134606194630978 ) ) ;
#3836 = CARTESIAN_POINT ( 'NONE',  ( 0.2214419934715744775, 0.3281360000000000388, -0.1649999999999999800 ) ) ;
#3837 = ORIENTED_EDGE ( 'NONE', *, *, #2588, .T. ) ;
#3838 = ORIENTED_EDGE ( 'NONE', *, *, #1076, .T. ) ;
#3839 = EDGE_CURVE ( 'NONE', #4088, #1472, #1302, .T. ) ;
#3840 = ADVANCED_FACE ( 'NONE', ( #2271 ), #898, .F. ) ;
#3841 = PRESENTATION_STYLE_ASSIGNMENT (( #4191 ) ) ;
#3842 = CARTESIAN_POINT ( 'NONE',  ( 0.2166061340079447894, 0.3281360000000000388, -0.1650000000000000078 ) ) ;
#3843 = PRESENTATION_STYLE_ASSIGNMENT (( #4558 ) ) ;
#3844 = SURFACE_STYLE_USAGE ( .BOTH. , #3240 ) ;
#3845 = CARTESIAN_POINT ( 'NONE',  ( 0.3288603064604122550, 0.3231360000000000343, -0.1732479428933267340 ) ) ;
#3846 = EDGE_LOOP ( 'NONE', ( #3976, #2602, #1964, #425, #900, #2048, #4059, #2305 ) ) ;
#3847 = AXIS2_PLACEMENT_3D ( 'NONE', #2930, #46, #2563 ) ;
#3848 = DIRECTION ( 'NONE',  ( 0.000000000000000000, 0.000000000000000000, 1.000000000000000000 ) ) ;
#3849 = CARTESIAN_POINT ( 'NONE',  ( 0.6231360000000000232, 0.3300000000000000155, 0.000000000000000000 ) ) ;
#3850 = VERTEX_POINT ( 'NONE', #1346 ) ;
#3851 = CARTESIAN_POINT ( 'NONE',  ( 0.6231360000000000232, 0.3231360000000000343, -0.3300000000000000155 ) ) ;
#3852 =( GEOMETRIC_REPRESENTATION_CONTEXT ( 3 ) GLOBAL_UNCERTAINTY_ASSIGNED_CONTEXT ( ( #1637 ) ) GLOBAL_UNIT_ASSIGNED_CONTEXT ( ( #3879, #3914, #777 ) ) REPRESENTATION_CONTEXT ( 'NONE', 'WORKASPACE' ) );
#3853 = LINE ( 'NONE', #2096, #3354 ) ;
#3854 = ORIENTED_EDGE ( 'NONE', *, *, #2721, .F. ) ;
#3855 = VECTOR ( 'NONE', #4264, 1000.000000000000000 ) ;
#3856 = FILL_AREA_STYLE_COLOUR ( '', #3890 ) ;
#3857 = CARTESIAN_POINT ( 'NONE',  ( 0.3696076378993875533, 0.3281360000000000388, -0.1999756692496419686 ) ) ;
#3858 = EDGE_CURVE ( 'NONE', #3631, #1161, #2094, .T. ) ;
#3859 = ORIENTED_EDGE ( 'NONE', *, *, #1471, .F. ) ;
#3860 = STYLED_ITEM ( 'NONE', ( #3350 ), #1202 ) ;
#3861 = VERTEX_POINT ( 'NONE', #3431 ) ;
#3862 = AXIS2_PLACEMENT_3D ( 'NONE', #1066, #3432, #1736 ) ;
#3863 = SURFACE_STYLE_FILL_AREA ( #2460 ) ;
#3864 = EDGE_CURVE ( 'NONE', #1052, #2267, #1460, .T. ) ;
#3865 = SURFACE_SIDE_STYLE ('',( #964 ) ) ;
#3866 = LINE ( 'NONE', #1840, #3395 ) ;
#3867 = DIRECTION ( 'NONE',  ( 0.05375259206908434423, 0.000000000000000000, -0.9985542843760946141 ) ) ;
#3868 = MECHANICAL_DESIGN_GEOMETRIC_PRESENTATION_REPRESENTATION (  '', ( #1294 ), #2018 ) ;
#3869 = VECTOR ( 'NONE', #1963, 1000.000000000000000 ) ;
#3870 = EDGE_CURVE ( 'NONE', #2637, #3207, #3078, .T. ) ;
#3871 = VERTEX_POINT ( 'NONE', #2402 ) ;
#3872 = DIRECTION ( 'NONE',  ( 1.000000000000000000, 0.000000000000000000, 0.000000000000000000 ) ) ;
#3873 = CARTESIAN_POINT ( 'NONE',  ( 0.1939708802911082608, 0.3281360000000000388, -0.1885350125314001757 ) ) ;
#3874 = PLANE ( 'NONE',  #4021 ) ;
#3875 = ORIENTED_EDGE ( 'NONE', *, *, #467, .T. ) ;
#3876 = VECTOR ( 'NONE', #3498, 1000.000000000000000 ) ;
#3877 =( GEOMETRIC_REPRESENTATION_CONTEXT ( 3 ) GLOBAL_UNCERTAINTY_ASSIGNED_CONTEXT ( ( #96 ) ) GLOBAL_UNIT_ASSIGNED_CONTEXT ( ( #2663, #2616, #1236 ) ) REPRESENTATION_CONTEXT ( 'NONE', 'WORKASPACE' ) );
#3878 = DIRECTION ( 'NONE',  ( 0.004650693823683970871, 0.000000000000000000, -0.9999891854650021505 ) ) ;
#3879 =( LENGTH_UNIT ( ) NAMED_UNIT ( * ) SI_UNIT ( .MILLI., .METRE. ) );
#3880 = VERTEX_POINT ( 'NONE', #1712 ) ;
#3881 = DIRECTION ( 'NONE',  ( 0.000000000000000000, -1.000000000000000000, -2.714849189917629980E-15 ) ) ;
#3882 = PRESENTATION_LAYER_ASSIGNMENT (  '', '', ( #3426 ) ) ;
#3883 = ORIENTED_EDGE ( 'NONE', *, *, #592, .T. ) ;
#3884 = CARTESIAN_POINT ( 'NONE',  ( 0.3938193945955072994, 0.3231360000000000343, -0.1999747271157947814 ) ) ;
#3885 = DIRECTION ( 'NONE',  ( 0.000000000000000000, 1.000000000000000000, 0.000000000000000000 ) ) ;
#3886 = CARTESIAN_POINT ( 'NONE',  ( 0.4868640000000001300, 0.000000000000000000, 0.000000000000000000 ) ) ;
#3887 = VECTOR ( 'NONE', #4295, 1000.000000000000000 ) ;
#3888 = ORIENTED_EDGE ( 'NONE', *, *, #3911, .F. ) ;
#3889 = ORIENTED_EDGE ( 'NONE', *, *, #3697, .T. ) ;
#3890 = COLOUR_RGB ( '',0.7686274509803920907, 0.7686274509803920907, 0.7686274509803920907 ) ;
#3891 = MECHANICAL_DESIGN_GEOMETRIC_PRESENTATION_REPRESENTATION (  '', ( #4187 ), #3969 ) ;
#3892 = EDGE_CURVE ( 'NONE', #109, #253, #4201, .T. ) ;
#3893 = DIRECTION ( 'NONE',  ( -1.000000000000000000, 0.000000000000000000, -0.000000000000000000 ) ) ;
#3894 = EDGE_LOOP ( 'NONE', ( #650, #1342, #2027, #3916 ) ) ;
#3895 = DIRECTION ( 'NONE',  ( -0.4443210308329503810, 0.000000000000000000, 0.8958676361826809487 ) ) ;
#3896 = ORIENTED_EDGE ( 'NONE', *, *, #1538, .F. ) ;
#3897 = EDGE_CURVE ( 'NONE', #765, #816, #1026, .T. ) ;
#3898 = CARTESIAN_POINT ( 'NONE',  ( 0.6300000000000000044, 0.000000000000000000, -0.3300000000000000155 ) ) ;
#3899 = DIRECTION ( 'NONE',  ( 1.000000000000000000, 0.000000000000000000, 0.000000000000000000 ) ) ;
#3900 = VERTEX_POINT ( 'NONE', #3851 ) ;
#3901 = CARTESIAN_POINT ( 'NONE',  ( 0.4800000000000000933, 0.007546627053175291623, -0.3224533729468246901 ) ) ;
#3902 = EDGE_LOOP ( 'NONE', ( #4432, #2103, #3321, #78 ) ) ;
#3903 = CARTESIAN_POINT ( 'NONE',  ( 0.1499999999999999667, 0.006863999999999980360, -0.01296659754141519377 ) ) ;
#3904 = EDGE_LOOP ( 'NONE', ( #181, #3823, #1766, #3921 ) ) ;
#3905 = ORIENTED_EDGE ( 'NONE', *, *, #4414, .T. ) ;
#3906 = CARTESIAN_POINT ( 'NONE',  ( 0.4801485633482507898, 0.008376728068316191197, -0.009372110039554841510 ) ) ;
#3907 = LINE ( 'NONE', #1818, #2199 ) ;
#3908 = ORIENTED_EDGE ( 'NONE', *, *, #2999, .F. ) ;
#3909 = SURFACE_STYLE_FILL_AREA ( #1820 ) ;
#3910 = CARTESIAN_POINT ( 'NONE',  ( 0.1499999999999999667, 0.3231360000000000343, -0.006863999999999980360 ) ) ;
#3911 = EDGE_CURVE ( 'NONE', #1088, #816, #1000, .T. ) ;
#3912 = VERTEX_POINT ( 'NONE', #2049 ) ;
#3913 = PLANE ( 'NONE',  #721 ) ;
#3914 =( NAMED_UNIT ( * ) PLANE_ANGLE_UNIT ( ) SI_UNIT ( $, .RADIAN. ) );
#3915 = UNCERTAINTY_MEASURE_WITH_UNIT (LENGTH_MEASURE( 1.000000000000000082E-05 ), #4280, 'distance_accuracy_value', 'NONE');
#3916 = ORIENTED_EDGE ( 'NONE', *, *, #204, .T. ) ;
#3917 = CARTESIAN_POINT ( 'NONE',  ( 0.4801010828025516486, 0.008221728497963503093, -0.3217782715020364726 ) ) ;
#3918 = PRESENTATION_STYLE_ASSIGNMENT (( #1115 ) ) ;
#3919 = DIRECTION ( 'NONE',  ( 0.000000000000000000, 0.000000000000000000, 1.000000000000000000 ) ) ;
#3920 = EDGE_CURVE ( 'NONE', #2582, #535, #3785, .T. ) ;
#3921 = ORIENTED_EDGE ( 'NONE', *, *, #275, .F. ) ;
#3922 = AXIS2_PLACEMENT_3D ( 'NONE', #271, #4445, #4060 ) ;
#3923 = FILL_AREA_STYLE ('',( #2122 ) ) ;
#3924 = SURFACE_SIDE_STYLE ('',( #2579 ) ) ;
#3925 = CARTESIAN_POINT ( 'NONE',  ( 0.4799998302667594641, 0.01301050416105432178, -0.3231077884361101549 ) ) ;
#3926 = CARTESIAN_POINT ( 'NONE',  ( 0.1497565238524858622, 0.009062268845815761240, -0.3213134307377517596 ) ) ;
#3927 = ADVANCED_FACE ( 'NONE', ( #34 ), #1415, .F. ) ;
#3928 = ORIENTED_EDGE ( 'NONE', *, *, #778, .F. ) ;
#3929 = ORIENTED_EDGE ( 'NONE', *, *, #1140, .T. ) ;
#3930 = AXIS2_PLACEMENT_3D ( 'NONE', #1653, #4480, #623 ) ;
#3931 = DIRECTION ( 'NONE',  ( 1.000000000000000000, -0.000000000000000000, -0.000000000000000000 ) ) ;
#3932 = UNCERTAINTY_MEASURE_WITH_UNIT (LENGTH_MEASURE( 1.000000000000000082E-05 ), #4465, 'distance_accuracy_value', 'NONE');
#3933 = COLOUR_RGB ( '',0.7686274509803920907, 0.7686274509803920907, 0.7686274509803920907 ) ;
#3934 = CARTESIAN_POINT ( 'NONE',  ( 0.6231360000000000232, 0.006863999999999998575, -0.006863999999999998575 ) ) ;
#3935 = DIRECTION ( 'NONE',  ( 0.000000000000000000, -1.000000000000000000, 0.000000000000000000 ) ) ;
#3936 =( GEOMETRIC_REPRESENTATION_CONTEXT ( 3 ) GLOBAL_UNCERTAINTY_ASSIGNED_CONTEXT ( ( #3023 ) ) GLOBAL_UNIT_ASSIGNED_CONTEXT ( ( #665, #1416, #4521 ) ) REPRESENTATION_CONTEXT ( 'NONE', 'WORKASPACE' ) );
#3937 = EDGE_LOOP ( 'NONE', ( #1188, #2915, #846, #930 ) ) ;
#3938 = CARTESIAN_POINT ( 'NONE',  ( 0.3469234885446096928, 0.3281360000000000388, -0.1649999999999999800 ) ) ;
#3939 = AXIS2_PLACEMENT_3D ( 'NONE', #3771, #1657, #1986 ) ;
#3940 = CARTESIAN_POINT ( 'NONE',  ( 0.1872252591682402045, 0.3281360000000000388, -0.1649999999999999800 ) ) ;
#3941 = CARTESIAN_POINT ( 'NONE',  ( 0.1496989803924541895, 0.3211255809460645261, -0.3211255809460644151 ) ) ;
#3942 = VERTEX_POINT ( 'NONE', #1369 ) ;
#3943 = STYLED_ITEM ( 'NONE', ( #116 ), #2552 ) ;
#3944 = AXIS2_PLACEMENT_3D ( 'NONE', #3098, #1371, #2780 ) ;
#3945 = SPHERICAL_SURFACE ( 'NONE', #626, 0.006863999999999998575 ) ;
#3946 = ORIENTED_EDGE ( 'NONE', *, *, #2831, .F. ) ;
#3947 = DIRECTION ( 'NONE',  ( 0.000000000000000000, -2.714849189917629980E-15, 1.000000000000000000 ) ) ;
#3948 = FACE_OUTER_BOUND ( 'NONE', #527, .T. ) ;
#3949 = MECHANICAL_DESIGN_GEOMETRIC_PRESENTATION_REPRESENTATION (  '', ( #3801 ), #2024 ) ;
#3950 = EDGE_LOOP ( 'NONE', ( #1575, #1847, #2775 ) ) ;
#3951 = AXIS2_PLACEMENT_3D ( 'NONE', #952, #929, #874 ) ;
#3952 = EDGE_CURVE ( 'NONE', #444, #4278, #619, .T. ) ;
#3953 = CARTESIAN_POINT ( 'NONE',  ( 0.2068507293713538198, 0.3281360000000000388, -0.1885350125314009251 ) ) ;
#3954 = PRESENTATION_LAYER_ASSIGNMENT (  '', '', ( #3424 ) ) ;
#3955 = LINE ( 'NONE', #762, #3076 ) ;
#3956 = PRESENTATION_STYLE_ASSIGNMENT (( #1120 ) ) ;
#3957 = CARTESIAN_POINT ( 'NONE',  ( 0.4802434761475143365, 0.3213134307377517596, -0.009062268845815743892 ) ) ;
#3958 = ORIENTED_EDGE ( 'NONE', *, *, #2085, .T. ) ;
#3959 = ORIENTED_EDGE ( 'NONE', *, *, #2351, .T. ) ;
#3960 = COLOUR_RGB ( '',0.6470588235294117974, 0.5176470588235293491, 0.000000000000000000 ) ;
#3961 = EDGE_CURVE ( 'NONE', #4182, #462, #2776, .T. ) ;
#3962 = FILL_AREA_STYLE ('',( #2879 ) ) ;
#3963 =( GEOMETRIC_REPRESENTATION_CONTEXT ( 3 ) GLOBAL_UNCERTAINTY_ASSIGNED_CONTEXT ( ( #2660 ) ) GLOBAL_UNIT_ASSIGNED_CONTEXT ( ( #1893, #3989, #4205 ) ) REPRESENTATION_CONTEXT ( 'NONE', 'WORKASPACE' ) );
#3964 = DIRECTION ( 'NONE',  ( 0.000000000000000000, 1.000000000000000000, 0.000000000000000000 ) ) ;
#3965 = CARTESIAN_POINT ( 'NONE',  ( 0.2166061340079447894, 0.3231360000000000343, -0.1650000000000000078 ) ) ;
#3966 = DIRECTION ( 'NONE',  ( 0.000000000000000000, -0.000000000000000000, 1.000000000000000000 ) ) ;
#3967 = PRESENTATION_STYLE_ASSIGNMENT (( #2566 ) ) ;
#3968 = FILL_AREA_STYLE ('',( #378 ) ) ;
#3969 =( GEOMETRIC_REPRESENTATION_CONTEXT ( 3 ) GLOBAL_UNCERTAINTY_ASSIGNED_CONTEXT ( ( #1640 ) ) GLOBAL_UNIT_ASSIGNED_CONTEXT ( ( #3564, #2208, #1886 ) ) REPRESENTATION_CONTEXT ( 'NONE', 'WORKASPACE' ) );
#3970 = ORIENTED_EDGE ( 'NONE', *, *, #1903, .T. ) ;
#3971 = CARTESIAN_POINT ( 'NONE',  ( 0.1872252591682402045, 0.3281360000000000388, -0.1649999999999999800 ) ) ;
#3972 = UNCERTAINTY_MEASURE_WITH_UNIT (LENGTH_MEASURE( 1.000000000000000082E-05 ), #2711, 'distance_accuracy_value', 'NONE');
#3973 = VERTEX_POINT ( 'NONE', #1324 ) ;
#3974 = CARTESIAN_POINT ( 'NONE',  ( 0.3938193945955072994, 0.3231360000000000343, -0.1999747271157947814 ) ) ;
#3975 = DIRECTION ( 'NONE',  ( 0.000000000000000000, -1.000000000000000000, 0.000000000000000000 ) ) ;
#3976 = ORIENTED_EDGE ( 'NONE', *, *, #152, .T. ) ;
#3977 = PLANE ( 'NONE',  #593 ) ;
#3978 = CARTESIAN_POINT ( 'NONE',  ( 0.2034177547702480660, 0.3231360000000000343, -0.1650000000000000078 ) ) ;
#3979 = EDGE_LOOP ( 'NONE', ( #1108, #3296, #3094, #2188 ) ) ;
#3980 = LINE ( 'NONE', #492, #2857 ) ;
#3981 =( LENGTH_UNIT ( ) NAMED_UNIT ( * ) SI_UNIT ( .MILLI., .METRE. ) );
#3982 = EDGE_CURVE ( 'NONE', #1770, #938, #2487, .T. ) ;
#3983 = LINE ( 'NONE', #3318, #4528 ) ;
#3984 = DIRECTION ( 'NONE',  ( 0.000000000000000000, -1.000000000000000000, 0.000000000000000000 ) ) ;
#3985 = VERTEX_POINT ( 'NONE', #972 ) ;
#3986 =( NAMED_UNIT ( * ) SI_UNIT ( $, .STERADIAN. ) SOLID_ANGLE_UNIT ( ) );
#3987 =( NAMED_UNIT ( * ) PLANE_ANGLE_UNIT ( ) SI_UNIT ( $, .RADIAN. ) );
#3988 = ORIENTED_EDGE ( 'NONE', *, *, #67, .T. ) ;
#3989 =( NAMED_UNIT ( * ) PLANE_ANGLE_UNIT ( ) SI_UNIT ( $, .RADIAN. ) );
#3990 = PLANE ( 'NONE',  #2634 ) ;
#3991 = VERTEX_POINT ( 'NONE', #1827 ) ;
#3992 = CARTESIAN_POINT ( 'NONE',  ( 0.1499999999999999667, 0.3231360000000000343, -0.3162720000000000531 ) ) ;
#3993 = LINE ( 'NONE', #512, #4262 ) ;
#3994 = SURFACE_STYLE_FILL_AREA ( #1197 ) ;
#3995 = CYLINDRICAL_SURFACE ( 'NONE', #2618, 0.006864000000000007248 ) ;
#3996 = CARTESIAN_POINT ( 'NONE',  ( 0.4800000000000001488, 0.3231360000000000343, -0.01296659754141517643 ) ) ;
#3997 = VERTEX_POINT ( 'NONE', #3231 ) ;
#3998 = CIRCLE ( 'NONE', #485, 0.006863999999999998575 ) ;
#3999 = DIRECTION ( 'NONE',  ( 0.000000000000000000, -1.000000000000000000, 0.000000000000000000 ) ) ;
#4000 = DIRECTION ( 'NONE',  ( -1.000000000000000000, 0.000000000000000000, 0.000000000000000000 ) ) ;
#4001 = AXIS2_PLACEMENT_3D ( 'NONE', #2729, #4148, #681 ) ;
#4002 = AXIS2_PLACEMENT_3D ( 'NONE', #1075, #1356, #3154 ) ;
#4003 = EDGE_CURVE ( 'NONE', #3794, #243, #166, .T. ) ;
#4004 = DIRECTION ( 'NONE',  ( 0.000000000000000000, -1.000000000000000000, 0.000000000000000000 ) ) ;
#4005 = CARTESIAN_POINT ( 'NONE',  ( 0.1500000000000109024, 0.006863999999999372340, -0.3166302014679504562 ) ) ;
#4006 = ORIENTED_EDGE ( 'NONE', *, *, #3780, .T. ) ;
#4007 = EDGE_CURVE ( 'NONE', #4267, #466, #54, .T. ) ;
#4008 = PLANE ( 'NONE',  #2105 ) ;
#4009 = SURFACE_STYLE_FILL_AREA ( #3644 ) ;
#4010 = LINE ( 'NONE', #893, #2100 ) ;
#4011 = ORIENTED_EDGE ( 'NONE', *, *, #533, .T. ) ;
#4012 =( GEOMETRIC_REPRESENTATION_CONTEXT ( 3 ) GLOBAL_UNCERTAINTY_ASSIGNED_CONTEXT ( ( #2163 ) ) GLOBAL_UNIT_ASSIGNED_CONTEXT ( ( #2682, #1269, #4375 ) ) REPRESENTATION_CONTEXT ( 'NONE', 'WORKASPACE' ) );
#4013 = PRESENTATION_STYLE_ASSIGNMENT (( #4084 ) ) ;
#4014 = FILL_AREA_STYLE ('',( #1977 ) ) ;
#4015 =( NAMED_UNIT ( * ) SI_UNIT ( $, .STERADIAN. ) SOLID_ANGLE_UNIT ( ) );
#4016 =( NAMED_UNIT ( * ) SI_UNIT ( $, .STERADIAN. ) SOLID_ANGLE_UNIT ( ) );
#4017 = STYLED_ITEM ( 'NONE', ( #399 ), #2796 ) ;
#4018 = PRESENTATION_LAYER_ASSIGNMENT (  '', '', ( #3286 ) ) ;
#4019 = CARTESIAN_POINT ( 'NONE',  ( 0.4801974708265736580, 0.3214925014640017120, -0.009263316881069287578 ) ) ;
#4020 = VERTEX_POINT ( 'NONE', #1480 ) ;
#4021 = AXIS2_PLACEMENT_3D ( 'NONE', #2115, #3520, #1772 ) ;
#4022 = SURFACE_SIDE_STYLE ('',( #2363 ) ) ;
#4023 = CARTESIAN_POINT ( 'NONE',  ( 0.3089588592604216033, 0.3281360000000000388, -0.1649999999999999800 ) ) ;
#4024 = MECHANICAL_DESIGN_GEOMETRIC_PRESENTATION_REPRESENTATION (  '', ( #2560 ), #4484 ) ;
#4025 = FACE_OUTER_BOUND ( 'NONE', #1785, .T. ) ;
#4026 = VECTOR ( 'NONE', #583, 1000.000000000000227 ) ;
#4027 =( NAMED_UNIT ( * ) SI_UNIT ( $, .STERADIAN. ) SOLID_ANGLE_UNIT ( ) );
#4028 = FILL_AREA_STYLE_COLOUR ( '', #3630 ) ;
#4029 = DIRECTION ( 'NONE',  ( 0.000000000000000000, -0.000000000000000000, 1.000000000000000000 ) ) ;
#4030 = CIRCLE ( 'NONE', #2414, 0.006863999999999998575 ) ;
#4031 = EDGE_LOOP ( 'NONE', ( #1389, #480, #743, #222 ) ) ;
#4032 = EDGE_CURVE ( 'NONE', #1161, #3135, #2692, .T. ) ;
#4033 = UNCERTAINTY_MEASURE_WITH_UNIT (LENGTH_MEASURE( 1.000000000000000082E-05 ), #1321, 'distance_accuracy_value', 'NONE');
#4034 = CARTESIAN_POINT ( 'NONE',  ( 0.4800410307986384684, 0.3223866080530971012, -0.3193906641288776216 ) ) ;
#4035 = VECTOR ( 'NONE', #2548, 1000.000000000000000 ) ;
#4036 = DIRECTION ( 'NONE',  ( 0.000000000000000000, 0.000000000000000000, 1.000000000000000000 ) ) ;
#4037 = PLANE ( 'NONE',  #350 ) ;
#4038 = ORIENTED_EDGE ( 'NONE', *, *, #1083, .F. ) ;
#4039 = EDGE_CURVE ( 'NONE', #3397, #4551, #3575, .T. ) ;
#4040 = EDGE_CURVE ( 'NONE', #3329, #2958, #2869, .T. ) ;
#4041 = PRESENTATION_LAYER_ASSIGNMENT (  '', '', ( #4187 ) ) ;
#4042 = CARTESIAN_POINT ( 'NONE',  ( 0.2887188603287782485, 0.3281360000000000388, -0.2083447309874472686 ) ) ;
#4043 = DIRECTION ( 'NONE',  ( -0.000000000000000000, -0.000000000000000000, 1.000000000000000000 ) ) ;
#4044 = CARTESIAN_POINT ( 'NONE',  ( 0.4803010196075459537, 0.3211255809460644706, -0.008874419053935498139 ) ) ;
#4045 = CYLINDRICAL_SURFACE ( 'NONE', #3484, 0.006863999999999998575 ) ;
#4046 = PRESENTATION_STYLE_ASSIGNMENT (( #1650 ) ) ;
#4047 = EDGE_LOOP ( 'NONE', ( #1702, #3546, #4545 ) ) ;
#4048 = CARTESIAN_POINT ( 'NONE',  ( 0.6300000000000000044, 0.006863999999999998575, 0.000000000000000000 ) ) ;
#4049 = LINE ( 'NONE', #3056, #3783 ) ;
#4050 = SURFACE_STYLE_USAGE ( .BOTH. , #922 ) ;
#4051 = DIRECTION ( 'NONE',  ( 0.000000000000000000, 0.000000000000000000, 1.000000000000000000 ) ) ;
#4052 = CARTESIAN_POINT ( 'NONE',  ( 0.2979442931012975526, 0.3231360000000000343, -0.1649999999999999800 ) ) ;
#4053 = SURFACE_STYLE_USAGE ( .BOTH. , #240 ) ;
#4054 = FACE_OUTER_BOUND ( 'NONE', #3894, .T. ) ;
#4055 = VERTEX_POINT ( 'NONE', #1114 ) ;
#4056 = CARTESIAN_POINT ( 'NONE',  ( 0.2702598728827497743, 0.3281360000000000388, -0.2083447309874472686 ) ) ;
#4057 = EDGE_CURVE ( 'NONE', #1707, #3492, #2517, .T. ) ;
#4058 = DIRECTION ( 'NONE',  ( 0.000000000000000000, -1.000000000000000000, 0.000000000000000000 ) ) ;
#4059 = ORIENTED_EDGE ( 'NONE', *, *, #3698, .T. ) ;
#4060 = DIRECTION ( 'NONE',  ( 1.000000000000000000, 0.000000000000000000, 0.000000000000000000 ) ) ;
#4061 = CARTESIAN_POINT ( 'NONE',  ( 0.1996982596732767012, 0.3281360000000000388, -0.2083447309874472686 ) ) ;
#4062 = DIRECTION ( 'NONE',  ( -0.3829140317376896196, 0.000000000000000000, -0.9237839814038711905 ) ) ;
#4063 = EDGE_CURVE ( 'NONE', #1463, #3806, #780, .T. ) ;
#4064 = SURFACE_SIDE_STYLE ('',( #1631 ) ) ;
#4065 = SURFACE_STYLE_USAGE ( .BOTH. , #2669 ) ;
#4066 = FACE_OUTER_BOUND ( 'NONE', #3301, .T. ) ;
#4067 = EDGE_LOOP ( 'NONE', ( #210, #1512, #1767, #2413, #3384, #3565, #392, #2089, #367, #2358, #475, #2818, #698, #1414, #3811, #2824, #4360, #3077, #3099, #3859, #4038, #3152, #2185 ) ) ;
#4068 = EDGE_CURVE ( 'NONE', #1598, #1613, #518, .T. ) ;
#4069 =( LENGTH_UNIT ( ) NAMED_UNIT ( * ) SI_UNIT ( .MILLI., .METRE. ) );
#4070 = CARTESIAN_POINT ( 'NONE',  ( 0.2792175273593778262, 0.3281360000000000388, -0.2035886746902791367 ) ) ;
#4071 = DIRECTION ( 'NONE',  ( -3.948871548971108766E-15, 1.000000000000000000, 0.000000000000000000 ) ) ;
#4072 = UNCERTAINTY_MEASURE_WITH_UNIT (LENGTH_MEASURE( 1.000000000000000082E-05 ), #366, 'distance_accuracy_value', 'NONE');
#4073 = CIRCLE ( 'NONE', #408, 0.006863999999999980360 ) ;
#4074 = DIRECTION ( 'NONE',  ( 0.000000000000000000, 0.000000000000000000, -1.000000000000000000 ) ) ;
#4075 = FILL_AREA_STYLE_COLOUR ( '', #4163 ) ;
#4076 = CARTESIAN_POINT ( 'NONE',  ( 0.1499999999999999667, 0.3224533729468246901, -0.3224533729468246901 ) ) ;
#4077 = VERTEX_POINT ( 'NONE', #1136 ) ;
#4078 = AXIS2_PLACEMENT_3D ( 'NONE', #4070, #3332, #2321 ) ;
#4079 = CARTESIAN_POINT ( 'NONE',  ( 0.4800005154526299500, 0.3230518818211623455, -0.3173433069079741875 ) ) ;
#4080 = DIRECTION ( 'NONE',  ( 0.000000000000000000, 0.000000000000000000, -1.000000000000000000 ) ) ;
#4081 = DIRECTION ( 'NONE',  ( 1.000000000000000000, 0.000000000000000000, 0.000000000000000000 ) ) ;
#4082 = VERTEX_POINT ( 'NONE', #2543 ) ;
#4083 = VECTOR ( 'NONE', #1919, 1000.000000000000000 ) ;
#4084 = SURFACE_STYLE_USAGE ( .BOTH. , #1214 ) ;
#4085 = CARTESIAN_POINT ( 'NONE',  ( 0.1873565261986910591, 0.3281360000000000388, -0.2083447309874472686 ) ) ;
#4086 = DIRECTION ( 'NONE',  ( 0.000000000000000000, 1.000000000000000000, 0.000000000000000000 ) ) ;
#4087 = CARTESIAN_POINT ( 'NONE',  ( 0.1499999999999999667, 0.3231360000000000343, -0.006863999999999980360 ) ) ;
#4088 = VERTEX_POINT ( 'NONE', #1192 ) ;
#4089 = COLOUR_RGB ( '',0.7686274509803920907, 0.7686274509803920907, 0.7686274509803920907 ) ;
#4090 = EDGE_CURVE ( 'NONE', #1135, #1607, #4030, .T. ) ;
#4091 = CARTESIAN_POINT ( 'NONE',  ( -0.02114064624411809284, 0.3281359999999999277, -0.01923640047652913979 ) ) ;
#4092 = CARTESIAN_POINT ( 'NONE',  ( 0.2681375912907623116, 0.3231360000000000343, -0.1649999999999999800 ) ) ;
#4093 = DIRECTION ( 'NONE',  ( 1.000000000000000000, 0.000000000000000000, 0.000000000000000000 ) ) ;
#4094 = DIRECTION ( 'NONE',  ( -0.000000000000000000, 1.000000000000000000, -0.000000000000000000 ) ) ;
#4095 = AXIS2_PLACEMENT_3D ( 'NONE', #10, #3848, #4147 ) ;
#4096 = EDGE_CURVE ( 'NONE', #1711, #3602, #3470, .T. ) ;
#4097 = FILL_AREA_STYLE_COLOUR ( '', #854 ) ;
#4098 = VECTOR ( 'NONE', #2571, 1000.000000000000000 ) ;
#4099 = CIRCLE ( 'NONE', #69, 0.006863999999999980360 ) ;
#4100 = CARTESIAN_POINT ( 'NONE',  ( 0.4868640000000001300, 0.000000000000000000, -0.006863999999999998575 ) ) ;
#4101 = DIRECTION ( 'NONE',  ( -0.000000000000000000, -1.000000000000000000, -0.000000000000000000 ) ) ;
#4102 = STYLED_ITEM ( 'NONE', ( #248 ), #3555 ) ;
#4103 = DIRECTION ( 'NONE',  ( 0.000000000000000000, -1.000000000000000000, 0.000000000000000000 ) ) ;
#4104 = EDGE_LOOP ( 'NONE', ( #1790, #3506, #1399, #3495 ) ) ;
#4105 = FACE_OUTER_BOUND ( 'NONE', #365, .T. ) ;
#4106 = DIRECTION ( 'NONE',  ( 0.2763139702539146314, 0.000000000000000000, -0.9610674221107063930 ) ) ;
#4107 = B_SPLINE_CURVE_WITH_KNOTS ( 'NONE', 3,
 ( #2929, #3906, #1184, #2587, #2152, #3220, #2528, #420, #3515, #2880 ),
 .UNSPECIFIED., .F., .F.,
 ( 4, 3, 3, 4 ),
 ( 0.000000000000000000, 2.160490663711797799E-06, 4.309586043779941670E-06, 5.372024843951938821E-06 ),
 .UNSPECIFIED. ) ;
#4108 = ORIENTED_EDGE ( 'NONE', *, *, #1903, .F. ) ;
#4109 = MECHANICAL_DESIGN_GEOMETRIC_PRESENTATION_REPRESENTATION (  '', ( #3087 ), #3153 ) ;
#4110 = DIRECTION ( 'NONE',  ( 0.000000000000000000, 0.000000000000000000, -1.000000000000000000 ) ) ;
#4111 = SURFACE_STYLE_USAGE ( .BOTH. , #956 ) ;
#4112 = FACE_OUTER_BOUND ( 'NONE', #3846, .T. ) ;
#4113 = CARTESIAN_POINT ( 'NONE',  ( 0.1431359999999999855, 0.006863999999999998575, 0.000000000000000000 ) ) ;
#4114 = ORIENTED_EDGE ( 'NONE', *, *, #3692, .T. ) ;
#4115 = B_SPLINE_CURVE_WITH_KNOTS ( 'NONE', 3,
 ( #3992, #511, #2986, #2290, #3691, #4329, #2917, #1173, #1876, #3941 ),
 .UNSPECIFIED., .F., .F.,
 ( 4, 3, 3, 4 ),
 ( 0.000000000000000000, 2.284207375754367805E-06, 4.573131809475226961E-06, 5.378086119801613726E-06 ),
 .UNSPECIFIED. ) ;
#4116 = PRESENTATION_STYLE_ASSIGNMENT (( #557 ) ) ;
#4117 = ADVANCED_FACE ( 'NONE', ( #1168 ), #2574, .F. ) ;
#4118 = CARTESIAN_POINT ( 'NONE',  ( 0.1873565261986910591, 0.3281360000000000388, -0.2083447309874472686 ) ) ;
#4119 =( NAMED_UNIT ( * ) SI_UNIT ( $, .STERADIAN. ) SOLID_ANGLE_UNIT ( ) );
#4120 = EDGE_CURVE ( 'NONE', #1091, #759, #3277, .T. ) ;
#4121 = FILL_AREA_STYLE_COLOUR ( '', #4162 ) ;
#4122 = EDGE_CURVE ( 'NONE', #2077, #4323, #3526, .T. ) ;
#4123 = LINE ( 'NONE', #2743, #2029 ) ;
#4124 = ADVANCED_FACE ( 'NONE', ( #1462 ), #2120, .F. ) ;
#4125 = VERTEX_POINT ( 'NONE', #3180 ) ;
#4126 = SURFACE_SIDE_STYLE ('',( #1708 ) ) ;
#4127 = DIRECTION ( 'NONE',  ( 0.000000000000000000, 0.000000000000000000, -1.000000000000000000 ) ) ;
#4128 = ORIENTED_EDGE ( 'NONE', *, *, #2647, .T. ) ;
#4129 = SURFACE_STYLE_USAGE ( .BOTH. , #911 ) ;
#4130 = CARTESIAN_POINT ( 'NONE',  ( 0.2034177547702480660, 0.3281360000000000388, -0.1650000000000000078 ) ) ;
#4131 = EDGE_LOOP ( 'NONE', ( #3245, #544, #3784, #3237 ) ) ;
#4132 = DIRECTION ( 'NONE',  ( 0.000000000000000000, -1.000000000000000000, 2.714849189917637079E-15 ) ) ;
#4133 = DIRECTION ( 'NONE',  ( 0.000000000000000000, 0.000000000000000000, 1.000000000000000000 ) ) ;
#4134 = EDGE_LOOP ( 'NONE', ( #1237, #2679, #709 ) ) ;
#4135 = DIRECTION ( 'NONE',  ( -0.9601763114346026917, 0.000000000000000000, -0.2793947940814949793 ) ) ;
#4136 = CARTESIAN_POINT ( 'NONE',  ( 0.1499999999999999667, 0.3162719999999999421, -0.006863999999999980360 ) ) ;
#4137 = DIRECTION ( 'NONE',  ( 0.000000000000000000, 0.000000000000000000, 1.000000000000000000 ) ) ;
#4138 = DIRECTION ( 'NONE',  ( 1.000000000000000000, 0.000000000000000000, 0.000000000000000000 ) ) ;
#4139 = CYLINDRICAL_SURFACE ( 'NONE', #2983, 0.006863999999999998575 ) ;
#4140 = STYLED_ITEM ( 'NONE', ( #1298 ), #385 ) ;
#4141 = ADVANCED_FACE ( 'NONE', ( #4249 ), #849, .F. ) ;
#4142 = COLOUR_RGB ( '',0.7686274509803920907, 0.7686274509803920907, 0.7686274509803920907 ) ;
#4143 = CARTESIAN_POINT ( 'NONE',  ( 0.4868640000000001300, 0.3300000000000000155, -0.006863999999999980360 ) ) ;
#4144 = FACE_OUTER_BOUND ( 'NONE', #2336, .T. ) ;
#4145 = ORIENTED_EDGE ( 'NONE', *, *, #3816, .F. ) ;
#4146 = EDGE_CURVE ( 'NONE', #3538, #3248, #2595, .T. ) ;
#4147 = DIRECTION ( 'NONE',  ( 1.000000000000000000, 0.000000000000000000, 0.000000000000000000 ) ) ;
#4148 = DIRECTION ( 'NONE',  ( 1.000000000000000000, 0.000000000000000000, 0.000000000000000000 ) ) ;
#4149 = VECTOR ( 'NONE', #3818, 1000.000000000000227 ) ;
#4150 = VERTEX_POINT ( 'NONE', #1573 ) ;
#4151 = DIRECTION ( 'NONE',  ( -1.000000000000000000, 8.638156513374265913E-16, 0.000000000000000000 ) ) ;
#4152 = DIRECTION ( 'NONE',  ( 0.000000000000000000, -1.000000000000000000, 0.000000000000000000 ) ) ;
#4153 = CARTESIAN_POINT ( 'NONE',  ( 0.1499999999999999667, 0.3231360000000000343, -0.3300000000000000155 ) ) ;
#4154 = VERTEX_POINT ( 'NONE', #1210 ) ;
#4155 =( GEOMETRIC_REPRESENTATION_CONTEXT ( 3 ) GLOBAL_UNCERTAINTY_ASSIGNED_CONTEXT ( ( #3915 ) ) GLOBAL_UNIT_ASSIGNED_CONTEXT ( ( #4280, #1901, #179 ) ) REPRESENTATION_CONTEXT ( 'NONE', 'WORKASPACE' ) );
#4156 = LINE ( 'NONE', #1375, #3299 ) ;
#4157 = CARTESIAN_POINT ( 'NONE',  ( 0.2870519459192984457, 0.3281360000000000388, -0.1773786982585502658 ) ) ;
#4158 = LINE ( 'NONE', #1379, #1724 ) ;
#4159 = AXIS2_PLACEMENT_3D ( 'NONE', #317, #1713, #2777 ) ;
#4160 = ORIENTED_EDGE ( 'NONE', *, *, #9, .T. ) ;
#4161 = VECTOR ( 'NONE', #2251, 1000.000000000000000 ) ;
#4162 = COLOUR_RGB ( '',0.6470588235294117974, 0.5176470588235293491, 0.000000000000000000 ) ;
#4163 = COLOUR_RGB ( '',0.7686274509803920907, 0.7686274509803920907, 0.7686274509803920907 ) ;
#4164 = AXIS2_PLACEMENT_3D ( 'NONE', #3812, #640, #3120 ) ;
#4165 = COLOUR_RGB ( '',0.7686274509803920907, 0.7686274509803920907, 0.7686274509803920907 ) ;
#4166 = STYLED_ITEM ( 'NONE', ( #909 ), #2053 ) ;
#4167 = LINE ( 'NONE', #1686, #1451 ) ;
#4168 = ORIENTED_EDGE ( 'NONE', *, *, #3545, .T. ) ;
#4169 = CARTESIAN_POINT ( 'NONE',  ( 0.1499999999999999667, 0.000000000000000000, -0.006863999999999980360 ) ) ;
#4170 = ADVANCED_FACE ( 'NONE', ( #3302 ), #191, .T. ) ;
#4171 = VECTOR ( 'NONE', #225, 1000.000000000000000 ) ;
#4172 = ORIENTED_EDGE ( 'NONE', *, *, #1868, .F. ) ;
#4173 = LINE ( 'NONE', #2425, #2253 ) ;
#4174 = DIRECTION ( 'NONE',  ( 1.000000000000000000, 0.000000000000000000, -0.000000000000000000 ) ) ;
#4175 = STYLED_ITEM ( 'NONE', ( #3667 ), #4170 ) ;
#4176 = ORIENTED_EDGE ( 'NONE', *, *, #209, .F. ) ;
#4177 = DIRECTION ( 'NONE',  ( -0.2763173343569956808, 0.000000000000000000, 0.9610664548998910650 ) ) ;
#4178 = CARTESIAN_POINT ( 'NONE',  ( 0.4802434761475143365, 0.3209377311541842803, -0.3213134307377517596 ) ) ;
#4179 = CARTESIAN_POINT ( 'NONE',  ( 0.1748999999999999166, 0.3281360000000000388, -0.1650000000000000078 ) ) ;
#4180 = EDGE_CURVE ( 'NONE', #1472, #3719, #746, .T. ) ;
#4181 = ADVANCED_FACE ( 'NONE', ( #3438 ), #369, .T. ) ;
#4182 = VERTEX_POINT ( 'NONE', #3084 ) ;
#4183 = VECTOR ( 'NONE', #3014, 1000.000000000000000 ) ;
#4184 = CARTESIAN_POINT ( 'NONE',  ( 0.4800005154526299500, 0.3173433069079742430, -0.006948118178837678696 ) ) ;
#4185 = DIRECTION ( 'NONE',  ( 0.000000000000000000, 0.000000000000000000, -1.000000000000000000 ) ) ;
#4186 = CARTESIAN_POINT ( 'NONE',  ( 0.000000000000000000, 0.006863999999999998575, -0.006863999999999998575 ) ) ;
#4187 = STYLED_ITEM ( 'NONE', ( #2155 ), #4511 ) ;
#4188 = ORIENTED_EDGE ( 'NONE', *, *, #2457, .F. ) ;
#4189 = ORIENTED_EDGE ( 'NONE', *, *, #1257, .F. ) ;
#4190 = COLOUR_RGB ( '',0.7686274509803920907, 0.7686274509803920907, 0.7686274509803920907 ) ;
#4191 = SURFACE_STYLE_USAGE ( .BOTH. , #23 ) ;
#4192 = CARTESIAN_POINT ( 'NONE',  ( 0.1499999999999999667, 0.3231360000000000343, -0.3300000000000000155 ) ) ;
#4193 = ORIENTED_EDGE ( 'NONE', *, *, #4096, .F. ) ;
#4194 = DIRECTION ( 'NONE',  ( -1.000000000000000000, 0.000000000000000000, 0.000000000000000000 ) ) ;
#4195 = DIRECTION ( 'NONE',  ( 0.000000000000000000, -1.000000000000000000, 0.000000000000000000 ) ) ;
#4196 = ORIENTED_EDGE ( 'NONE', *, *, #1398, .T. ) ;
#4197 = EDGE_CURVE ( 'NONE', #2812, #1779, #1328, .T. ) ;
#4198 = LINE ( 'NONE', #1041, #2099 ) ;
#4199 = DIRECTION ( 'NONE',  ( 0.000000000000000000, 0.000000000000000000, 1.000000000000000000 ) ) ;
#4200 = ORIENTED_EDGE ( 'NONE', *, *, #1868, .T. ) ;
#4201 = LINE ( 'NONE', #1044, #2860 ) ;
#4202 = CARTESIAN_POINT ( 'NONE',  ( 0.1431359999999999577, 0.3300000000000000155, -0.006863999999999980360 ) ) ;
#4203 = ORIENTED_EDGE ( 'NONE', *, *, #3490, .T. ) ;
#4204 = EDGE_CURVE ( 'NONE', #567, #2138, #1967, .T. ) ;
#4205 =( NAMED_UNIT ( * ) SI_UNIT ( $, .STERADIAN. ) SOLID_ANGLE_UNIT ( ) );
#4206 = FACE_OUTER_BOUND ( 'NONE', #2014, .T. ) ;
#4207 =( NAMED_UNIT ( * ) PLANE_ANGLE_UNIT ( ) SI_UNIT ( $, .RADIAN. ) );
#4208 = ORIENTED_EDGE ( 'NONE', *, *, #2914, .T. ) ;
#4209 = ORIENTED_EDGE ( 'NONE', *, *, #2206, .T. ) ;
#4210 = ADVANCED_FACE ( 'NONE', ( #3766 ), #319, .F. ) ;
#4211 = DIRECTION ( 'NONE',  ( 0.2759782365590801034, 0.000000000000000000, -0.9611638845408936316 ) ) ;
#4212 = UNCERTAINTY_MEASURE_WITH_UNIT (LENGTH_MEASURE( 1.000000000000000082E-05 ), #1121, 'distance_accuracy_value', 'NONE');
#4213 = FACE_OUTER_BOUND ( 'NONE', #332, .T. ) ;
#4214 = DIRECTION ( 'NONE',  ( -0.2746918797667153300, 0.000000000000000000, 0.9615323037684321283 ) ) ;
#4215 = ORIENTED_EDGE ( 'NONE', *, *, #237, .F. ) ;
#4216 =( NAMED_UNIT ( * ) PLANE_ANGLE_UNIT ( ) SI_UNIT ( $, .RADIAN. ) );
#4217 = CARTESIAN_POINT ( 'NONE',  ( -0.02114064624411809284, 0.3281359999999999277, -0.01923640047652913979 ) ) ;
#4218 = ORIENTED_EDGE ( 'NONE', *, *, #3035, .T. ) ;
#4219 = COLOUR_RGB ( '',0.7686274509803920907, 0.7686274509803920907, 0.7686274509803920907 ) ;
#4220 = DIRECTION ( 'NONE',  ( 0.000000000000000000, -1.000000000000000000, 0.000000000000000000 ) ) ;
#4221 = FILL_AREA_STYLE_COLOUR ( '', #1216 ) ;
#4222 = ORIENTED_EDGE ( 'NONE', *, *, #3221, .F. ) ;
#4223 = SURFACE_SIDE_STYLE ('',( #1758 ) ) ;
#4224 = LINE ( 'NONE', #684, #710 ) ;
#4225 = ORIENTED_EDGE ( 'NONE', *, *, #4003, .F. ) ;
#4226 = AXIS2_PLACEMENT_3D ( 'NONE', #3634, #493, #1152 ) ;
#4227 = DIRECTION ( 'NONE',  ( 0.000000000000000000, 0.000000000000000000, 1.000000000000000000 ) ) ;
#4228 = DIRECTION ( 'NONE',  ( 1.000000000000000000, 0.000000000000000000, 0.000000000000000000 ) ) ;
#4229 = LINE ( 'NONE', #1765, #3482 ) ;
#4230 = ORIENTED_EDGE ( 'NONE', *, *, #1987, .T. ) ;
#4231 = MECHANICAL_DESIGN_GEOMETRIC_PRESENTATION_REPRESENTATION (  '', ( #3193 ), #704 ) ;
#4232 = EDGE_CURVE ( 'NONE', #1345, #75, #18, .T. ) ;
#4233 = VERTEX_POINT ( 'NONE', #2758 ) ;
#4234 = STYLED_ITEM ( 'NONE', ( #2842 ), #1304 ) ;
#4235 = SPHERICAL_SURFACE ( 'NONE', #4002, 0.006863999999999998575 ) ;
#4236 = CARTESIAN_POINT ( 'NONE',  ( 0.6231360000000000232, 0.3231360000000000343, -0.3231360000000000343 ) ) ;
#4237 = EDGE_CURVE ( 'NONE', #1709, #3942, #4156, .T. ) ;
#4238 = AXIS2_PLACEMENT_3D ( 'NONE', #2230, #1791, #77 ) ;
#4239 = VECTOR ( 'NONE', #3069, 1000.000000000000114 ) ;
#4240 = DIRECTION ( 'NONE',  ( 0.000000000000000000, -1.000000000000000000, 0.000000000000000000 ) ) ;
#4241 = VECTOR ( 'NONE', #1487, 1000.000000000000114 ) ;
#4242 = EDGE_LOOP ( 'NONE', ( #2231, #3011, #4006, #3765, #432, #2504, #65, #2505, #4490, #1127, #4283 ) ) ;
#4243 = CARTESIAN_POINT ( 'NONE',  ( 0.1498989171974484114, 0.3217782715020364726, -0.008221728497963490950 ) ) ;
#4244 = EDGE_LOOP ( 'NONE', ( #993, #57, #2435, #3452 ) ) ;
#4245 = AXIS2_PLACEMENT_3D ( 'NONE', #2359, #702, #1343 ) ;
#4246 = VECTOR ( 'NONE', #1829, 1000.000000000000000 ) ;
#4247 = LINE ( 'NONE', #2137, #802 ) ;
#4248 = ORIENTED_EDGE ( 'NONE', *, *, #2355, .T. ) ;
#4249 = FACE_OUTER_BOUND ( 'NONE', #1249, .T. ) ;
#4250 =( NAMED_UNIT ( * ) PLANE_ANGLE_UNIT ( ) SI_UNIT ( $, .RADIAN. ) );
#4251 = VECTOR ( 'NONE', #2966, 1000.000000000000000 ) ;
#4252 = CIRCLE ( 'NONE', #881, 0.006863999999999980360 ) ;
#4253 = CARTESIAN_POINT ( 'NONE',  ( 0.2034177547702480660, 0.3281360000000000388, -0.1650000000000000078 ) ) ;
#4254 = VERTEX_POINT ( 'NONE', #2432 ) ;
#4255 = AXIS2_PLACEMENT_3D ( 'NONE', #3699, #3020, #2654 ) ;
#4256 = DIRECTION ( 'NONE',  ( 0.000000000000000000, -1.000000000000000000, 0.000000000000000000 ) ) ;
#4257 = CARTESIAN_POINT ( 'NONE',  ( 0.1500033228270117591, 0.006994258045591277874, -0.01219478211266758136 ) ) ;
#4258 = DIRECTION ( 'NONE',  ( 0.000000000000000000, -1.000000000000000000, 0.000000000000000000 ) ) ;
#4259 =( GEOMETRIC_REPRESENTATION_CONTEXT ( 3 ) GLOBAL_UNCERTAINTY_ASSIGNED_CONTEXT ( ( #1133 ) ) GLOBAL_UNIT_ASSIGNED_CONTEXT ( ( #3349, #2712, #3016 ) ) REPRESENTATION_CONTEXT ( 'NONE', 'WORKASPACE' ) );
#4260 = ORIENTED_EDGE ( 'NONE', *, *, #1310, .T. ) ;
#4261 = ORIENTED_EDGE ( 'NONE', *, *, #4057, .T. ) ;
#4262 = VECTOR ( 'NONE', #3716, 1000.000000000000000 ) ;
#4263 = EDGE_CURVE ( 'NONE', #4182, #2825, #2072, .T. ) ;
#4264 = DIRECTION ( 'NONE',  ( -0.000000000000000000, 0.000000000000000000, -1.000000000000000000 ) ) ;
#4265 =( GEOMETRIC_REPRESENTATION_CONTEXT ( 3 ) GLOBAL_UNCERTAINTY_ASSIGNED_CONTEXT ( ( #906 ) ) GLOBAL_UNIT_ASSIGNED_CONTEXT ( ( #3614, #3244, #119 ) ) REPRESENTATION_CONTEXT ( 'NONE', 'WORKASPACE' ) );
#4266 = EDGE_CURVE ( 'NONE', #3072, #3671, #1852, .T. ) ;
#4267 = VERTEX_POINT ( 'NONE', #3884 ) ;
#4268 = FILL_AREA_STYLE ('',( #2863 ) ) ;
#4269 = FILL_AREA_STYLE ('',( #3199 ) ) ;
#4270 = EDGE_LOOP ( 'NONE', ( #1219, #876, #3151, #2178 ) ) ;
#4271 = UNCERTAINTY_MEASURE_WITH_UNIT (LENGTH_MEASURE( 1.000000000000000082E-05 ), #2399, 'distance_accuracy_value', 'NONE');
#4272 = EDGE_CURVE ( 'NONE', #1613, #2958, #2040, .T. ) ;
#4273 = DIRECTION ( 'NONE',  ( 0.000000000000000000, 0.000000000000000000, -1.000000000000000000 ) ) ;
#4274 = DIRECTION ( 'NONE',  ( 0.000000000000000000, 1.000000000000000000, 0.000000000000000000 ) ) ;
#4275 = EDGE_LOOP ( 'NONE', ( #3883, #1191, #21, #126, #1697, #3655, #2309, #895 ) ) ;
#4276 = DIRECTION ( 'NONE',  ( -0.9610992334305189511, 0.000000000000000000, -0.2762033010289141610 ) ) ;
#4277 = FILL_AREA_STYLE_COLOUR ( '', #4468 ) ;
#4278 = VERTEX_POINT ( 'NONE', #2873 ) ;
#4279 = CARTESIAN_POINT ( 'NONE',  ( 0.6231360000000000232, 0.3300000000000000155, -0.3231360000000000343 ) ) ;
#4280 =( LENGTH_UNIT ( ) NAMED_UNIT ( * ) SI_UNIT ( .MILLI., .METRE. ) );
#4281 = FILL_AREA_STYLE_COLOUR ( '', #574 ) ;
#4282 = ORIENTED_EDGE ( 'NONE', *, *, #4477, .T. ) ;
#4283 = ORIENTED_EDGE ( 'NONE', *, *, #361, .T. ) ;
#4284 = MANIFOLD_SOLID_BREP ( 'Scale1[1]', #2746 ) ;
#4285 = LINE ( 'NONE', #1124, #1946 ) ;
#4286 = SURFACE_SIDE_STYLE ('',( #1158 ) ) ;
#4287 = CARTESIAN_POINT ( 'NONE',  ( 0.4800000000000001488, 0.006863999999999980360, -0.3170334024585848565 ) ) ;
#4288 = ORIENTED_EDGE ( 'NONE', *, *, #4533, .T. ) ;
#4289 = ADVANCED_FACE ( 'NONE', ( #761 ), #3977, .F. ) ;
#4290 = AXIS2_PLACEMENT_3D ( 'NONE', #1185, #1620, #4051 ) ;
#4291 = DIRECTION ( 'NONE',  ( 0.000000000000000000, 0.000000000000000000, 1.000000000000000000 ) ) ;
#4292 = DIRECTION ( 'NONE',  ( 0.000000000000000000, 0.000000000000000000, 1.000000000000000000 ) ) ;
#4293 = UNCERTAINTY_MEASURE_WITH_UNIT (LENGTH_MEASURE( 1.000000000000000082E-05 ), #5, 'distance_accuracy_value', 'NONE');
#4294 = ORIENTED_EDGE ( 'NONE', *, *, #3131, .T. ) ;
#4295 = DIRECTION ( 'NONE',  ( 0.000000000000000000, 0.000000000000000000, 1.000000000000000000 ) ) ;
#4296 = CARTESIAN_POINT ( 'NONE',  ( 0.1748999999999999166, 0.3231360000000000343, -0.1650000000000000078 ) ) ;
#4297 = LINE ( 'NONE', #1211, #3001 ) ;
#4298 = ORIENTED_EDGE ( 'NONE', *, *, #995, .T. ) ;
#4299 =( GEOMETRIC_REPRESENTATION_CONTEXT ( 3 ) GLOBAL_UNCERTAINTY_ASSIGNED_CONTEXT ( ( #2910 ) ) GLOBAL_UNIT_ASSIGNED_CONTEXT ( ( #3690, #4495, #3034 ) ) REPRESENTATION_CONTEXT ( 'NONE', 'WORKASPACE' ) );
#4300 = ADVANCED_FACE ( 'NONE', ( #2171 ), #2918, .F. ) ;
#4301 = PRESENTATION_STYLE_ASSIGNMENT (( #1877 ) ) ;
#4302 = CARTESIAN_POINT ( 'NONE',  ( 0.1499423768336785590, 0.3199325472226470790, -0.007872639973344759678 ) ) ;
#4303 = FILL_AREA_STYLE_COLOUR ( '', #2832 ) ;
#4304 = CARTESIAN_POINT ( 'NONE',  ( 0.4800000000000001488, 0.3231360000000000343, -0.01372799999999996072 ) ) ;
#4305 = ORIENTED_EDGE ( 'NONE', *, *, #818, .F. ) ;
#4306 = ORIENTED_EDGE ( 'NONE', *, *, #67, .F. ) ;
#4307 = AXIS2_PLACEMENT_3D ( 'NONE', #3241, #1199, #2559 ) ;
#4308 = CARTESIAN_POINT ( 'NONE',  ( 0.2870519459192984457, 0.3231360000000000343, -0.1773786982585502658 ) ) ;
#4309 = SPHERICAL_SURFACE ( 'NONE', #1357, 0.006863999999999998575 ) ;
#4310 = CIRCLE ( 'NONE', #139, 0.006863999999999980360 ) ;
#4311 = CARTESIAN_POINT ( 'NONE',  ( 0.4800000000000001488, 0.006863999999999980360, -0.3162720000000000531 ) ) ;
#4312 = CIRCLE ( 'NONE', #211, 0.006863999999999980360 ) ;
#4313 = PRESENTATION_STYLE_ASSIGNMENT (( #2905 ) ) ;
#4314 = FILL_AREA_STYLE ('',( #1059 ) ) ;
#4315 = CARTESIAN_POINT ( 'NONE',  ( 0.6300000000000000044, 0.006863999999999998575, -0.3231360000000000343 ) ) ;
#4316 = LINE ( 'NONE', #2567, #3073 ) ;
#4317 = ORIENTED_EDGE ( 'NONE', *, *, #1987, .F. ) ;
#4318 = MECHANICAL_DESIGN_GEOMETRIC_PRESENTATION_REPRESENTATION (  '', ( #3201 ), #3795 ) ;
#4319 = CIRCLE ( 'NONE', #2998, 0.006863999999999998575 ) ;
#4320 = CARTESIAN_POINT ( 'NONE',  ( 0.2870519459192984457, 0.3281360000000000388, -0.1773786982585502658 ) ) ;
#4321 = FILL_AREA_STYLE ('',( #3524 ) ) ;
#4322 = EDGE_CURVE ( 'NONE', #2825, #2623, #1143, .T. ) ;
#4323 = VERTEX_POINT ( 'NONE', #412 ) ;
#4324 = CARTESIAN_POINT ( 'NONE',  ( 0.1499994845473701377, 0.3173433069079742985, -0.3230518818211622900 ) ) ;
#4325 = CYLINDRICAL_SURFACE ( 'NONE', #1148, 0.006863999999999980360 ) ;
#4326 = DIRECTION ( 'NONE',  ( 0.000000000000000000, -1.000000000000000000, 0.000000000000000000 ) ) ;
#4327 = ORIENTED_EDGE ( 'NONE', *, *, #2640, .T. ) ;
#4328 = VECTOR ( 'NONE', #3804, 1000.000000000000000 ) ;
#4329 = CARTESIAN_POINT ( 'NONE',  ( 0.1499423768336785590, 0.3221273600266552628, -0.3199325472226470790 ) ) ;
#4330 = VECTOR ( 'NONE', #1836, 1000.000000000000000 ) ;
#4331 = EDGE_CURVE ( 'NONE', #462, #2623, #1803, .T. ) ;
#4332 = LINE ( 'NONE', #1176, #3588 ) ;
#4333 = CARTESIAN_POINT ( 'NONE',  ( 0.4801485633482507898, 0.009372110039554851918, -0.3216232719316838295 ) ) ;
#4334 = EDGE_CURVE ( 'NONE', #3806, #1095, #87, .T. ) ;
#4335 = DIRECTION ( 'NONE',  ( 0.000000000000000000, 1.000000000000000000, 0.000000000000000000 ) ) ;
#4336 = ORIENTED_EDGE ( 'NONE', *, *, #4068, .T. ) ;
#4337 = VECTOR ( 'NONE', #3633, 1000.000000000000114 ) ;
#4338 = CARTESIAN_POINT ( 'NONE',  ( 0.6300000000000000044, 0.3300000000000000155, 0.000000000000000000 ) ) ;
#4339 = VECTOR ( 'NONE', #2841, 1000.000000000000000 ) ;
#4340 = B_SPLINE_CURVE_WITH_KNOTS ( 'NONE', 3,
 ( #2885, #4287, #800, #3596, #455, #1843, #3247, #121, #1496, #2907 ),
 .UNSPECIFIED., .F., .F.,
 ( 4, 3, 3, 4 ),
 ( 0.000000000000000000, 2.284207375754371617E-06, 4.573131809475235431E-06, 5.378086119801697582E-06 ),
 .UNSPECIFIED. ) ;
#4341 = CARTESIAN_POINT ( 'NONE',  ( 0.6231360000000000232, 0.006863999999999998575, -0.006863999999999998575 ) ) ;
#4342 = PRESENTATION_LAYER_ASSIGNMENT (  '', '', ( #2864 ) ) ;
#4343 = CARTESIAN_POINT ( 'NONE',  ( 0.6300000000000000044, 0.006863999999999998575, -0.006863999999999998575 ) ) ;
#4344 =( NAMED_UNIT ( * ) SI_UNIT ( $, .STERADIAN. ) SOLID_ANGLE_UNIT ( ) );
#4345 = DIRECTION ( 'NONE',  ( -1.000000000000000000, 0.000000000000000000, 0.000000000000000000 ) ) ;
#4346 = LINE ( 'NONE', #1456, #4485 ) ;
#4347 = ORIENTED_EDGE ( 'NONE', *, *, #3641, .T. ) ;
#4348 = CARTESIAN_POINT ( 'NONE',  ( 0.4800052596634430402, 0.3227122925693834965, -0.3187521108625563371 ) ) ;
#4349 = DIRECTION ( 'NONE',  ( -0.2765379750249969404, 0.000000000000000000, 0.9610029908221275896 ) ) ;
#4350 = VERTEX_POINT ( 'NONE', #1508 ) ;
#4351 = CARTESIAN_POINT ( 'NONE',  ( 0.3288603064604122550, 0.3281360000000000388, -0.1732479428933267340 ) ) ;
#4352 = CARTESIAN_POINT ( 'NONE',  ( 0.4868640000000001300, 0.3231360000000000343, -0.006863999999999998575 ) ) ;
#4353 = SURFACE_SIDE_STYLE ('',( #2597 ) ) ;
#4354 = ORIENTED_EDGE ( 'NONE', *, *, #2059, .F. ) ;
#4355 = CARTESIAN_POINT ( 'NONE',  ( 0.1996982596732767012, 0.3281360000000000388, -0.2083447309874472686 ) ) ;
#4356 = CARTESIAN_POINT ( 'NONE',  ( 0.1499999999999999667, 0.3162720000000000531, -0.3231360000000000343 ) ) ;
#4357 = FILL_AREA_STYLE_COLOUR ( '', #1243 ) ;
#4358 = CARTESIAN_POINT ( 'NONE',  ( 0.4800000000000001488, 0.006863999999999980360, -0.006863999999999980360 ) ) ;
#4359 = CARTESIAN_POINT ( 'NONE',  ( 0.1499756019922066919, 0.01075576244253188297, -0.3225058659939087913 ) ) ;
#4360 = ORIENTED_EDGE ( 'NONE', *, *, #1561, .F. ) ;
#4361 = EDGE_CURVE ( 'NONE', #3492, #3788, #2719, .T. ) ;
#4362 = DIRECTION ( 'NONE',  ( 1.000000000000000000, 0.000000000000000000, 1.539402763017534586E-15 ) ) ;
#4363 = CARTESIAN_POINT ( 'NONE',  ( 0.3141752726016238118, 0.3231360000000000343, -0.1649999999999999800 ) ) ;
#4364 = PRESENTATION_STYLE_ASSIGNMENT (( #2586 ) ) ;
#4365 = PRESENTATION_STYLE_ASSIGNMENT (( #4050 ) ) ;
#4366 = ADVANCED_FACE ( 'NONE', ( #439 ), #1832, .F. ) ;
#4367 = DIRECTION ( 'NONE',  ( -1.000000000000000000, 0.000000000000000000, 0.000000000000000000 ) ) ;
#4368 =( NAMED_UNIT ( * ) SI_UNIT ( $, .STERADIAN. ) SOLID_ANGLE_UNIT ( ) );
#4369 = MANIFOLD_SOLID_BREP ( 'Scale1[3]', #1645 ) ;
#4370 = CARTESIAN_POINT ( 'NONE',  ( 0.1873565261986910591, 0.3231360000000000343, -0.2083447309874472686 ) ) ;
#4371 = EDGE_LOOP ( 'NONE', ( #726, #2611, #2500, #4172 ) ) ;
#4372 = UNCERTAINTY_MEASURE_WITH_UNIT (LENGTH_MEASURE( 1.000000000000000082E-05 ), #1961, 'distance_accuracy_value', 'NONE');
#4373 = CARTESIAN_POINT ( 'NONE',  ( 0.4803010196075459537, 0.008874419053935517221, -0.3211255809460644706 ) ) ;
#4374 = DIRECTION ( 'NONE',  ( -0.9615825319869156784, 0.000000000000000000, -0.2745159998572621052 ) ) ;
#4375 =( NAMED_UNIT ( * ) SI_UNIT ( $, .STERADIAN. ) SOLID_ANGLE_UNIT ( ) );
#4376 = SURFACE_STYLE_USAGE ( .BOTH. , #4353 ) ;
#4377 = ORIENTED_EDGE ( 'NONE', *, *, #3641, .F. ) ;
#4378 = DIRECTION ( 'NONE',  ( 1.000000000000000000, 0.000000000000000000, 0.000000000000000000 ) ) ;
#4379 = DIRECTION ( 'NONE',  ( 0.9611542233438681304, 0.000000000000000000, 0.2760118818968593235 ) ) ;
#4380 = SPHERICAL_SURFACE ( 'NONE', #2987, 0.006863999999999998575 ) ;
#4381 = MECHANICAL_DESIGN_GEOMETRIC_PRESENTATION_REPRESENTATION (  '', ( #1571 ), #4299 ) ;
#4382 =( NAMED_UNIT ( * ) SI_UNIT ( $, .STERADIAN. ) SOLID_ANGLE_UNIT ( ) );
#4383 = ORIENTED_EDGE ( 'NONE', *, *, #760, .F. ) ;
#4384 = CARTESIAN_POINT ( 'NONE',  ( 0.3595517425498618302, 0.3281360000000000388, -0.1650000000000000078 ) ) ;
#4385 = CARTESIAN_POINT ( 'NONE',  ( 0.2034177547702480660, 0.3281360000000000388, -0.1650000000000000078 ) ) ;
#4386 = EDGE_CURVE ( 'NONE', #2747, #3557, #1540, .T. ) ;
#4387 = PRESENTATION_LAYER_ASSIGNMENT (  '', '', ( #132 ) ) ;
#4388 = FACE_OUTER_BOUND ( 'NONE', #3166, .T. ) ;
#4389 = STYLED_ITEM ( 'NONE', ( #2949 ), #786 ) ;
#4390 =( NAMED_UNIT ( * ) SI_UNIT ( $, .STERADIAN. ) SOLID_ANGLE_UNIT ( ) );
#4391 = EDGE_CURVE ( 'NONE', #3973, #1061, #3673, .T. ) ;
#4392 = CARTESIAN_POINT ( 'NONE',  ( 0.3505338581016901878, 0.3281360000000000388, -0.1840192170103121527 ) ) ;
#4393 = FILL_AREA_STYLE_COLOUR ( '', #85 ) ;
#4394 = ORIENTED_EDGE ( 'NONE', *, *, #3386, .F. ) ;
#4395 = MECHANICAL_DESIGN_GEOMETRIC_PRESENTATION_REPRESENTATION (  '', ( #1064 ), #3345 ) ;
#4396 = CARTESIAN_POINT ( 'NONE',  ( 0.1873565261986910591, 0.3281360000000000388, -0.2083447309874472686 ) ) ;
#4397 = MECHANICAL_DESIGN_GEOMETRIC_PRESENTATION_REPRESENTATION (  '', ( #2010 ), #1590 ) ;
#4398 = DIRECTION ( 'NONE',  ( 1.000000000000000000, 0.000000000000000000, 0.000000000000000000 ) ) ;
#4399 = ORIENTED_EDGE ( 'NONE', *, *, #3033, .T. ) ;
#4400 = DIRECTION ( 'NONE',  ( 0.000000000000000000, -1.000000000000000000, 0.000000000000000000 ) ) ;
#4401 =( NAMED_UNIT ( * ) PLANE_ANGLE_UNIT ( ) SI_UNIT ( $, .RADIAN. ) );
#4402 = CARTESIAN_POINT ( 'NONE',  ( 0.4801010828025516486, 0.3217782715020364726, -0.008221728497963487481 ) ) ;
#4403 = CARTESIAN_POINT ( 'NONE',  ( 0.006863999999999980360, 0.006863999999999998575, 0.000000000000000000 ) ) ;
#4404 = COLOUR_RGB ( '',0.7686274509803920907, 0.7686274509803920907, 0.7686274509803920907 ) ;
#4405 = AXIS2_PLACEMENT_3D ( 'NONE', #1582, #4133, #974 ) ;
#4406 = CARTESIAN_POINT ( 'NONE',  ( 0.2604223604419914073, 0.3231360000000000343, -0.1649999999999999800 ) ) ;
#4407 = ORIENTED_EDGE ( 'NONE', *, *, #4063, .F. ) ;
#4408 = AXIS2_PLACEMENT_3D ( 'NONE', #3491, #3291, #4214 ) ;
#4409 = AXIS2_PLACEMENT_3D ( 'NONE', #1626, #4058, #3031 ) ;
#4410 = SURFACE_STYLE_FILL_AREA ( #2346 ) ;
#4411 = UNCERTAINTY_MEASURE_WITH_UNIT (LENGTH_MEASURE( 1.000000000000000082E-05 ), #3726, 'distance_accuracy_value', 'NONE');
#4412 = VECTOR ( 'NONE', #2419, 1000.000000000000000 ) ;
#4413 =( NAMED_UNIT ( * ) PLANE_ANGLE_UNIT ( ) SI_UNIT ( $, .RADIAN. ) );
#4414 = EDGE_CURVE ( 'NONE', #2868, #4082, #2291, .T. ) ;
#4415 = UNCERTAINTY_MEASURE_WITH_UNIT (LENGTH_MEASURE( 1.000000000000000082E-05 ), #2814, 'distance_accuracy_value', 'NONE');
#4416 = CARTESIAN_POINT ( 'NONE',  ( 0.3564303293722252963, 0.3281360000000000388, -0.2000369535397830967 ) ) ;
#4417 = CARTESIAN_POINT ( 'NONE',  ( 0.1496989803924541895, 0.3211255809460645261, -0.3211255809460644151 ) ) ;
#4418 = COLOUR_RGB ( '',0.7686274509803920907, 0.7686274509803920907, 0.7686274509803920907 ) ;
#4419 = ORIENTED_EDGE ( 'NONE', *, *, #3190, .T. ) ;
#4420 = EDGE_CURVE ( 'NONE', #2258, #1147, #3993, .T. ) ;
#4421 = UNCERTAINTY_MEASURE_WITH_UNIT (LENGTH_MEASURE( 1.000000000000000082E-05 ), #706, 'distance_accuracy_value', 'NONE');
#4422 = CARTESIAN_POINT ( 'NONE',  ( 0.4800018883147387228, 0.3229398653938053698, -0.3180522150031764306 ) ) ;
#4423 = CARTESIAN_POINT ( 'NONE',  ( 0.3564303293722252963, 0.3281360000000000388, -0.2000369535397830967 ) ) ;
#4424 = ORIENTED_EDGE ( 'NONE', *, *, #3698, .F. ) ;
#4425 = SURFACE_SIDE_STYLE ('',( #24 ) ) ;
#4426 = EDGE_CURVE ( 'NONE', #2258, #2577, #2274, .T. ) ;
#4427 = CARTESIAN_POINT ( 'NONE',  ( 0.3214207890201735141, 0.3231360000000000343, -0.2083447309874472686 ) ) ;
#4428 = LINE ( 'NONE', #2648, #2380 ) ;
#4429 = FILL_AREA_STYLE ('',( #1260 ) ) ;
#4430 = FILL_AREA_STYLE ('',( #1962 ) ) ;
#4431 = PRESENTATION_STYLE_ASSIGNMENT (( #3080 ) ) ;
#4432 = ORIENTED_EDGE ( 'NONE', *, *, #1588, .T. ) ;
#4433 = SURFACE_STYLE_USAGE ( .BOTH. , #4022 ) ;
#4434 = LINE ( 'NONE', #2655, #1503 ) ;
#4435 = DIRECTION ( 'NONE',  ( 1.000000000000000000, 0.000000000000000000, 0.000000000000000000 ) ) ;
#4436 =( NAMED_UNIT ( * ) SI_UNIT ( $, .STERADIAN. ) SOLID_ANGLE_UNIT ( ) );
#4437 = DIRECTION ( 'NONE',  ( 0.000000000000000000, -1.000000000000000000, 0.000000000000000000 ) ) ;
#4438 = SURFACE_STYLE_USAGE ( .BOTH. , #946 ) ;
#4439 = ORIENTED_EDGE ( 'NONE', *, *, #3308, .T. ) ;
#4440 = PRESENTATION_STYLE_ASSIGNMENT (( #1869 ) ) ;
#4441 = DIRECTION ( 'NONE',  ( -0.000000000000000000, 0.000000000000000000, 1.000000000000000000 ) ) ;
#4442 = LINE ( 'NONE', #2683, #155 ) ;
#4443 = EDGE_CURVE ( 'NONE', #535, #2769, #528, .T. ) ;
#4444 = VERTEX_POINT ( 'NONE', #2988 ) ;
#4445 = DIRECTION ( 'NONE',  ( 0.000000000000000000, 1.000000000000000000, 0.000000000000000000 ) ) ;
#4446 = DIRECTION ( 'NONE',  ( -0.9612861490927331332, 0.000000000000000000, -0.2755520632520533919 ) ) ;
#4447 = DIRECTION ( 'NONE',  ( 0.2732148821746424594, 0.000000000000000000, -0.9619530280415443668 ) ) ;
#4448 =( NAMED_UNIT ( * ) PLANE_ANGLE_UNIT ( ) SI_UNIT ( $, .RADIAN. ) );
#4449 = DIRECTION ( 'NONE',  ( 1.000000000000000000, 0.000000000000000000, 0.000000000000000000 ) ) ;
#4450 = LINE ( 'NONE', #1277, #3653 ) ;
#4451 = ADVANCED_FACE ( 'NONE', ( #1258 ), #914, .F. ) ;
#4452 = ORIENTED_EDGE ( 'NONE', *, *, #673, .T. ) ;
#4453 = STYLED_ITEM ( 'NONE', ( #206 ), #100 ) ;
#4454 = CARTESIAN_POINT ( 'NONE',  ( 0.6231360000000000232, 0.006863999999999998575, -0.3300000000000000155 ) ) ;
#4455 = DIRECTION ( 'NONE',  ( 0.000000000000000000, 0.000000000000000000, 1.000000000000000000 ) ) ;
#4456 = UNCERTAINTY_MEASURE_WITH_UNIT (LENGTH_MEASURE( 1.000000000000000082E-05 ), #3197, 'distance_accuracy_value', 'NONE');
#4457 = ORIENTED_EDGE ( 'NONE', *, *, #3131, .F. ) ;
#4458 =( LENGTH_UNIT ( ) NAMED_UNIT ( * ) SI_UNIT ( .MILLI., .METRE. ) );
#4459 = UNCERTAINTY_MEASURE_WITH_UNIT (LENGTH_MEASURE( 1.000000000000000082E-05 ), #3981, 'distance_accuracy_value', 'NONE');
#4460 = STYLED_ITEM ( 'NONE', ( #1682 ), #561 ) ;
#4461 = CARTESIAN_POINT ( 'NONE',  ( 0.3214207890201735141, 0.3281360000000000388, -0.2083447309874472686 ) ) ;
#4462 = VECTOR ( 'NONE', #4000, 1000.000000000000000 ) ;
#4463 =( NAMED_UNIT ( * ) PLANE_ANGLE_UNIT ( ) SI_UNIT ( $, .RADIAN. ) );
#4464 = CARTESIAN_POINT ( 'NONE',  ( 0.1499999999999999667, 0.006863999999999980360, -0.01372799999999996072 ) ) ;
#4465 =( LENGTH_UNIT ( ) NAMED_UNIT ( * ) SI_UNIT ( .MILLI., .METRE. ) );
#4466 = ORIENTED_EDGE ( 'NONE', *, *, #3952, .F. ) ;
#4467 = FILL_AREA_STYLE ('',( #1644 ) ) ;
#4468 = COLOUR_RGB ( '',0.7686274509803920907, 0.7686274509803920907, 0.7686274509803920907 ) ;
#4469 = EDGE_CURVE ( 'NONE', #3602, #3126, #575, .T. ) ;
#4470 = CARTESIAN_POINT ( 'NONE',  ( 0.2792175273593778262, 0.3231360000000000343, -0.2035886746902791367 ) ) ;
#4471 = LINE ( 'NONE', #3327, #2109 ) ;
#4472 = CYLINDRICAL_SURFACE ( 'NONE', #3058, 0.006863999999999998575 ) ;
#4473 = FACE_OUTER_BOUND ( 'NONE', #2078, .T. ) ;
#4474 = ORIENTED_EDGE ( 'NONE', *, *, #869, .F. ) ;
#4475 = VECTOR ( 'NONE', #2726, 1000.000000000000227 ) ;
#4476 = EDGE_CURVE ( 'NONE', #2138, #3794, #1958, .T. ) ;
#4477 = EDGE_CURVE ( 'NONE', #1073, #4254, #933, .T. ) ;
#4478 = AXIS2_PLACEMENT_3D ( 'NONE', #1539, #4335, #3312 ) ;
#4479 =( NAMED_UNIT ( * ) SI_UNIT ( $, .STERADIAN. ) SOLID_ANGLE_UNIT ( ) );
#4480 = DIRECTION ( 'NONE',  ( 0.000000000000000000, 0.000000000000000000, -1.000000000000000000 ) ) ;
#4481 = CARTESIAN_POINT ( 'NONE',  ( 0.006863999999999998575, 0.006863999999999998575, -0.006863999999999998575 ) ) ;
#4482 = STYLED_ITEM ( 'NONE', ( #3428 ), #2964 ) ;
#4483 = ADVANCED_FACE ( 'NONE', ( #3742 ), #257, .F. ) ;
#4484 =( GEOMETRIC_REPRESENTATION_CONTEXT ( 3 ) GLOBAL_UNCERTAINTY_ASSIGNED_CONTEXT ( ( #3342 ) ) GLOBAL_UNIT_ASSIGNED_CONTEXT ( ( #1362, #4463, #3090 ) ) REPRESENTATION_CONTEXT ( 'NONE', 'WORKASPACE' ) );
#4485 = VECTOR ( 'NONE', #3895, 1000.000000000000114 ) ;
#4486 =( NAMED_UNIT ( * ) PLANE_ANGLE_UNIT ( ) SI_UNIT ( $, .RADIAN. ) );
#4487 = DIRECTION ( 'NONE',  ( 0.3829140317376895086, 0.000000000000000000, 0.9237839814038711905 ) ) ;
#4488 = AXIS2_PLACEMENT_3D ( 'NONE', #2759, #4185, #2433 ) ;
#4489 = PRESENTATION_STYLE_ASSIGNMENT (( #3420 ) ) ;
#4490 = ORIENTED_EDGE ( 'NONE', *, *, #1393, .T. ) ;
#4491 = CARTESIAN_POINT ( 'NONE',  ( 0.2870519459192984457, 0.3281360000000000388, -0.1773786982585502658 ) ) ;
#4492 = COLOUR_RGB ( '',0.7686274509803920907, 0.7686274509803920907, 0.7686274509803920907 ) ;
#4493 = DIRECTION ( 'NONE',  ( 0.9999891854650020395, 0.000000000000000000, 0.004650693823683970871 ) ) ;
#4494 = EDGE_LOOP ( 'NONE', ( #919, #3813, #1754, #2474, #1105, #2126 ) ) ;
#4495 =( NAMED_UNIT ( * ) PLANE_ANGLE_UNIT ( ) SI_UNIT ( $, .RADIAN. ) );
#4496 = AXIS2_PLACEMENT_3D ( 'NONE', #833, #3530, #388 ) ;
#4497 = FILL_AREA_STYLE ('',( #4075 ) ) ;
#4498 = EDGE_LOOP ( 'NONE', ( #3689, #634, #1053, #3325, #1808, #2785 ) ) ;
#4499 = DIRECTION ( 'NONE',  ( -1.000000000000000000, 0.000000000000000000, 0.000000000000000000 ) ) ;
#4500 = CARTESIAN_POINT ( 'NONE',  ( 0.4800105301632431876, 0.3185243421708192080, -0.3227559379042022059 ) ) ;
#4501 = CARTESIAN_POINT ( 'NONE',  ( 0.2414989578296221628, 0.3281360000000000388, -0.1920321708944721650 ) ) ;
#4502 = AXIS2_PLACEMENT_3D ( 'NONE', #1646, #2677, #1862 ) ;
#4503 = ORIENTED_EDGE ( 'NONE', *, *, #610, .T. ) ;
#4504 = CARTESIAN_POINT ( 'NONE',  ( 0.4801974708265736580, 0.009263316881069311864, -0.008507498535998263625 ) ) ;
#4505 = LINE ( 'NONE', #1941, #3192 ) ;
#4506 = LINE ( 'NONE', #1983, #1595 ) ;
#4507 = EDGE_CURVE ( 'NONE', #1198, #3985, #3907, .T. ) ;
#4508 = DIRECTION ( 'NONE',  ( -1.000000000000000000, 0.000000000000000000, 0.000000000000000000 ) ) ;
#4509 = CARTESIAN_POINT ( 'NONE',  ( 0.2361433698422951144, 0.3281360000000000388, -0.1732463613633699606 ) ) ;
#4510 = DIRECTION ( 'NONE',  ( -0.000000000000000000, -0.000000000000000000, -1.000000000000000000 ) ) ;
#4511 = ADVANCED_FACE ( 'NONE', ( #2227 ), #72, .F. ) ;
#4512 = CYLINDRICAL_SURFACE ( 'NONE', #2028, 0.006863999999999998575 ) ;
#4513 = ORIENTED_EDGE ( 'NONE', *, *, #1838, .F. ) ;
#4514 = DIRECTION ( 'NONE',  ( 1.000000000000000000, 0.000000000000000000, 0.000000000000000000 ) ) ;
#4515 = CARTESIAN_POINT ( 'NONE',  ( 0.3962247889799387912, 0.3281360000000000388, -0.2083447309874472686 ) ) ;
#4516 = ORIENTED_EDGE ( 'NONE', *, *, #1506, .T. ) ;
#4517 = FACE_OUTER_BOUND ( 'NONE', #2497, .T. ) ;
#4518 = CARTESIAN_POINT ( 'NONE',  ( 0.3089588592604216033, 0.3281360000000000388, -0.1649999999999999800 ) ) ;
#4519 = ORIENTED_EDGE ( 'NONE', *, *, #4331, .T. ) ;
#4520 =( NAMED_UNIT ( * ) PLANE_ANGLE_UNIT ( ) SI_UNIT ( $, .RADIAN. ) );
#4521 =( NAMED_UNIT ( * ) SI_UNIT ( $, .STERADIAN. ) SOLID_ANGLE_UNIT ( ) );
#4522 = FILL_AREA_STYLE_COLOUR ( '', #4553 ) ;
#4523 = ORIENTED_EDGE ( 'NONE', *, *, #1725, .F. ) ;
#4524 =( NAMED_UNIT ( * ) SI_UNIT ( $, .STERADIAN. ) SOLID_ANGLE_UNIT ( ) );
#4525 = CARTESIAN_POINT ( 'NONE',  ( 0.3595517425498618302, 0.3231360000000000343, -0.1650000000000000078 ) ) ;
#4526 = DIRECTION ( 'NONE',  ( -1.000000000000000000, 0.000000000000000000, -0.000000000000000000 ) ) ;
#4527 = ORIENTED_EDGE ( 'NONE', *, *, #1146, .F. ) ;
#4528 = VECTOR ( 'NONE', #3662, 1000.000000000000000 ) ;
#4529 = ADVANCED_FACE ( 'NONE', ( #423 ), #1157, .F. ) ;
#4530 =( LENGTH_UNIT ( ) NAMED_UNIT ( * ) SI_UNIT ( .MILLI., .METRE. ) );
#4531 = CARTESIAN_POINT ( 'NONE',  ( 0.3718990113796860064, 0.3231360000000000343, -0.1650000000000000078 ) ) ;
#4532 = AXIS2_PLACEMENT_3D ( 'NONE', #1312, #2365, #1970 ) ;
#4533 = EDGE_CURVE ( 'NONE', #755, #1278, #2883, .T. ) ;
#4534 = LINE ( 'NONE', #1016, #4412 ) ;
#4535 = VERTEX_POINT ( 'NONE', #1519 ) ;
#4536 = DIRECTION ( 'NONE',  ( 0.000000000000000000, 0.000000000000000000, -1.000000000000000000 ) ) ;
#4537 = ORIENTED_EDGE ( 'NONE', *, *, #3864, .F. ) ;
#4538 = COLOUR_RGB ( '',0.7686274509803920907, 0.7686274509803920907, 0.7686274509803920907 ) ;
#4539 = FACE_OUTER_BOUND ( 'NONE', #437, .T. ) ;
#4540 = PRESENTATION_LAYER_ASSIGNMENT (  '', '', ( #1940 ) ) ;
#4541 = VERTEX_POINT ( 'NONE', #3293 ) ;
#4542 = DIRECTION ( 'NONE',  ( 0.000000000000000000, -1.000000000000000000, 0.000000000000000000 ) ) ;
#4543 = CARTESIAN_POINT ( 'NONE',  ( 0.4799966771729883841, 0.3178052178873324585, -0.3230057419544087316 ) ) ;
#4544 = PLANE ( 'NONE',  #2772 ) ;
#4545 = ORIENTED_EDGE ( 'NONE', *, *, #2353, .F. ) ;
#4546 = VECTOR ( 'NONE', #2891, 1000.000000000000000 ) ;
#4547 = DIRECTION ( 'NONE',  ( 1.000000000000000000, 0.000000000000000000, 0.000000000000000000 ) ) ;
#4548 = CARTESIAN_POINT ( 'NONE',  ( 0.1748999999999999166, 0.3231360000000000343, -0.1650000000000000078 ) ) ;
#4549 = PLANE ( 'NONE',  #2465 ) ;
#4550 = VECTOR ( 'NONE', #2352, 1000.000000000000000 ) ;
#4551 = VERTEX_POINT ( 'NONE', #4343 ) ;
#4552 = AXIS2_PLACEMENT_3D ( 'NONE', #4236, #3591, #2184 ) ;
#4553 = COLOUR_RGB ( '',0.6470588235294117974, 0.5176470588235293491, 0.000000000000000000 ) ;
#4554 = CARTESIAN_POINT ( 'NONE',  ( 0.2392128561161614708, 0.3281360000000000388, -0.1840192170104030800 ) ) ;
#4555 = SURFACE_STYLE_FILL_AREA ( #3461 ) ;
#4556 = COLOUR_RGB ( '',0.7921568627450980005, 0.8196078431372548767, 0.9333333333333333481 ) ;
#4557 = AXIS2_PLACEMENT_3D ( 'NONE', #252, #4081, #2357 ) ;
#4558 = SURFACE_STYLE_USAGE ( .BOTH. , #3130 ) ;
ENDSEC;
END-ISO-10303-21;
