ISO-10303-21;
HEADER;
FILE_DESCRIPTION (( 'STEP AP214' ),
    '1' );
FILE_NAME ('CCS_CCSTDNOS_0402_L1.05W0.55T0.55B0.3.STEP',
    '2021-03-04T22:42:58',
    ( '' ),
    ( '' ),
    'SwSTEP 2.0',
    'SolidWorks 2014',
    '' );
FILE_SCHEMA (( 'AUTOMOTIVE_DESIGN' ));
ENDSEC;

DATA;
#1 = EDGE_CURVE ( 'NONE', #1329, #1443, #3645, .T. ) ;
#2 = PRESENTATION_STYLE_ASSIGNMENT (( #2738 ) ) ;
#3 = VERTEX_POINT ( 'NONE', #3333 ) ;
#4 = DIRECTION ( 'NONE',  ( -0.0000000000000000000, -0.0000000000000000000, -1.000000000000000000 ) ) ;
#5 =( NAMED_UNIT ( * ) PLANE_ANGLE_UNIT ( ) SI_UNIT ( $, .RADIAN. ) );
#6 = SURFACE_SIDE_STYLE ('',( #681 ) ) ;
#7 = CARTESIAN_POINT ( 'NONE',  ( 0.7505016993459099300, 0.01479069842322593300, -0.5352093015767741500 ) ) ;
#8 = ORIENTED_EDGE ( 'NONE', *, *, #65, .T. ) ;
#9 = PRESENTATION_LAYER_ASSIGNMENT (  '', '', ( #3723 ) ) ;
#10 = PRESENTATION_LAYER_ASSIGNMENT (  '', '', ( #3305 ) ) ;
#11 = ORIENTED_EDGE ( 'NONE', *, *, #4102, .F. ) ;
#12 = VECTOR ( 'NONE', #3759, 1000.000000000000000 ) ;
#13 = DIRECTION ( 'NONE',  ( 0.2793947940878429000, 0.0000000000000000000, -0.9601763114327556100 ) ) ;
#14 = CARTESIAN_POINT ( 'NONE',  ( 0.6410101640546493900, 0.5435600000000000400, -0.2812433791288636000 ) ) ;
#15 = ORIENTED_EDGE ( 'NONE', *, *, #2987, .F. ) ;
#16 = VERTEX_POINT ( 'NONE', #3040 ) ;
#17 = FACE_OUTER_BOUND ( 'NONE', #3538, .T. ) ;
#18 =( NAMED_UNIT ( * ) PLANE_ANGLE_UNIT ( ) SI_UNIT ( $, .RADIAN. ) );
#19 = FILL_AREA_STYLE ('',( #1743 ) ) ;
#20 =( GEOMETRIC_REPRESENTATION_CONTEXT ( 3 ) GLOBAL_UNCERTAINTY_ASSIGNED_CONTEXT ( ( #2559 ) ) GLOBAL_UNIT_ASSIGNED_CONTEXT ( ( #3705, #1973, #1585 ) ) REPRESENTATION_CONTEXT ( 'NONE', 'WORKASPACE' ) );
#21 = SURFACE_SIDE_STYLE ('',( #1946 ) ) ;
#22 = ORIENTED_EDGE ( 'NONE', *, *, #471, .T. ) ;
#23 = DIRECTION ( 'NONE',  ( 0.0000000000000000000, 0.0000000000000000000, 1.000000000000000000 ) ) ;
#24 = VECTOR ( 'NONE', #760, 1000.000000000000100 ) ;
#25 = CARTESIAN_POINT ( 'NONE',  ( 1.050000000000000000, 0.5385600000000000400, -0.01144000000000000100 ) ) ;
#26 = FILL_AREA_STYLE ('',( #3173 ) ) ;
#27 = EDGE_CURVE ( 'NONE', #4551, #3207, #4242, .T. ) ;
#28 = PRESENTATION_STYLE_ASSIGNMENT (( #519 ) ) ;
#29 = AXIS2_PLACEMENT_3D ( 'NONE', #1967, #3039, #1347 ) ;
#30 = CARTESIAN_POINT ( 'NONE',  ( 0.7500175502720719500, 0.01912609638196807700, -0.01207343682632976300 ) ) ;
#31 = EDGE_CURVE ( 'NONE', #1803, #2322, #3531, .T. ) ;
#32 = CARTESIAN_POINT ( 'NONE',  ( 0.7502678478892308400, 0.5360989804523674800, -0.01579117005169390300 ) ) ;
#33 = DIRECTION ( 'NONE',  ( 0.0000000000000000000, 0.0000000000000000000, 1.000000000000000000 ) ) ;
#34 = PLANE ( 'NONE',  #2701 ) ;
#35 = VECTOR ( 'NONE', #803, 1000.000000000000000 ) ;
#36 = DIRECTION ( 'NONE',  ( 0.0000000000000000000, 0.0000000000000000000, -1.000000000000000000 ) ) ;
#37 = DIRECTION ( 'NONE',  ( 0.0000000000000000000, -1.000000000000000000, -3.405901710987559300E-015 ) ) ;
#38 = AXIS2_PLACEMENT_3D ( 'NONE', #3388, #3354, #2739 ) ;
#39 = UNCERTAINTY_MEASURE_WITH_UNIT (LENGTH_MEASURE( 1.000000000000000100E-005 ), #710, 'distance_accuracy_value', 'NONE');
#40 = ORIENTED_EDGE ( 'NONE', *, *, #3087, .T. ) ;
#41 = CARTESIAN_POINT ( 'NONE',  ( 0.7499944619549805400, 0.02032463685444603500, -0.01165709674265220100 ) ) ;
#42 = COLOUR_RGB ( '',0.7686274509803920900, 0.7686274509803920900, 0.7686274509803920900 ) ;
#43 = VERTEX_POINT ( 'NONE', #3415 ) ;
#44 = CARTESIAN_POINT ( 'NONE',  ( 0.7504057935791905700, 0.5355223845629195600, -0.01510378140969303700 ) ) ;
#45 = ORIENTED_EDGE ( 'NONE', *, *, #1711, .T. ) ;
#46 = EDGE_CURVE ( 'NONE', #70, #3902, #1321, .T. ) ;
#47 =( LENGTH_UNIT ( ) NAMED_UNIT ( * ) SI_UNIT ( .MILLI., .METRE. ) );
#48 = CARTESIAN_POINT ( 'NONE',  ( 0.2994983006540903900, 0.01479069842322593300, -0.5352093015767741500 ) ) ;
#49 =( NAMED_UNIT ( * ) PLANE_ANGLE_UNIT ( ) SI_UNIT ( $, .RADIAN. ) );
#50 = SURFACE_SIDE_STYLE ('',( #382 ) ) ;
#51 = PRESENTATION_LAYER_ASSIGNMENT (  '', '', ( #376 ) ) ;
#52 = COLOUR_RGB ( '',0.7686274509803920900, 0.7686274509803920900, 0.7686274509803920900 ) ;
#53 = ORIENTED_EDGE ( 'NONE', *, *, #27, .F. ) ;
#54 = ADVANCED_FACE ( 'NONE', ( #3300 ), #3024, .F. ) ;
#55 = VERTEX_POINT ( 'NONE', #1593 ) ;
#56 = FACE_OUTER_BOUND ( 'NONE', #2100, .T. ) ;
#57 = ORIENTED_EDGE ( 'NONE', *, *, #2335, .F. ) ;
#58 = DIRECTION ( 'NONE',  ( -0.2793947940878429000, 0.0000000000000000000, 0.9601763114327556100 ) ) ;
#59 = EDGE_CURVE ( 'NONE', #2752, #3137, #610, .T. ) ;
#60 = CARTESIAN_POINT ( 'NONE',  ( 0.5111220366907292000, 0.5435600000000000400, -0.2349049999999999700 ) ) ;
#61 = ORIENTED_EDGE ( 'NONE', *, *, #1195, .F. ) ;
#62 = CARTESIAN_POINT ( 'NONE',  ( 0.7614400000000002300, 0.5385600000000000400, -0.5385600000000000400 ) ) ;
#63 = CARTESIAN_POINT ( 'NONE',  ( 0.2998315286624140300, 0.5362971191700607300, -0.01370288082993924300 ) ) ;
#64 = VERTEX_POINT ( 'NONE', #1254 ) ;
#65 = EDGE_CURVE ( 'NONE', #1531, #2941, #3911, .T. ) ;
#66 = VECTOR ( 'NONE', #3618, 1000.000000000000000 ) ;
#67 = CARTESIAN_POINT ( 'NONE',  ( 0.7500000000000002200, 0.02288000000000003900, -0.01144000000000004000 ) ) ;
#68 = FACE_OUTER_BOUND ( 'NONE', #536, .T. ) ;
#69 = CARTESIAN_POINT ( 'NONE',  ( 0.3686929376419000900, 0.5435600000000000400, -0.2752507357681145400 ) ) ;
#70 = VERTEX_POINT ( 'NONE', #1637 ) ;
#71 = CARTESIAN_POINT ( 'NONE',  ( 0.5469330738879389900, 0.5435600000000000400, -0.2349049999999999700 ) ) ;
#72 = DIRECTION ( 'NONE',  ( 0.2793947940814949200, 0.0000000000000000000, -0.9601763114346026900 ) ) ;
#73 = CARTESIAN_POINT ( 'NONE',  ( 0.6909462981555399800, 0.5435600000000000400, -0.2948632901420590300 ) ) ;
#74 = VERTEX_POINT ( 'NONE', #2693 ) ;
#75 = VECTOR ( 'NONE', #1651, 1000.000000000000000 ) ;
#76 = LINE ( 'NONE', #1414, #3758 ) ;
#77 = MECHANICAL_DESIGN_GEOMETRIC_PRESENTATION_REPRESENTATION (  '', ( #481 ), #1238 ) ;
#78 =( GEOMETRIC_REPRESENTATION_CONTEXT ( 3 ) GLOBAL_UNCERTAINTY_ASSIGNED_CONTEXT ( ( #3654 ) ) GLOBAL_UNIT_ASSIGNED_CONTEXT ( ( #422, #2911, #796 ) ) REPRESENTATION_CONTEXT ( 'NONE', 'WORKASPACE' ) );
#79 = ORIENTED_EDGE ( 'NONE', *, *, #966, .T. ) ;
#80 = ADVANCED_FACE ( 'NONE', ( #1092 ), #1626, .F. ) ;
#81 = CARTESIAN_POINT ( 'NONE',  ( 0.2999999999999999300, 0.01144000000000004000, -0.5385600000000000400 ) ) ;
#82 = SURFACE_STYLE_USAGE ( .BOTH. , #764 ) ;
#83 = VECTOR ( 'NONE', #3725, 1000.000000000000000 ) ;
#84 = CARTESIAN_POINT ( 'NONE',  ( 0.6525458443711919000, 0.5385600000000000400, -0.2349050000000000000 ) ) ;
#85 = CARTESIAN_POINT ( 'NONE',  ( 0.4958358707841643000, 0.5385600000000000400, -0.2349049999999999700 ) ) ;
#86 = FILL_AREA_STYLE ('',( #2916 ) ) ;
#87 = LINE ( 'NONE', #2231, #4205 ) ;
#88 = CARTESIAN_POINT ( 'NONE',  ( 0.7505016993459099300, 0.5352093015767741500, -0.01479069842322597100 ) ) ;
#89 =( NAMED_UNIT ( * ) PLANE_ANGLE_UNIT ( ) SI_UNIT ( $, .RADIAN. ) );
#90 = AXIS2_PLACEMENT_3D ( 'NONE', #1033, #3846, #3541 ) ;
#91 = VECTOR ( 'NONE', #3067, 1000.000000000000000 ) ;
#92 = CARTESIAN_POINT ( 'NONE',  ( 0.3000002828886797500, 0.5283158263398678400, -0.5385129807314549300 ) ) ;
#93 = FILL_AREA_STYLE ('',( #806 ) ) ;
#94 = EDGE_CURVE ( 'NONE', #3066, #2879, #2983, .T. ) ;
#95 = SURFACE_SIDE_STYLE ('',( #991 ) ) ;
#96 = FILL_AREA_STYLE_COLOUR ( '', #2243 ) ;
#97 = VERTEX_POINT ( 'NONE', #3730 ) ;
#98 = UNCERTAINTY_MEASURE_WITH_UNIT (LENGTH_MEASURE( 1.000000000000000100E-005 ), #2171, 'distance_accuracy_value', 'NONE');
#99 = CARTESIAN_POINT ( 'NONE',  ( 0.3907726789223210900, 0.5385600000000000400, -0.2752507357681158700 ) ) ;
#100 = VECTOR ( 'NONE', #3855, 1000.000000000000000 ) ;
#101 = DIRECTION ( 'NONE',  ( -1.000000000000000000, 0.0000000000000000000, 0.0000000000000000000 ) ) ;
#102 = ORIENTED_EDGE ( 'NONE', *, *, #4055, .T. ) ;
#103 = AXIS2_PLACEMENT_3D ( 'NONE', #3117, #4542, #2446 ) ;
#104 =( GEOMETRIC_REPRESENTATION_CONTEXT ( 3 ) GLOBAL_UNCERTAINTY_ASSIGNED_CONTEXT ( ( #988 ) ) GLOBAL_UNIT_ASSIGNED_CONTEXT ( ( #770, #49, #2533 ) ) REPRESENTATION_CONTEXT ( 'NONE', 'WORKASPACE' ) );
#105 = ADVANCED_FACE ( 'NONE', ( #1149 ), #1654, .F. ) ;
#106 = VERTEX_POINT ( 'NONE', #3763 ) ;
#107 = CARTESIAN_POINT ( 'NONE',  ( 0.2999912337617021700, 0.5312535179385914400, -0.5378538208055047000 ) ) ;
#108 = AXIS2_PLACEMENT_3D ( 'NONE', #2158, #1474, #1489 ) ;
#109 = CIRCLE ( 'NONE', #3223, 0.01143999999999993100 ) ;
#110 =( NAMED_UNIT ( * ) SI_UNIT ( $, .STERADIAN. ) SOLID_ANGLE_UNIT ( ) );
#111 = EDGE_LOOP ( 'NONE', ( #636, #3626, #4015, #2872, #4070, #2262, #3860, #296, #1914, #2161, #356, #2327, #4338, #3122, #4508, #4544, #1935 ) ) ;
#112 = DIRECTION ( 'NONE',  ( 0.2740217765953990000, 0.0000000000000000000, -0.9617234872620618000 ) ) ;
#113 = VERTEX_POINT ( 'NONE', #887 ) ;
#114 = AXIS2_PLACEMENT_3D ( 'NONE', #2814, #4053, #4396 ) ;
#115 = COLOUR_RGB ( '',0.7686274509803920900, 0.7686274509803920900, 0.7686274509803920900 ) ;
#116 = LINE ( 'NONE', #3203, #717 ) ;
#117 = ORIENTED_EDGE ( 'NONE', *, *, #3961, .T. ) ;
#118 = ORIENTED_EDGE ( 'NONE', *, *, #1568, .T. ) ;
#119 = LINE ( 'NONE', #1791, #3094 ) ;
#120 = CARTESIAN_POINT ( 'NONE',  ( 0.4821793587055686600, 0.5435600000000000400, -0.2490416194800628700 ) ) ;
#121 = PLANE ( 'NONE',  #334 ) ;
#122 = EDGE_CURVE ( 'NONE', #4452, #4445, #391, .T. ) ;
#123 = VECTOR ( 'NONE', #2064, 1000.000000000000000 ) ;
#124 = ORIENTED_EDGE ( 'NONE', *, *, #794, .F. ) ;
#125 = FILL_AREA_STYLE ('',( #2588 ) ) ;
#126 = ADVANCED_FACE ( 'NONE', ( #1661 ), #1881, .T. ) ;
#127 = ORIENTED_EDGE ( 'NONE', *, *, #1258, .F. ) ;
#128 = VECTOR ( 'NONE', #496, 1000.000000000000000 ) ;
#129 = CARTESIAN_POINT ( 'NONE',  ( 1.038560000000000100, 0.01144000000000000100, -0.01144000000000000100 ) ) ;
#130 = DIRECTION ( 'NONE',  ( -0.9237839814038711900, 0.0000000000000000000, 0.3829140317376895600 ) ) ;
#131 = ORIENTED_EDGE ( 'NONE', *, *, #3670, .T. ) ;
#132 = CARTESIAN_POINT ( 'NONE',  ( 0.4958358707841643000, 0.5435600000000000400, -0.2349049999999999700 ) ) ;
#133 = FACE_OUTER_BOUND ( 'NONE', #761, .T. ) ;
#134 = COLOUR_RGB ( '',0.6470588235294118000, 0.5176470588235293500, 0.0000000000000000000 ) ;
#135 = PLANE ( 'NONE',  #3384 ) ;
#136 = LINE ( 'NONE', #2793, #1837 ) ;
#137 = STYLED_ITEM ( 'NONE', ( #947 ), #2529 ) ;
#138 = PLANE ( 'NONE',  #4280 ) ;
#139 = SURFACE_STYLE_FILL_AREA ( #3464 ) ;
#140 = DIRECTION ( 'NONE',  ( -1.000000000000000000, 0.0000000000000000000, 0.0000000000000000000 ) ) ;
#141 = ORIENTED_EDGE ( 'NONE', *, *, #993, .F. ) ;
#142 = FACE_OUTER_BOUND ( 'NONE', #1710, .T. ) ;
#143 = SURFACE_STYLE_USAGE ( .BOTH. , #1143 ) ;
#144 = CARTESIAN_POINT ( 'NONE',  ( 0.6308974089336167900, 0.5435600000000000400, -0.2349049999999999700 ) ) ;
#145 = EDGE_CURVE ( 'NONE', #1306, #174, #3587, .T. ) ;
#146 = SURFACE_STYLE_FILL_AREA ( #2195 ) ;
#147 = FILL_AREA_STYLE ('',( #1213 ) ) ;
#148 = ORIENTED_EDGE ( 'NONE', *, *, #1348, .T. ) ;
#149 = EDGE_CURVE ( 'NONE', #3421, #3912, #3958, .T. ) ;
#150 = UNCERTAINTY_MEASURE_WITH_UNIT (LENGTH_MEASURE( 1.000000000000000100E-005 ), #931, 'distance_accuracy_value', 'NONE');
#151 = FACE_OUTER_BOUND ( 'NONE', #2172, .T. ) ;
#152 = ORIENTED_EDGE ( 'NONE', *, *, #2580, .T. ) ;
#153 =( NAMED_UNIT ( * ) SI_UNIT ( $, .STERADIAN. ) SOLID_ANGLE_UNIT ( ) );
#154 = CARTESIAN_POINT ( 'NONE',  ( 0.2999039613894642400, 0.5368789333777586000, -0.5332209120377449100 ) ) ;
#155 = CARTESIAN_POINT ( 'NONE',  ( 0.01143999999999993100, 0.0000000000000000000, -0.01144000000000000100 ) ) ;
#156 = STYLED_ITEM ( 'NONE', ( #4159 ), #1469 ) ;
#157 = STYLED_ITEM ( 'NONE', ( #1757 ), #807 ) ;
#158 = VECTOR ( 'NONE', #2141, 1000.000000000000000 ) ;
#159 = AXIS2_PLACEMENT_3D ( 'NONE', #25, #2488, #374 ) ;
#160 = VERTEX_POINT ( 'NONE', #2049 ) ;
#161 = ORIENTED_EDGE ( 'NONE', *, *, #631, .F. ) ;
#162 = DIRECTION ( 'NONE',  ( 0.0000000000000000000, 0.0000000000000000000, 1.000000000000000000 ) ) ;
#163 = DIRECTION ( 'NONE',  ( 0.0000000000000000000, 0.0000000000000000000, -1.000000000000000000 ) ) ;
#164 = FACE_OUTER_BOUND ( 'NONE', #3318, .T. ) ;
#165 = COLOUR_RGB ( '',0.7686274509803920900, 0.7686274509803920900, 0.7686274509803920900 ) ;
#166 = ORIENTED_EDGE ( 'NONE', *, *, #145, .F. ) ;
#167 = CARTESIAN_POINT ( 'NONE',  ( 0.5871784954631548100, 0.5385600000000000400, -0.3092102531213381500 ) ) ;
#168 = PLANE ( 'NONE',  #3934 ) ;
#169 = EDGE_CURVE ( 'NONE', #4403, #2756, #336, .T. ) ;
#170 = FILL_AREA_STYLE_COLOUR ( '', #3510 ) ;
#171 = ORIENTED_EDGE ( 'NONE', *, *, #956, .T. ) ;
#172 = CARTESIAN_POINT ( 'NONE',  ( 0.2885599999999999300, 0.5385600000000000400, -0.01144000000000000100 ) ) ;
#173 = AXIS2_PLACEMENT_3D ( 'NONE', #818, #780, #592 ) ;
#174 = VERTEX_POINT ( 'NONE', #1053 ) ;
#175 = LINE ( 'NONE', #4308, #66 ) ;
#176 = EDGE_LOOP ( 'NONE', ( #607, #3481, #3249, #2145, #3241, #61 ) ) ;
#177 = ORIENTED_EDGE ( 'NONE', *, *, #198, .T. ) ;
#178 = EDGE_CURVE ( 'NONE', #3680, #1085, #3466, .T. ) ;
#179 = UNCERTAINTY_MEASURE_WITH_UNIT (LENGTH_MEASURE( 1.000000000000000100E-005 ), #3378, 'distance_accuracy_value', 'NONE');
#180 = COLOUR_RGB ( '',0.7686274509803920900, 0.7686274509803920900, 0.7686274509803920900 ) ;
#181 = FACE_OUTER_BOUND ( 'NONE', #1374, .T. ) ;
#182 = DIRECTION ( 'NONE',  ( -1.000000000000000000, 0.0000000000000000000, 0.0000000000000000000 ) ) ;
#183 = DIRECTION ( 'NONE',  ( 1.000000000000000000, 0.0000000000000000000, 0.0000000000000000000 ) ) ;
#184 = CARTESIAN_POINT ( 'NONE',  ( 0.2999999999999999300, 0.02288000000000003900, -0.01144000000000004000 ) ) ;
#185 = ORIENTED_EDGE ( 'NONE', *, *, #731, .F. ) ;
#186 = VECTOR ( 'NONE', #3849, 999.9999999999998900 ) ;
#187 = LINE ( 'NONE', #4201, #4472 ) ;
#188 = AXIS2_PLACEMENT_3D ( 'NONE', #1059, #745, #3176 ) ;
#189 =( NAMED_UNIT ( * ) PLANE_ANGLE_UNIT ( ) SI_UNIT ( $, .RADIAN. ) );
#190 = CARTESIAN_POINT ( 'NONE',  ( 0.7500406633463225800, 0.5320737292624467800, -0.5375097766565146700 ) ) ;
#191 = EDGE_LOOP ( 'NONE', ( #2606, #124, #2719, #447 ) ) ;
#192 = CARTESIAN_POINT ( 'NONE',  ( 0.2994983006540903300, 0.5352093015767741500, -0.5352093015767740400 ) ) ;
#193 = CARTESIAN_POINT ( 'NONE',  ( 0.4781387753146238400, 0.5435600000000000400, -0.2675093720178338700 ) ) ;
#194 = LINE ( 'NONE', #1221, #83 ) ;
#195 = DIRECTION ( 'NONE',  ( 0.0000000000000000000, 1.000000000000000000, 0.0000000000000000000 ) ) ;
#196 = VECTOR ( 'NONE', #3228, 1000.000000000000000 ) ;
#197 = CARTESIAN_POINT ( 'NONE',  ( 0.6131440561208637600, 0.5385600000000000400, -0.2950641444609195500 ) ) ;
#198 = EDGE_CURVE ( 'NONE', #1477, #1360, #116, .T. ) ;
#199 = SURFACE_SIDE_STYLE ('',( #719 ) ) ;
#200 = CARTESIAN_POINT ( 'NONE',  ( 0.2998717923918206600, 0.5367663462241083500, -0.01661432524897034700 ) ) ;
#201 = AXIS2_PLACEMENT_3D ( 'NONE', #218, #3382, #3346 ) ;
#202 =( NAMED_UNIT ( * ) SI_UNIT ( $, .STERADIAN. ) SOLID_ANGLE_UNIT ( ) );
#203 = DIRECTION ( 'NONE',  ( -1.000000000000000000, 0.0000000000000000000, 0.0000000000000000000 ) ) ;
#204 = ORIENTED_EDGE ( 'NONE', *, *, #1228, .F. ) ;
#205 = CARTESIAN_POINT ( 'NONE',  ( 1.050000000000000000, 0.5500000000000000400, -0.5385600000000000400 ) ) ;
#206 = B_SPLINE_CURVE_WITH_KNOTS ( 'NONE', 3,
 ( #2667, #1904, #1570, #1970, #1933, #870, #1242, #4376, #1614, #1194 ),
 .UNSPECIFIED., .F., .F.,
 ( 4, 3, 3, 4 ),
 ( 4.121840218789220900E-020, 3.807012292923911200E-006, 7.621886349125279700E-006, 8.963476866336285200E-006 ),
 .UNSPECIFIED. ) ;
#207 = EDGE_CURVE ( 'NONE', #3955, #3989, #1550, .T. ) ;
#208 = SURFACE_STYLE_USAGE ( .BOTH. , #3564 ) ;
#209 = PRODUCT_RELATED_PRODUCT_CATEGORY ( 'part', '', ( #4160 ) ) ;
#210 = SURFACE_STYLE_USAGE ( .BOTH. , #2001 ) ;
#211 = VERTEX_POINT ( 'NONE', #4500 ) ;
#212 = ORIENTED_EDGE ( 'NONE', *, *, #3946, .F. ) ;
#213 = CARTESIAN_POINT ( 'NONE',  ( 0.4994740677989998900, 0.5435600000000000400, -0.3092102531213381500 ) ) ;
#214 = EDGE_CURVE ( 'NONE', #4143, #1693, #1259, .T. ) ;
#215 = SURFACE_STYLE_USAGE ( .BOTH. , #2649 ) ;
#216 = DIRECTION ( 'NONE',  ( 0.0000000000000000000, 0.0000000000000000000, 1.000000000000000000 ) ) ;
#217 = FILL_AREA_STYLE ('',( #4449 ) ) ;
#218 = CARTESIAN_POINT ( 'NONE',  ( 1.050000000000000000, 0.01144000000000000100, -0.5385600000000000400 ) ) ;
#219 = ORIENTED_EDGE ( 'NONE', *, *, #561, .F. ) ;
#220 = DIRECTION ( 'NONE',  ( -0.2729786930695101100, 0.0000000000000000000, 0.9620200793798756600 ) ) ;
#221 = PLANE ( 'NONE',  #829 ) ;
#222 = MECHANICAL_DESIGN_GEOMETRIC_PRESENTATION_REPRESENTATION (  '', ( #4316 ), #2374 ) ;
#223 = CYLINDRICAL_SURFACE ( 'NONE', #4464, 0.01144000000000004000 ) ;
#224 = ORIENTED_EDGE ( 'NONE', *, *, #1744, .T. ) ;
#225 = CARTESIAN_POINT ( 'NONE',  ( 0.3785113022970459900, 0.5435600000000000400, -0.3092102531213381500 ) ) ;
#226 =( LENGTH_UNIT ( ) NAMED_UNIT ( * ) SI_UNIT ( .MILLI., .METRE. ) );
#227 = EDGE_LOOP ( 'NONE', ( #4437, #4097, #864, #2459 ) ) ;
#228 = DIRECTION ( 'NONE',  ( 0.0000000000000000000, 0.0000000000000000000, 1.000000000000000000 ) ) ;
#229 = PRESENTATION_LAYER_ASSIGNMENT (  '', '', ( #2382 ) ) ;
#230 =( NAMED_UNIT ( * ) PLANE_ANGLE_UNIT ( ) SI_UNIT ( $, .RADIAN. ) );
#231 =( NAMED_UNIT ( * ) PLANE_ANGLE_UNIT ( ) SI_UNIT ( $, .RADIAN. ) );
#232 = ORIENTED_EDGE ( 'NONE', *, *, #4470, .F. ) ;
#233 = ADVANCED_FACE ( 'NONE', ( #934 ), #1780, .T. ) ;
#234 = SURFACE_SIDE_STYLE ('',( #1344 ) ) ;
#235 = ORIENTED_EDGE ( 'NONE', *, *, #1956, .T. ) ;
#236 = CARTESIAN_POINT ( 'NONE',  ( 0.4462506104848485400, 0.5385600000000000400, -0.2675093720178338700 ) ) ;
#237 = SURFACE_SIDE_STYLE ('',( #3417 ) ) ;
#238 = VERTEX_POINT ( 'NONE', #1437 ) ;
#239 = B_SPLINE_CURVE_WITH_KNOTS ( 'NONE', 3,
 ( #3205, #2928, #1534, #824, #1523, #2616, #2581, #3678, #1205, #2292 ),
 .UNSPECIFIED., .F., .F.,
 ( 4, 3, 3, 4 ),
 ( 0.0000000000000000000, 3.600817818562675900E-006, 7.182643422685242700E-006, 8.953374655983199200E-006 ),
 .UNSPECIFIED. ) ;
#240 = EDGE_CURVE ( 'NONE', #3989, #97, #3248, .T. ) ;
#241 = ORIENTED_EDGE ( 'NONE', *, *, #2580, .F. ) ;
#242 = COLOUR_RGB ( '',0.7686274509803920900, 0.7686274509803920900, 0.7686274509803920900 ) ;
#243 = CARTESIAN_POINT ( 'NONE',  ( 0.2999999999999999300, 0.5385600000000000400, -0.5271199999999999200 ) ) ;
#244 = SURFACE_SIDE_STYLE ('',( #1395 ) ) ;
#245 = AXIS2_PLACEMENT_3D ( 'NONE', #843, #3700, #3010 ) ;
#246 = LINE ( 'NONE', #542, #1467 ) ;
#247 = AXIS2_PLACEMENT_3D ( 'NONE', #1409, #1742, #990 ) ;
#248 = DIRECTION ( 'NONE',  ( -1.000000000000000000, 0.0000000000000000000, 0.0000000000000000000 ) ) ;
#249 = DIRECTION ( 'NONE',  ( -0.0000000000000000000, -1.000000000000000000, 0.0000000000000000000 ) ) ;
#250 = CARTESIAN_POINT ( 'NONE',  ( 0.4074962297279055600, 0.5435600000000000400, -0.2349050000000000000 ) ) ;
#251 = CARTESIAN_POINT ( 'NONE',  ( 0.6697845221132360200, 0.5435600000000000400, -0.2948632901422433800 ) ) ;
#252 = SURFACE_STYLE_FILL_AREA ( #2063 ) ;
#253 = PLANE ( 'NONE',  #2075 ) ;
#254 = SURFACE_SIDE_STYLE ('',( #3197 ) ) ;
#255 = ADVANCED_FACE ( 'NONE', ( #772 ), #4474, .F. ) ;
#256 = PRESENTATION_LAYER_ASSIGNMENT (  '', '', ( #1278 ) ) ;
#257 = EDGE_CURVE ( 'NONE', #3256, #4132, #3640, .T. ) ;
#258 = CARTESIAN_POINT ( 'NONE',  ( 0.7614400000000002300, 0.5500000000000000400, -0.5385600000000000400 ) ) ;
#259 = LINE ( 'NONE', #433, #3779 ) ;
#260 = ORIENTED_EDGE ( 'NONE', *, *, #942, .F. ) ;
#261 =( GEOMETRIC_REPRESENTATION_CONTEXT ( 3 ) GLOBAL_UNCERTAINTY_ASSIGNED_CONTEXT ( ( #572 ) ) GLOBAL_UNIT_ASSIGNED_CONTEXT ( ( #4198, #326, #3492 ) ) REPRESENTATION_CONTEXT ( 'NONE', 'WORKASPACE' ) );
#262 =( NAMED_UNIT ( * ) PLANE_ANGLE_UNIT ( ) SI_UNIT ( $, .RADIAN. ) );
#263 = CYLINDRICAL_SURFACE ( 'NONE', #3076, 0.01144000000000000100 ) ;
#264 = ORIENTED_EDGE ( 'NONE', *, *, #736, .F. ) ;
#265 = DIRECTION ( 'NONE',  ( 0.0000000000000000000, 0.0000000000000000000, 1.000000000000000000 ) ) ;
#266 = SURFACE_SIDE_STYLE ('',( #1145 ) ) ;
#267 = EDGE_CURVE ( 'NONE', #1803, #435, #1996, .T. ) ;
#268 = DIRECTION ( 'NONE',  ( 1.000000000000000000, 0.0000000000000000000, 0.0000000000000000000 ) ) ;
#269 = LINE ( 'NONE', #3112, #4122 ) ;
#270 = ORIENTED_EDGE ( 'NONE', *, *, #3450, .F. ) ;
#271 = AXIS2_PLACEMENT_3D ( 'NONE', #1101, #4276, #1488 ) ;
#272 = ORIENTED_EDGE ( 'NONE', *, *, #966, .F. ) ;
#273 = CARTESIAN_POINT ( 'NONE',  ( 0.6410101640546493900, 0.5435600000000000400, -0.2812433791288636000 ) ) ;
#274 = ADVANCED_FACE ( 'NONE', ( #1658 ), #4128, .F. ) ;
#275 = DIRECTION ( 'NONE',  ( 0.0000000000000000000, 0.0000000000000000000, 1.000000000000000000 ) ) ;
#276 = VECTOR ( 'NONE', #3752, 1000.000000000000000 ) ;
#277 = ORIENTED_EDGE ( 'NONE', *, *, #4022, .T. ) ;
#278 = DIRECTION ( 'NONE',  ( 0.0000000000000000000, 1.000000000000000000, -0.0000000000000000000 ) ) ;
#279 = AXIS2_PLACEMENT_3D ( 'NONE', #62, #412, #3571 ) ;
#280 = CARTESIAN_POINT ( 'NONE',  ( 0.2996708819557106800, 0.5345611385315511800, -0.01417916422666390200 ) ) ;
#281 = CARTESIAN_POINT ( 'NONE',  ( 1.038560000000000100, 0.0000000000000000000, 0.0000000000000000000 ) ) ;
#282 = VECTOR ( 'NONE', #2664, 1000.000000000000000 ) ;
#283 = ORIENTED_EDGE ( 'NONE', *, *, #908, .F. ) ;
#284 = FILL_AREA_STYLE_COLOUR ( '', #1076 ) ;
#285 = VERTEX_POINT ( 'NONE', #3963 ) ;
#286 = EDGE_CURVE ( 'NONE', #2744, #1105, #2711, .T. ) ;
#287 = VECTOR ( 'NONE', #4045, 1000.000000000000000 ) ;
#288 = FACE_OUTER_BOUND ( 'NONE', #2925, .T. ) ;
#289 = EDGE_LOOP ( 'NONE', ( #2541, #3620, #3533 ) ) ;
#290 = CARTESIAN_POINT ( 'NONE',  ( 0.4781387753146238400, 0.5385600000000000400, -0.2675093720178338700 ) ) ;
#291 = CARTESIAN_POINT ( 'NONE',  ( 0.4074962297279055600, 0.5435600000000000400, -0.2349050000000000000 ) ) ;
#292 = ORIENTED_EDGE ( 'NONE', *, *, #2568, .F. ) ;
#293 = FACE_OUTER_BOUND ( 'NONE', #3368, .T. ) ;
#294 = CARTESIAN_POINT ( 'NONE',  ( 0.6909462981555399800, 0.5435600000000000400, -0.2948632901420590300 ) ) ;
#295 =( LENGTH_UNIT ( ) NAMED_UNIT ( * ) SI_UNIT ( .MILLI., .METRE. ) );
#296 = ORIENTED_EDGE ( 'NONE', *, *, #46, .T. ) ;
#297 = EDGE_CURVE ( 'NONE', #2827, #3029, #2266, .T. ) ;
#298 = UNCERTAINTY_MEASURE_WITH_UNIT (LENGTH_MEASURE( 1.000000000000000100E-005 ), #1772, 'distance_accuracy_value', 'NONE');
#299 = CYLINDRICAL_SURFACE ( 'NONE', #114, 0.01144000000000004000 ) ;
#300 = CARTESIAN_POINT ( 'NONE',  ( 0.7500000000000002200, 0.01144000000000004000, -0.5271199999999999200 ) ) ;
#301 = DIRECTION ( 'NONE',  ( 1.000000000000000000, 0.0000000000000000000, 0.0000000000000000000 ) ) ;
#302 = SURFACE_SIDE_STYLE ('',( #2000 ) ) ;
#303 = ADVANCED_FACE ( 'NONE', ( #1768 ), #1316, .T. ) ;
#304 = EDGE_LOOP ( 'NONE', ( #1702, #3084, #2164, #3463 ) ) ;
#305 = DIRECTION ( 'NONE',  ( 1.000000000000000000, 0.0000000000000000000, 0.0000000000000000000 ) ) ;
#306 = SPHERICAL_SURFACE ( 'NONE', #1284, 0.01144000000000000100 ) ;
#307 = EDGE_CURVE ( 'NONE', #3404, #2744, #3083, .T. ) ;
#308 = VECTOR ( 'NONE', #3715, 1000.000000000000000 ) ;
#309 = CARTESIAN_POINT ( 'NONE',  ( 0.4010074378511139800, 0.5435600000000000400, -0.3092102531213381500 ) ) ;
#310 = AXIS2_PLACEMENT_3D ( 'NONE', #4096, #4451, #933 ) ;
#311 = STYLED_ITEM ( 'NONE', ( #3822 ), #2213 ) ;
#312 = CARTESIAN_POINT ( 'NONE',  ( 0.7501282076081795500, 0.5367663462241082400, -0.5333856747510297100 ) ) ;
#313 = DIRECTION ( 'NONE',  ( 0.0000000000000000000, -1.000000000000000000, 0.0000000000000000000 ) ) ;
#314 = CARTESIAN_POINT ( 'NONE',  ( 0.01143999999999993100, 0.5500000000000000400, 0.0000000000000000000 ) ) ;
#315 = DIRECTION ( 'NONE',  ( 0.0000000000000000000, -1.000000000000000000, 0.0000000000000000000 ) ) ;
#316 = LINE ( 'NONE', #2183, #1013 ) ;
#317 = ORIENTED_EDGE ( 'NONE', *, *, #863, .F. ) ;
#318 = SURFACE_STYLE_USAGE ( .BOTH. , #3511 ) ;
#319 = VECTOR ( 'NONE', #1683, 1000.000000000000000 ) ;
#320 = ORIENTED_EDGE ( 'NONE', *, *, #3291, .T. ) ;
#321 = ADVANCED_FACE ( 'NONE', ( #4011 ), #3594, .F. ) ;
#322 = AXIS2_PLACEMENT_3D ( 'NONE', #1634, #2705, #583 ) ;
#323 = VERTEX_POINT ( 'NONE', #2902 ) ;
#324 = DIRECTION ( 'NONE',  ( 0.0000000000000000000, -1.000000000000000000, 0.0000000000000000000 ) ) ;
#325 =( LENGTH_UNIT ( ) NAMED_UNIT ( * ) SI_UNIT ( .MILLI., .METRE. ) );
#326 =( NAMED_UNIT ( * ) PLANE_ANGLE_UNIT ( ) SI_UNIT ( $, .RADIAN. ) );
#327 = ORIENTED_EDGE ( 'NONE', *, *, #4066, .F. ) ;
#328 = EDGE_CURVE ( 'NONE', #1146, #487, #1500, .T. ) ;
#329 = DIRECTION ( 'NONE',  ( 0.0000000000000000000, 0.0000000000000000000, 1.000000000000000000 ) ) ;
#330 = VECTOR ( 'NONE', #72, 1000.000000000000000 ) ;
#331 = CARTESIAN_POINT ( 'NONE',  ( 0.7504057935791905700, 0.01447761543708048700, -0.5348962185903071200 ) ) ;
#332 = CIRCLE ( 'NONE', #335, 0.01144000000000000100 ) ;
#333 = EDGE_LOOP ( 'NONE', ( #1435, #2359, #1219, #1424, #4517, #3250, #1730, #3229, #11, #185, #3811 ) ) ;
#334 = AXIS2_PLACEMENT_3D ( 'NONE', #3600, #2892, #2874 ) ;
#335 = AXIS2_PLACEMENT_3D ( 'NONE', #925, #3392, #4398 ) ;
#336 = LINE ( 'NONE', #3545, #439 ) ;
#337 = VERTEX_POINT ( 'NONE', #3908 ) ;
#338 = DIRECTION ( 'NONE',  ( 0.0000000000000000000, -1.000000000000000000, 0.0000000000000000000 ) ) ;
#339 = SURFACE_STYLE_USAGE ( .BOTH. , #3456 ) ;
#340 = VERTEX_POINT ( 'NONE', #85 ) ;
#341 = DIRECTION ( 'NONE',  ( -0.0000000000000000000, -0.0000000000000000000, -1.000000000000000000 ) ) ;
#342 =( GEOMETRIC_REPRESENTATION_CONTEXT ( 3 ) GLOBAL_UNCERTAINTY_ASSIGNED_CONTEXT ( ( #1680 ) ) GLOBAL_UNIT_ASSIGNED_CONTEXT ( ( #1461, #3909, #2179 ) ) REPRESENTATION_CONTEXT ( 'NONE', 'WORKASPACE' ) );
#343 = SURFACE_SIDE_STYLE ('',( #2880 ) ) ;
#344 = EDGE_LOOP ( 'NONE', ( #497, #4431, #1126, #1038 ) ) ;
#345 = LINE ( 'NONE', #3369, #75 ) ;
#346 = VECTOR ( 'NONE', #33, 1000.000000000000000 ) ;
#347 =( NAMED_UNIT ( * ) SI_UNIT ( $, .STERADIAN. ) SOLID_ANGLE_UNIT ( ) );
#348 = CARTESIAN_POINT ( 'NONE',  ( 0.3360000000000000800, 0.5435600000000000400, -0.2349050000000000000 ) ) ;
#349 = DIRECTION ( 'NONE',  ( -1.000000000000000000, 0.0000000000000000000, 0.0000000000000000000 ) ) ;
#350 = CARTESIAN_POINT ( 'NONE',  ( 0.7503291180442894800, 0.01417916422666386100, -0.5345611385315511800 ) ) ;
#351 = DIRECTION ( 'NONE',  ( 0.0000000000000000000, 0.0000000000000000000, 1.000000000000000000 ) ) ;
#352 = EDGE_CURVE ( 'NONE', #55, #2873, #1373, .T. ) ;
#353 = ORIENTED_EDGE ( 'NONE', *, *, #4156, .F. ) ;
#354 = CIRCLE ( 'NONE', #3432, 0.01144000000000000100 ) ;
#355 = DIRECTION ( 'NONE',  ( -0.2793947940814948700, 0.0000000000000000000, 0.9601763114346026900 ) ) ;
#356 = ORIENTED_EDGE ( 'NONE', *, *, #4447, .T. ) ;
#357 = CIRCLE ( 'NONE', #4388, 0.01144000000000004000 ) ;
#358 = APPLICATION_CONTEXT ( 'automotive_design' ) ;
#359 = EDGE_CURVE ( 'NONE', #2380, #1705, #1987, .T. ) ;
#360 = FILL_AREA_STYLE ('',( #4226 ) ) ;
#361 = PLANE ( 'NONE',  #3304 ) ;
#362 = FACE_OUTER_BOUND ( 'NONE', #1538, .T. ) ;
#363 = DIRECTION ( 'NONE',  ( -1.000000000000000000, 0.0000000000000000000, 0.0000000000000000000 ) ) ;
#364 = LINE ( 'NONE', #2090, #1171 ) ;
#365 = MECHANICAL_DESIGN_GEOMETRIC_PRESENTATION_REPRESENTATION (  '', ( #2553 ), #415 ) ;
#366 = SPHERICAL_SURFACE ( 'NONE', #3160, 0.01144000000000000100 ) ;
#367 = EDGE_LOOP ( 'NONE', ( #371, #171, #662 ) ) ;
#368 = CARTESIAN_POINT ( 'NONE',  ( 0.7500960386105358600, 0.5368789333777586000, -0.01677908796225511400 ) ) ;
#369 =( NAMED_UNIT ( * ) SI_UNIT ( $, .STERADIAN. ) SOLID_ANGLE_UNIT ( ) );
#370 = SURFACE_STYLE_FILL_AREA ( #699 ) ;
#371 = ORIENTED_EDGE ( 'NONE', *, *, #2105, .T. ) ;
#372 = DIRECTION ( 'NONE',  ( 0.0000000000000000000, 0.0000000000000000000, -1.000000000000000000 ) ) ;
#373 = CARTESIAN_POINT ( 'NONE',  ( 0.3360000000000000800, 0.5435600000000000400, -0.2349050000000000000 ) ) ;
#374 = DIRECTION ( 'NONE',  ( 0.0000000000000000000, 0.0000000000000000000, 1.000000000000000000 ) ) ;
#375 = VERTEX_POINT ( 'NONE', #1851 ) ;
#376 = STYLED_ITEM ( 'NONE', ( #576 ), #3387 ) ;
#377 = UNCERTAINTY_MEASURE_WITH_UNIT (LENGTH_MEASURE( 1.000000000000000100E-005 ), #3108, 'distance_accuracy_value', 'NONE');
#378 = CARTESIAN_POINT ( 'NONE',  ( 0.01143999999999993100, 0.5385600000000000400, 0.0000000000000000000 ) ) ;
#379 = EDGE_LOOP ( 'NONE', ( #753, #1937, #1732, #3302 ) ) ;
#380 = CARTESIAN_POINT ( 'NONE',  ( 0.7502678478892308400, 0.01579117005169385100, -0.01390101954763255800 ) ) ;
#381 = EDGE_CURVE ( 'NONE', #2749, #106, #983, .T. ) ;
#382 = SURFACE_STYLE_FILL_AREA ( #2507 ) ;
#383 = CIRCLE ( 'NONE', #38, 0.01144000000000000100 ) ;
#384 = VERTEX_POINT ( 'NONE', #2550 ) ;
#385 = CARTESIAN_POINT ( 'NONE',  ( 0.7614400000000002300, 0.0000000000000000000, -0.5385600000000000400 ) ) ;
#386 = EDGE_CURVE ( 'NONE', #1360, #1693, #1252, .T. ) ;
#387 = ORIENTED_EDGE ( 'NONE', *, *, #623, .F. ) ;
#388 = DIRECTION ( 'NONE',  ( 0.0000000000000000000, 0.0000000000000000000, 1.000000000000000000 ) ) ;
#389 = FILL_AREA_STYLE ('',( #2521 ) ) ;
#390 = LINE ( 'NONE', #2939, #609 ) ;
#391 = LINE ( 'NONE', #604, #2274 ) ;
#392 = ORIENTED_EDGE ( 'NONE', *, *, #2980, .F. ) ;
#393 = AXIS2_PLACEMENT_3D ( 'NONE', #3145, #1393, #58 ) ;
#394 = STYLED_ITEM ( 'NONE', ( #486 ), #663 ) ;
#395 = MECHANICAL_DESIGN_GEOMETRIC_PRESENTATION_REPRESENTATION (  '', ( #4481 ), #853 ) ;
#396 = ORIENTED_EDGE ( 'NONE', *, *, #2019, .F. ) ;
#397 = FILL_AREA_STYLE_COLOUR ( '', #2393 ) ;
#398 = EDGE_LOOP ( 'NONE', ( #2931, #3898, #1389, #2636, #2522, #1653, #456, #1261 ) ) ;
#399 = CYLINDRICAL_SURFACE ( 'NONE', #1789, 0.01143999999999993100 ) ;
#400 = LINE ( 'NONE', #1341, #677 ) ;
#401 = CARTESIAN_POINT ( 'NONE',  ( 1.050000000000000000, 0.0000000000000000000, 0.0000000000000000000 ) ) ;
#402 = UNCERTAINTY_MEASURE_WITH_UNIT (LENGTH_MEASURE( 1.000000000000000100E-005 ), #3057, 'distance_accuracy_value', 'NONE');
#403 =( NAMED_UNIT ( * ) PLANE_ANGLE_UNIT ( ) SI_UNIT ( $, .RADIAN. ) );
#404 = LINE ( 'NONE', #2837, #2997 ) ;
#405 = CARTESIAN_POINT ( 'NONE',  ( 0.2999593366536778500, 0.01792627073755324900, -0.5375097766565146700 ) ) ;
#406 = EDGE_CURVE ( 'NONE', #3029, #3843, #926, .T. ) ;
#407 = VECTOR ( 'NONE', #3138, 1000.000000000000000 ) ;
#408 = AXIS2_PLACEMENT_3D ( 'NONE', #2449, #740, #3136 ) ;
#409 = CARTESIAN_POINT ( 'NONE',  ( 0.2999991409124508300, 0.5289055114269292100, -0.5384198030489165700 ) ) ;
#410 = DIRECTION ( 'NONE',  ( 0.2746918797667153300, 0.0000000000000000000, -0.9615323037684320200 ) ) ;
#411 = EDGE_CURVE ( 'NONE', #1595, #3419, #3447, .T. ) ;
#412 = DIRECTION ( 'NONE',  ( 0.0000000000000000000, 1.000000000000000000, 0.0000000000000000000 ) ) ;
#413 = DIRECTION ( 'NONE',  ( 0.2762033010289141600, 0.0000000000000000000, -0.9610992334305188400 ) ) ;
#414 = CARTESIAN_POINT ( 'NONE',  ( 0.2995942064208097500, 0.01510378140969301200, -0.5355223845629195600 ) ) ;
#415 =( GEOMETRIC_REPRESENTATION_CONTEXT ( 3 ) GLOBAL_UNCERTAINTY_ASSIGNED_CONTEXT ( ( #179 ) ) GLOBAL_UNIT_ASSIGNED_CONTEXT ( ( #3378, #230, #2697 ) ) REPRESENTATION_CONTEXT ( 'NONE', 'WORKASPACE' ) );
#416 = ADVANCED_FACE ( 'NONE', ( #1764 ), #3579, .T. ) ;
#417 = ORIENTED_EDGE ( 'NONE', *, *, #1110, .F. ) ;
#418 = DIRECTION ( 'NONE',  ( 0.0000000000000000000, 0.0000000000000000000, -1.000000000000000000 ) ) ;
#419 = ORIENTED_EDGE ( 'NONE', *, *, #1773, .F. ) ;
#420 = DIRECTION ( 'NONE',  ( 0.0000000000000000000, -1.000000000000000000, 0.0000000000000000000 ) ) ;
#421 = DIRECTION ( 'NONE',  ( 0.0000000000000000000, 1.000000000000000000, 0.0000000000000000000 ) ) ;
#422 =( LENGTH_UNIT ( ) NAMED_UNIT ( * ) SI_UNIT ( .MILLI., .METRE. ) );
#423 = VERTEX_POINT ( 'NONE', #1584 ) ;
#424 = EDGE_LOOP ( 'NONE', ( #1639, #455, #922, #4285 ) ) ;
#425 = EDGE_CURVE ( 'NONE', #4132, #2380, #3132, .T. ) ;
#426 = CARTESIAN_POINT ( 'NONE',  ( 0.4409886340153633100, 0.5385600000000000400, -0.2490416194800628700 ) ) ;
#427 = UNCERTAINTY_MEASURE_WITH_UNIT (LENGTH_MEASURE( 1.000000000000000100E-005 ), #2714, 'distance_accuracy_value', 'NONE');
#428 = CARTESIAN_POINT ( 'NONE',  ( 0.5545887168147172200, 0.5435600000000000400, -0.3092102531213381500 ) ) ;
#429 = PRESENTATION_LAYER_ASSIGNMENT (  '', '', ( #4528 ) ) ;
#430 = EDGE_LOOP ( 'NONE', ( #3808, #1869, #4127, #4510 ) ) ;
#431 = VECTOR ( 'NONE', #2915, 1000.000000000000000 ) ;
#432 = EDGE_LOOP ( 'NONE', ( #1988, #15, #2659, #2155 ) ) ;
#433 = CARTESIAN_POINT ( 'NONE',  ( 1.050000000000000000, 0.5500000000000000400, -0.01144000000000000100 ) ) ;
#434 = EDGE_CURVE ( 'NONE', #487, #2913, #332, .T. ) ;
#435 = VERTEX_POINT ( 'NONE', #243 ) ;
#436 = SURFACE_SIDE_STYLE ('',( #4195 ) ) ;
#437 = CYLINDRICAL_SURFACE ( 'NONE', #3556, 0.01144000000000000100 ) ;
#438 = ADVANCED_FACE ( 'NONE', ( #56 ), #1232, .F. ) ;
#439 = VECTOR ( 'NONE', #3775, 1000.000000000000000 ) ;
#440 = ORIENTED_EDGE ( 'NONE', *, *, #1744, .F. ) ;
#441 = CARTESIAN_POINT ( 'NONE',  ( 1.038560000000000100, 0.0000000000000000000, -0.01144000000000000100 ) ) ;
#442 = FILL_AREA_STYLE ('',( #96 ) ) ;
#443 = EDGE_CURVE ( 'NONE', #3500, #526, #1929, .T. ) ;
#444 = ORIENTED_EDGE ( 'NONE', *, *, #3353, .F. ) ;
#445 = SURFACE_STYLE_FILL_AREA ( #3555 ) ;
#446 = CARTESIAN_POINT ( 'NONE',  ( 1.050000000000000000, 0.01144000000000000100, 0.0000000000000000000 ) ) ;
#447 = ORIENTED_EDGE ( 'NONE', *, *, #1185, .T. ) ;
#448 = FILL_AREA_STYLE ('',( #1458 ) ) ;
#449 = DIRECTION ( 'NONE',  ( 1.000000000000000000, 0.0000000000000000000, 3.405901710987559300E-015 ) ) ;
#450 = ORIENTED_EDGE ( 'NONE', *, *, #328, .F. ) ;
#451 = VECTOR ( 'NONE', #4439, 1000.000000000000000 ) ;
#452 = FACE_OUTER_BOUND ( 'NONE', #4335, .T. ) ;
#453 = MECHANICAL_DESIGN_GEOMETRIC_PRESENTATION_REPRESENTATION (  '', ( #1870 ), #4541 ) ;
#454 = DIRECTION ( 'NONE',  ( 0.0000000000000000000, -1.000000000000000000, 0.0000000000000000000 ) ) ;
#455 = ORIENTED_EDGE ( 'NONE', *, *, #2924, .F. ) ;
#456 = ORIENTED_EDGE ( 'NONE', *, *, #1471, .T. ) ;
#457 = CYLINDRICAL_SURFACE ( 'NONE', #108, 0.01144000000000004000 ) ;
#458 = PRESENTATION_STYLE_ASSIGNMENT (( #2909 ) ) ;
#459 = CARTESIAN_POINT ( 'NONE',  ( 1.038560000000000100, 0.5385600000000000400, -0.5385600000000000400 ) ) ;
#460 =( NAMED_UNIT ( * ) SI_UNIT ( $, .STERADIAN. ) SOLID_ANGLE_UNIT ( ) );
#461 = ORIENTED_EDGE ( 'NONE', *, *, #4501, .F. ) ;
#462 = VECTOR ( 'NONE', #3033, 1000.000000000000000 ) ;
#463 = LINE ( 'NONE', #14, #2129 ) ;
#464 = AXIS2_PLACEMENT_3D ( 'NONE', #4076, #3325, #2288 ) ;
#465 = CARTESIAN_POINT ( 'NONE',  ( 0.4820623254807480700, 0.5435600000000000400, -0.2812458643905236800 ) ) ;
#466 = CARTESIAN_POINT ( 'NONE',  ( 0.4010074378511139800, 0.5435600000000000400, -0.3092102531213381500 ) ) ;
#467 = ADVANCED_FACE ( 'NONE', ( #2425 ), #4290, .T. ) ;
#468 = AXIS2_PLACEMENT_3D ( 'NONE', #2797, #1800, #2736 ) ;
#469 = FILL_AREA_STYLE_COLOUR ( '', #3276 ) ;
#470 =( NAMED_UNIT ( * ) PLANE_ANGLE_UNIT ( ) SI_UNIT ( $, .RADIAN. ) );
#471 = EDGE_CURVE ( 'NONE', #1749, #106, #1369, .T. ) ;
#472 =( NAMED_UNIT ( * ) PLANE_ANGLE_UNIT ( ) SI_UNIT ( $, .RADIAN. ) );
#473 = PLANE ( 'NONE',  #2525 ) ;
#474 = ORIENTED_EDGE ( 'NONE', *, *, #3268, .F. ) ;
#475 = PLANE ( 'NONE',  #2058 ) ;
#476 = FACE_OUTER_BOUND ( 'NONE', #697, .T. ) ;
#477 = DIRECTION ( 'NONE',  ( 1.000000000000000000, 0.0000000000000000000, -0.0000000000000000000 ) ) ;
#478 = VERTEX_POINT ( 'NONE', #4550 ) ;
#479 = DIRECTION ( 'NONE',  ( -0.2746459304917039900, 0.0000000000000000000, 0.9615454294334439000 ) ) ;
#480 = STYLED_ITEM ( 'NONE', ( #1582 ), #1349 ) ;
#481 = STYLED_ITEM ( 'NONE', ( #4058 ), #1123 ) ;
#482 = LINE ( 'NONE', #1506, #3400 ) ;
#483 = ORIENTED_EDGE ( 'NONE', *, *, #1519, .F. ) ;
#484 = UNCERTAINTY_MEASURE_WITH_UNIT (LENGTH_MEASURE( 1.000000000000000100E-005 ), #582, 'distance_accuracy_value', 'NONE');
#485 = MECHANICAL_DESIGN_GEOMETRIC_PRESENTATION_REPRESENTATION (  '', ( #804 ), #4340 ) ;
#486 = PRESENTATION_STYLE_ASSIGNMENT (( #967 ) ) ;
#487 = VERTEX_POINT ( 'NONE', #378 ) ;
#488 = ADVANCED_FACE ( 'NONE', ( #2102 ), #3901, .T. ) ;
#489 = CARTESIAN_POINT ( 'NONE',  ( 1.038560000000000100, 0.0000000000000000000, 0.0000000000000000000 ) ) ;
#490 = DIRECTION ( 'NONE',  ( -0.0000000000000000000, 1.000000000000000000, 0.0000000000000000000 ) ) ;
#491 = CARTESIAN_POINT ( 'NONE',  ( 0.6131440561208637600, 0.5435600000000000400, -0.2950641444609195500 ) ) ;
#492 = EDGE_CURVE ( 'NONE', #3791, #1329, #2478, .T. ) ;
#493 = VERTEX_POINT ( 'NONE', #3026 ) ;
#494 = CARTESIAN_POINT ( 'NONE',  ( 0.6471948503523864400, 0.5435600000000000400, -0.2949683489253425200 ) ) ;
#495 =( LENGTH_UNIT ( ) NAMED_UNIT ( * ) SI_UNIT ( .MILLI., .METRE. ) );
#496 = DIRECTION ( 'NONE',  ( -0.2763173343569957400, 0.0000000000000000000, 0.9610664548998910700 ) ) ;
#497 = ORIENTED_EDGE ( 'NONE', *, *, #1168, .T. ) ;
#498 = EDGE_CURVE ( 'NONE', #4405, #64, #1365, .T. ) ;
#499 = ORIENTED_EDGE ( 'NONE', *, *, #2279, .T. ) ;
#500 = DIRECTION ( 'NONE',  ( -0.0000000000000000000, 0.0000000000000000000, -1.000000000000000000 ) ) ;
#501 = VERTEX_POINT ( 'NONE', #1613 ) ;
#502 = LINE ( 'NONE', #4007, #1616 ) ;
#503 = DIRECTION ( 'NONE',  ( 1.000000000000000000, 0.0000000000000000000, 0.0000000000000000000 ) ) ;
#504 = SURFACE_STYLE_FILL_AREA ( #147 ) ;
#505 = DIRECTION ( 'NONE',  ( 0.0000000000000000000, -1.000000000000000000, 0.0000000000000000000 ) ) ;
#506 = DIRECTION ( 'NONE',  ( 0.9280290862136735300, 0.0000000000000000000, -0.3725077383644724300 ) ) ;
#507 = MECHANICAL_DESIGN_GEOMETRIC_PRESENTATION_REPRESENTATION (  '', ( #4281 ), #2258 ) ;
#508 = ORIENTED_EDGE ( 'NONE', *, *, #894, .F. ) ;
#509 = DIRECTION ( 'NONE',  ( 0.0000000000000000000, -1.000000000000000000, -0.0000000000000000000 ) ) ;
#510 = VECTOR ( 'NONE', #301, 1000.000000000000000 ) ;
#511 = CARTESIAN_POINT ( 'NONE',  ( 1.050000000000000000, 0.01144000000000000100, 0.0000000000000000000 ) ) ;
#512 = SURFACE_STYLE_USAGE ( .BOTH. , #3303 ) ;
#513 = VECTOR ( 'NONE', #1748, 1000.000000000000000 ) ;
#514 = FACE_OUTER_BOUND ( 'NONE', #3647, .T. ) ;
#515 = STYLED_ITEM ( 'NONE', ( #876 ), #2858 ) ;
#516 = CARTESIAN_POINT ( 'NONE',  ( 0.7614400000000002300, 0.01144000000000000100, 0.0000000000000000000 ) ) ;
#517 = UNCERTAINTY_MEASURE_WITH_UNIT (LENGTH_MEASURE( 1.000000000000000100E-005 ), #1907, 'distance_accuracy_value', 'NONE');
#518 = LINE ( 'NONE', #3689, #3871 ) ;
#519 = SURFACE_STYLE_USAGE ( .BOTH. , #4367 ) ;
#520 =( GEOMETRIC_REPRESENTATION_CONTEXT ( 3 ) GLOBAL_UNCERTAINTY_ASSIGNED_CONTEXT ( ( #904 ) ) GLOBAL_UNIT_ASSIGNED_CONTEXT ( ( #842, #4374, #4413 ) ) REPRESENTATION_CONTEXT ( 'NONE', 'WORKASPACE' ) );
#521 = CARTESIAN_POINT ( 'NONE',  ( 0.6370866138886119900, 0.5435600000000000400, -0.2675093720176779900 ) ) ;
#522 = DIRECTION ( 'NONE',  ( 0.0000000000000000000, -1.000000000000000000, 0.0000000000000000000 ) ) ;
#523 = PLANE ( 'NONE',  #2474 ) ;
#524 = EDGE_CURVE ( 'NONE', #1337, #4012, #2099, .T. ) ;
#525 = VECTOR ( 'NONE', #2826, 1000.000000000000000 ) ;
#526 = VERTEX_POINT ( 'NONE', #4114 ) ;
#527 = EDGE_CURVE ( 'NONE', #781, #2037, #383, .T. ) ;
#528 = SURFACE_STYLE_USAGE ( .BOTH. , #3672 ) ;
#529 =( NAMED_UNIT ( * ) PLANE_ANGLE_UNIT ( ) SI_UNIT ( $, .RADIAN. ) );
#530 = ORIENTED_EDGE ( 'NONE', *, *, #2518, .F. ) ;
#531 = CARTESIAN_POINT ( 'NONE',  ( 0.4462506104848485400, 0.5435600000000000400, -0.2675093720178338700 ) ) ;
#532 = CARTESIAN_POINT ( 'NONE',  ( 0.4010074378511139800, 0.5385600000000000400, -0.3092102531213381500 ) ) ;
#533 = CARTESIAN_POINT ( 'NONE',  ( 1.038560000000000100, 0.5385600000000000400, -0.01144000000000000100 ) ) ;
#534 = AXIS2_PLACEMENT_3D ( 'NONE', #690, #388, #1805 ) ;
#535 = AXIS2_PLACEMENT_3D ( 'NONE', #4227, #4178, #738 ) ;
#536 = EDGE_LOOP ( 'NONE', ( #2062, #1671, #2465, #4329 ) ) ;
#537 = UNCERTAINTY_MEASURE_WITH_UNIT (LENGTH_MEASURE( 1.000000000000000100E-005 ), #3020, 'distance_accuracy_value', 'NONE');
#538 = CARTESIAN_POINT ( 'NONE',  ( 1.050000000000000000, 0.0000000000000000000, 0.0000000000000000000 ) ) ;
#539 = COLOUR_RGB ( '',0.7686274509803920900, 0.7686274509803920900, 0.7686274509803920900 ) ;
#540 = ORIENTED_EDGE ( 'NONE', *, *, #4270, .F. ) ;
#541 = PLANE ( 'NONE',  #4008 ) ;
#542 = CARTESIAN_POINT ( 'NONE',  ( 0.0000000000000000000, 0.5385600000000000400, -0.5500000000000000400 ) ) ;
#543 = CIRCLE ( 'NONE', #2592, 0.01144000000000004000 ) ;
#544 = CARTESIAN_POINT ( 'NONE',  ( 0.5311180462779058200, 0.5385600000000000400, -0.3092102531213381500 ) ) ;
#545 = ORIENTED_EDGE ( 'NONE', *, *, #1072, .F. ) ;
#546 = DIRECTION ( 'NONE',  ( 1.000000000000000000, 0.0000000000000000000, 0.0000000000000000000 ) ) ;
#547 = VECTOR ( 'NONE', #2953, 1000.000000000000000 ) ;
#548 = COLOUR_RGB ( '',0.6470588235294118000, 0.5176470588235293500, 0.0000000000000000000 ) ;
#549 = ORIENTED_EDGE ( 'NONE', *, *, #2051, .T. ) ;
#550 = DIRECTION ( 'NONE',  ( 0.7145695586381790600, 0.0000000000000000000, -0.6995643972270444400 ) ) ;
#551 = CARTESIAN_POINT ( 'NONE',  ( 0.4371683351698946200, 0.5385600000000000400, -0.3092102531213381500 ) ) ;
#552 = STYLED_ITEM ( 'NONE', ( #458 ), #4131 ) ;
#553 = FACE_OUTER_BOUND ( 'NONE', #3012, .T. ) ;
#554 = CARTESIAN_POINT ( 'NONE',  ( 0.7500000000000002200, 0.5385600000000000400, -0.5500000000000000400 ) ) ;
#555 = COLOUR_RGB ( '',0.7686274509803920900, 0.7686274509803920900, 0.7686274509803920900 ) ;
#556 = EDGE_LOOP ( 'NONE', ( #3838, #3652, #1096 ) ) ;
#557 = CARTESIAN_POINT ( 'NONE',  ( 0.6091224510906072500, 0.5435600000000000400, -0.2812433791288636000 ) ) ;
#558 = CARTESIAN_POINT ( 'NONE',  ( 0.2999999999999999300, 0.5271199999999999200, -0.01144000000000004000 ) ) ;
#559 = SURFACE_SIDE_STYLE ('',( #504 ) ) ;
#560 = ORIENTED_EDGE ( 'NONE', *, *, #1037, .F. ) ;
#561 = EDGE_CURVE ( 'NONE', #238, #3993, #2972, .T. ) ;
#562 = VECTOR ( 'NONE', #4344, 1000.000000000000000 ) ;
#563 = CARTESIAN_POINT ( 'NONE',  ( 0.2885599999999999800, 0.01144000000000000100, 0.0000000000000000000 ) ) ;
#564 = DIRECTION ( 'NONE',  ( 0.0000000000000000000, 0.0000000000000000000, 1.000000000000000000 ) ) ;
#565 = ORIENTED_EDGE ( 'NONE', *, *, #359, .T. ) ;
#566 = VECTOR ( 'NONE', #2563, 1000.000000000000000 ) ;
#567 =( GEOMETRIC_REPRESENTATION_CONTEXT ( 3 ) GLOBAL_UNCERTAINTY_ASSIGNED_CONTEXT ( ( #3471 ) ) GLOBAL_UNIT_ASSIGNED_CONTEXT ( ( #2526, #4339, #4317 ) ) REPRESENTATION_CONTEXT ( 'NONE', 'WORKASPACE' ) );
#568 = STYLED_ITEM ( 'NONE', ( #2761 ), #488 ) ;
#569 = FILL_AREA_STYLE ('',( #2345 ) ) ;
#570 = DIRECTION ( 'NONE',  ( 1.000000000000000000, 0.0000000000000000000, 0.0000000000000000000 ) ) ;
#571 = CARTESIAN_POINT ( 'NONE',  ( 0.2998315286624140300, 0.01370288082993922600, -0.01370288082993924600 ) ) ;
#572 = UNCERTAINTY_MEASURE_WITH_UNIT (LENGTH_MEASURE( 1.000000000000000100E-005 ), #4198, 'distance_accuracy_value', 'NONE');
#573 = ADVANCED_FACE ( 'NONE', ( #1084 ), #1192, .T. ) ;
#574 =( GEOMETRIC_REPRESENTATION_CONTEXT ( 3 ) GLOBAL_UNCERTAINTY_ASSIGNED_CONTEXT ( ( #769 ) ) GLOBAL_UNIT_ASSIGNED_CONTEXT ( ( #3379, #2299, #2988 ) ) REPRESENTATION_CONTEXT ( 'NONE', 'WORKASPACE' ) );
#575 = LINE ( 'NONE', #3216, #196 ) ;
#576 = PRESENTATION_STYLE_ASSIGNMENT (( #3562 ) ) ;
#577 = EDGE_CURVE ( 'NONE', #285, #3170, #1490, .T. ) ;
#578 = DIRECTION ( 'NONE',  ( 0.0000000000000000000, 0.0000000000000000000, -1.000000000000000000 ) ) ;
#579 = DIRECTION ( 'NONE',  ( -1.000000000000000000, 0.0000000000000000000, 0.0000000000000000000 ) ) ;
#580 =( GEOMETRIC_REPRESENTATION_CONTEXT ( 3 ) GLOBAL_UNCERTAINTY_ASSIGNED_CONTEXT ( ( #4323 ) ) GLOBAL_UNIT_ASSIGNED_CONTEXT ( ( #4234, #3549, #2509 ) ) REPRESENTATION_CONTEXT ( 'NONE', 'WORKASPACE' ) );
#581 = DIRECTION ( 'NONE',  ( 1.000000000000000000, 0.0000000000000000000, 0.0000000000000000000 ) ) ;
#582 =( LENGTH_UNIT ( ) NAMED_UNIT ( * ) SI_UNIT ( .MILLI., .METRE. ) );
#583 = DIRECTION ( 'NONE',  ( -1.000000000000000000, 0.0000000000000000000, 0.0000000000000000000 ) ) ;
#584 = LINE ( 'NONE', #3969, #4539 ) ;
#585 = DIRECTION ( 'NONE',  ( 0.05375259206908433700, 0.0000000000000000000, -0.9985542843760946100 ) ) ;
#586 = ORIENTED_EDGE ( 'NONE', *, *, #4291, .T. ) ;
#587 = DIRECTION ( 'NONE',  ( -1.000000000000000000, -8.884960985184979700E-016, 0.0000000000000000000 ) ) ;
#588 = EDGE_CURVE ( 'NONE', #2585, #2624, #3028, .T. ) ;
#589 = CARTESIAN_POINT ( 'NONE',  ( 0.5999319539321355000, 0.5385600000000000400, -0.2490443306742744500 ) ) ;
#590 = EDGE_LOOP ( 'NONE', ( #3701, #2579, #1383, #2922 ) ) ;
#591 = VECTOR ( 'NONE', #1186, 1000.000000000000000 ) ;
#592 = DIRECTION ( 'NONE',  ( 1.000000000000000000, 0.0000000000000000000, 0.0000000000000000000 ) ) ;
#593 = ORIENTED_EDGE ( 'NONE', *, *, #676, .F. ) ;
#594 = AXIS2_PLACEMENT_3D ( 'NONE', #1632, #3047, #4091 ) ;
#595 = CARTESIAN_POINT ( 'NONE',  ( 0.7500683848023103100, 0.01268898670756272000, -0.01768222662350834400 ) ) ;
#596 = ADVANCED_FACE ( 'NONE', ( #3406 ), #952, .F. ) ;
#597 = CYLINDRICAL_SURFACE ( 'NONE', #2995, 0.01143999999999998500 ) ;
#598 = ORIENTED_EDGE ( 'NONE', *, *, #1168, .F. ) ;
#599 = CARTESIAN_POINT ( 'NONE',  ( 0.3848875796061398400, 0.5385600000000000400, -0.2349050000000000000 ) ) ;
#600 = DIRECTION ( 'NONE',  ( 0.0000000000000000000, -1.000000000000000000, 0.0000000000000000000 ) ) ;
#601 = AXIS2_PLACEMENT_3D ( 'NONE', #1565, #3992, #477 ) ;
#602 = PRESENTATION_STYLE_ASSIGNMENT (( #4277 ) ) ;
#603 = ORIENTED_EDGE ( 'NONE', *, *, #758, .T. ) ;
#604 = CARTESIAN_POINT ( 'NONE',  ( 0.3694283491830324700, 0.5435600000000000400, -0.2775236204091264800 ) ) ;
#605 = CIRCLE ( 'NONE', #1528, 0.01144000000000004000 ) ;
#606 = VECTOR ( 'NONE', #2486, 1000.000000000000000 ) ;
#607 = ORIENTED_EDGE ( 'NONE', *, *, #902, .F. ) ;
#608 =( GEOMETRIC_REPRESENTATION_CONTEXT ( 3 ) GLOBAL_UNCERTAINTY_ASSIGNED_CONTEXT ( ( #1039 ) ) GLOBAL_UNIT_ASSIGNED_CONTEXT ( ( #3879, #1460, #730 ) ) REPRESENTATION_CONTEXT ( 'NONE', 'WORKASPACE' ) );
#609 = VECTOR ( 'NONE', #3974, 1000.000000000000000 ) ;
#610 = LINE ( 'NONE', #901, #1934 ) ;
#611 = ORIENTED_EDGE ( 'NONE', *, *, #3971, .T. ) ;
#612 = ORIENTED_EDGE ( 'NONE', *, *, #1103, .T. ) ;
#613 = CARTESIAN_POINT ( 'NONE',  ( 0.01143999999999993100, 0.5500000000000000400, -0.01144000000000000100 ) ) ;
#614 = FACE_OUTER_BOUND ( 'NONE', #3032, .T. ) ;
#615 = EDGE_CURVE ( 'NONE', #781, #3451, #3598, .T. ) ;
#616 =( GEOMETRIC_REPRESENTATION_CONTEXT ( 3 ) GLOBAL_UNCERTAINTY_ASSIGNED_CONTEXT ( ( #4458 ) ) GLOBAL_UNIT_ASSIGNED_CONTEXT ( ( #674, #3501, #3853 ) ) REPRESENTATION_CONTEXT ( 'NONE', 'WORKASPACE' ) );
#617 = DIRECTION ( 'NONE',  ( -1.000000000000000000, 0.0000000000000000000, 0.0000000000000000000 ) ) ;
#618 =( NAMED_UNIT ( * ) PLANE_ANGLE_UNIT ( ) SI_UNIT ( $, .RADIAN. ) );
#619 = ORIENTED_EDGE ( 'NONE', *, *, #3861, .T. ) ;
#620 = ADVANCED_FACE ( 'NONE', ( #1812 ), #1426, .T. ) ;
#621 = VECTOR ( 'NONE', #1826, 1000.000000000000000 ) ;
#622 = FILL_AREA_STYLE_COLOUR ( '', #539 ) ;
#623 = EDGE_CURVE ( 'NONE', #2866, #1948, #3577, .T. ) ;
#624 = LINE ( 'NONE', #1544, #4202 ) ;
#625 = MECHANICAL_DESIGN_GEOMETRIC_PRESENTATION_REPRESENTATION (  '', ( #3723 ), #1664 ) ;
#626 = MECHANICAL_DESIGN_GEOMETRIC_PRESENTATION_REPRESENTATION (  '', ( #3553 ), #3783 ) ;
#627 = DIRECTION ( 'NONE',  ( -0.0000000000000000000, -0.0000000000000000000, 1.000000000000000000 ) ) ;
#628 = B_SPLINE_CURVE_WITH_KNOTS ( 'NONE', 3,
 ( #3433, #4473, #2750, #4498, #1685, #2378, #3786, #280, #3080, #629 ),
 .UNSPECIFIED., .F., .F.,
 ( 4, 3, 3, 4 ),
 ( 0.0000000000000000000, 3.807012292923940000E-006, 7.621886349125322100E-006, 8.963476866336253000E-006 ),
 .UNSPECIFIED. ) ;
#629 = CARTESIAN_POINT ( 'NONE',  ( 0.2994983006540903300, 0.5352093015767741500, -0.01479069842322597100 ) ) ;
#630 = CARTESIAN_POINT ( 'NONE',  ( 0.7500000000000001100, 0.01257771175529219900, -0.01257771175529221900 ) ) ;
#631 = EDGE_CURVE ( 'NONE', #2037, #2601, #1704, .T. ) ;
#632 =( NAMED_UNIT ( * ) SI_UNIT ( $, .STERADIAN. ) SOLID_ANGLE_UNIT ( ) );
#633 = ADVANCED_FACE ( 'NONE', ( #2536 ), #4534, .F. ) ;
#634 = PLANE ( 'NONE',  #3254 ) ;
#635 = VECTOR ( 'NONE', #2076, 1000.000000000000000 ) ;
#636 = ORIENTED_EDGE ( 'NONE', *, *, #676, .T. ) ;
#637 =( GEOMETRIC_REPRESENTATION_CONTEXT ( 3 ) GLOBAL_UNCERTAINTY_ASSIGNED_CONTEXT ( ( #298 ) ) GLOBAL_UNIT_ASSIGNED_CONTEXT ( ( #1772, #4192, #1427 ) ) REPRESENTATION_CONTEXT ( 'NONE', 'WORKASPACE' ) );
#638 = CARTESIAN_POINT ( 'NONE',  ( 0.7505016993459099300, 0.5352093015767741500, -0.5352093015767741500 ) ) ;
#639 = SURFACE_STYLE_USAGE ( .BOTH. , #4166 ) ;
#640 = FACE_OUTER_BOUND ( 'NONE', #2815, .T. ) ;
#641 = ORIENTED_EDGE ( 'NONE', *, *, #1110, .T. ) ;
#642 = EDGE_CURVE ( 'NONE', #16, #211, #109, .T. ) ;
#643 = SURFACE_SIDE_STYLE ('',( #3458 ) ) ;
#644 = CIRCLE ( 'NONE', #2373, 0.01144000000000000100 ) ;
#645 = ORIENTED_EDGE ( 'NONE', *, *, #3772, .T. ) ;
#646 = AXIS2_PLACEMENT_3D ( 'NONE', #3322, #2950, #892 ) ;
#647 = MECHANICAL_DESIGN_GEOMETRIC_PRESENTATION_REPRESENTATION (  '', ( #2732 ), #3724 ) ;
#648 = VERTEX_POINT ( 'NONE', #1011 ) ;
#649 = ORIENTED_EDGE ( 'NONE', *, *, #3495, .T. ) ;
#650 = UNCERTAINTY_MEASURE_WITH_UNIT (LENGTH_MEASURE( 1.000000000000000100E-005 ), #4282, 'distance_accuracy_value', 'NONE');
#651 = SURFACE_SIDE_STYLE ('',( #4349 ) ) ;
#652 = CYLINDRICAL_SURFACE ( 'NONE', #3790, 0.01143999999999999900 ) ;
#653 = CARTESIAN_POINT ( 'NONE',  ( 0.2885599999999999300, 0.5500000000000000400, -0.01144000000000004000 ) ) ;
#654 = EDGE_LOOP ( 'NONE', ( #2494, #1208, #1985 ) ) ;
#655 = VERTEX_POINT ( 'NONE', #3789 ) ;
#656 =( NAMED_UNIT ( * ) SI_UNIT ( $, .STERADIAN. ) SOLID_ANGLE_UNIT ( ) );
#657 = ORIENTED_EDGE ( 'NONE', *, *, #2980, .T. ) ;
#658 = PRESENTATION_LAYER_ASSIGNMENT (  '', '', ( #4520 ) ) ;
#659 = DIRECTION ( 'NONE',  ( 1.000000000000000000, 0.0000000000000000000, 0.0000000000000000000 ) ) ;
#660 = LINE ( 'NONE', #1601, #932 ) ;
#661 = FACE_OUTER_BOUND ( 'NONE', #3800, .T. ) ;
#662 = ORIENTED_EDGE ( 'NONE', *, *, #1047, .F. ) ;
#663 = ADVANCED_FACE ( 'NONE', ( #3454 ), #597, .T. ) ;
#664 = FILL_AREA_STYLE ('',( #4169 ) ) ;
#665 = DIRECTION ( 'NONE',  ( -1.000000000000000000, -0.0000000000000000000, -0.0000000000000000000 ) ) ;
#666 = ORIENTED_EDGE ( 'NONE', *, *, #894, .T. ) ;
#667 = FACE_OUTER_BOUND ( 'NONE', #4068, .T. ) ;
#668 = LINE ( 'NONE', #3168, #3140 ) ;
#669 = ORIENTED_EDGE ( 'NONE', *, *, #257, .T. ) ;
#670 = MECHANICAL_DESIGN_GEOMETRIC_PRESENTATION_REPRESENTATION (  '', ( #4528 ), #895 ) ;
#671 = EDGE_LOOP ( 'NONE', ( #177, #3950, #1026, #4161 ) ) ;
#672 = LINE ( 'NONE', #4151, #3648 ) ;
#673 = DIRECTION ( 'NONE',  ( 0.0000000000000000000, 0.0000000000000000000, 1.000000000000000000 ) ) ;
#674 =( LENGTH_UNIT ( ) NAMED_UNIT ( * ) SI_UNIT ( .MILLI., .METRE. ) );
#675 = EDGE_LOOP ( 'NONE', ( #888, #4094, #141, #483 ) ) ;
#676 = EDGE_CURVE ( 'NONE', #1545, #4403, #4228, .T. ) ;
#677 = VECTOR ( 'NONE', #997, 1000.000000000000000 ) ;
#678 = SURFACE_SIDE_STYLE ('',( #2326 ) ) ;
#679 = CARTESIAN_POINT ( 'NONE',  ( 0.6308974089336167900, 0.5385600000000000400, -0.2349049999999999700 ) ) ;
#680 = CARTESIAN_POINT ( 'NONE',  ( 0.6131440561208637600, 0.5435600000000000400, -0.2950641444609195500 ) ) ;
#681 = SURFACE_STYLE_FILL_AREA ( #3865 ) ;
#682 = COLOUR_RGB ( '',0.7686274509803920900, 0.7686274509803920900, 0.7686274509803920900 ) ;
#683 = EDGE_CURVE ( 'NONE', #2905, #3629, #269, .T. ) ;
#684 = UNCERTAINTY_MEASURE_WITH_UNIT (LENGTH_MEASURE( 1.000000000000000100E-005 ), #921, 'distance_accuracy_value', 'NONE');
#685 = CARTESIAN_POINT ( 'NONE',  ( 0.7500000000000002200, 0.02288000000000003900, -0.01144000000000004000 ) ) ;
#686 = FACE_OUTER_BOUND ( 'NONE', #2101, .T. ) ;
#687 = CARTESIAN_POINT ( 'NONE',  ( 0.2994983006540903300, 0.01479069842322600400, -0.01479069842322586600 ) ) ;
#688 = DIRECTION ( 'NONE',  ( -1.000000000000000000, 0.0000000000000000000, 0.0000000000000000000 ) ) ;
#689 = FILL_AREA_STYLE ('',( #3904 ) ) ;
#690 = CARTESIAN_POINT ( 'NONE',  ( 0.6349095247834534200, 0.5435600000000000400, -0.2490443306742744500 ) ) ;
#691 = VECTOR ( 'NONE', #3716, 1000.000000000000000 ) ;
#692 = ORIENTED_EDGE ( 'NONE', *, *, #3046, .T. ) ;
#693 = CARTESIAN_POINT ( 'NONE',  ( 0.3360000000000000800, 0.5435600000000000400, -0.2349050000000000000 ) ) ;
#694 = CARTESIAN_POINT ( 'NONE',  ( 0.6737125909366049600, 0.5435600000000000400, -0.2349050000000000000 ) ) ;
#695 = MECHANICAL_DESIGN_GEOMETRIC_PRESENTATION_REPRESENTATION (  '', ( #2464 ), #608 ) ;
#696 = VECTOR ( 'NONE', #3677, 1000.000000000000000 ) ;
#697 = EDGE_LOOP ( 'NONE', ( #1253, #1482, #3820, #4300, #1508, #102, #1179, #2595 ) ) ;
#698 = FILL_AREA_STYLE_COLOUR ( '', #165 ) ;
#699 = FILL_AREA_STYLE ('',( #2135 ) ) ;
#700 = FACE_OUTER_BOUND ( 'NONE', #111, .T. ) ;
#701 = ORIENTED_EDGE ( 'NONE', *, *, #4531, .T. ) ;
#702 = DIRECTION ( 'NONE',  ( 1.539402763017535000E-015, 0.0000000000000000000, -1.000000000000000000 ) ) ;
#703 = DIRECTION ( 'NONE',  ( 0.0000000000000000000, 0.0000000000000000000, 1.000000000000000000 ) ) ;
#704 = DIRECTION ( 'NONE',  ( 0.0000000000000000000, -1.000000000000000000, 0.0000000000000000000 ) ) ;
#705 = CARTESIAN_POINT ( 'NONE',  ( 0.4920625660342559700, 0.5385600000000000400, -0.3092102531213381500 ) ) ;
#706 = ORIENTED_EDGE ( 'NONE', *, *, #2855, .F. ) ;
#707 = EDGE_CURVE ( 'NONE', #3179, #2366, #3289, .T. ) ;
#708 = SURFACE_STYLE_USAGE ( .BOTH. , #1062 ) ;
#709 = DIRECTION ( 'NONE',  ( -1.000000000000000000, 0.0000000000000000000, 0.0000000000000000000 ) ) ;
#710 =( LENGTH_UNIT ( ) NAMED_UNIT ( * ) SI_UNIT ( .MILLI., .METRE. ) );
#711 = DIRECTION ( 'NONE',  ( -0.8843386665637592600, 0.0000000000000000000, -0.4668459304955247000 ) ) ;
#712 = CARTESIAN_POINT ( 'NONE',  ( 0.3907726789223210900, 0.5435600000000000400, -0.2752507357681158700 ) ) ;
#713 = ORIENTED_EDGE ( 'NONE', *, *, #3971, .F. ) ;
#714 = UNCERTAINTY_MEASURE_WITH_UNIT (LENGTH_MEASURE( 1.000000000000000100E-005 ), #793, 'distance_accuracy_value', 'NONE');
#715 = AXIS2_PLACEMENT_3D ( 'NONE', #2043, #3744, #220 ) ;
#716 = LINE ( 'NONE', #2684, #1767 ) ;
#717 = VECTOR ( 'NONE', #965, 1000.000000000000200 ) ;
#718 = EDGE_LOOP ( 'NONE', ( #2048, #2122, #3277, #2275 ) ) ;
#719 = SURFACE_STYLE_FILL_AREA ( #1906 ) ;
#720 = SURFACE_STYLE_USAGE ( .BOTH. , #1410 ) ;
#721 = PRESENTATION_STYLE_ASSIGNMENT (( #742 ) ) ;
#722 = ORIENTED_EDGE ( 'NONE', *, *, #4351, .F. ) ;
#723 = DIRECTION ( 'NONE',  ( 0.0000000000000000000, 1.000000000000000000, 0.0000000000000000000 ) ) ;
#724 = AXIS2_PLACEMENT_3D ( 'NONE', #1502, #2910, #1529 ) ;
#725 = CARTESIAN_POINT ( 'NONE',  ( 1.050000000000000000, 0.5385600000000000400, 0.0000000000000000000 ) ) ;
#726 = EDGE_LOOP ( 'NONE', ( #2812, #219, #461, #22 ) ) ;
#727 = VECTOR ( 'NONE', #1707, 1000.000000000000100 ) ;
#728 = DIRECTION ( 'NONE',  ( 1.000000000000000000, 0.0000000000000000000, -2.459231407381525800E-015 ) ) ;
#729 = CARTESIAN_POINT ( 'NONE',  ( -6.967927563075477400E-005, 0.5385599999999998200, 0.01497545632595000600 ) ) ;
#730 =( NAMED_UNIT ( * ) SI_UNIT ( $, .STERADIAN. ) SOLID_ANGLE_UNIT ( ) );
#731 = EDGE_CURVE ( 'NONE', #2873, #2316, #1190, .T. ) ;
#732 = ORIENTED_EDGE ( 'NONE', *, *, #2424, .F. ) ;
#733 = SPHERICAL_SURFACE ( 'NONE', #2184, 0.01144000000000000100 ) ;
#734 = FACE_OUTER_BOUND ( 'NONE', #1587, .T. ) ;
#735 = PRESENTATION_LAYER_ASSIGNMENT (  '', '', ( #1822 ) ) ;
#736 = EDGE_CURVE ( 'NONE', #3970, #2866, #1423, .T. ) ;
#737 = DIRECTION ( 'NONE',  ( 0.0000000000000000000, 0.0000000000000000000, -1.000000000000000000 ) ) ;
#738 = DIRECTION ( 'NONE',  ( 0.0000000000000000000, 0.0000000000000000000, 1.000000000000000000 ) ) ;
#739 = ORIENTED_EDGE ( 'NONE', *, *, #3180, .T. ) ;
#740 = DIRECTION ( 'NONE',  ( -0.0000000000000000000, 0.0000000000000000000, 1.000000000000000000 ) ) ;
#741 = DIRECTION ( 'NONE',  ( 1.000000000000000000, 4.738645858765316500E-015, -0.0000000000000000000 ) ) ;
#742 = SURFACE_STYLE_USAGE ( .BOTH. , #302 ) ;
#743 = SURFACE_STYLE_USAGE ( .BOTH. , #1438 ) ;
#744 = SURFACE_STYLE_USAGE ( .BOTH. , #3595 ) ;
#745 = DIRECTION ( 'NONE',  ( 0.0000000000000000000, -1.000000000000000000, 0.0000000000000000000 ) ) ;
#746 = AXIS2_PLACEMENT_3D ( 'NONE', #385, #723, #3875 ) ;
#747 = CARTESIAN_POINT ( 'NONE',  ( 0.01143999999999993100, 0.5385600000000000400, 0.0000000000000000000 ) ) ;
#748 =( NAMED_UNIT ( * ) SI_UNIT ( $, .STERADIAN. ) SOLID_ANGLE_UNIT ( ) );
#749 = FACE_OUTER_BOUND ( 'NONE', #4397, .T. ) ;
#750 = EDGE_LOOP ( 'NONE', ( #2065, #603, #3072 ) ) ;
#751 = DIRECTION ( 'NONE',  ( 0.0000000000000000000, 0.0000000000000000000, 1.000000000000000000 ) ) ;
#752 = SURFACE_SIDE_STYLE ('',( #1391 ) ) ;
#753 = ORIENTED_EDGE ( 'NONE', *, *, #4119, .T. ) ;
#754 = MECHANICAL_DESIGN_GEOMETRIC_PRESENTATION_REPRESENTATION (  '', ( #2655 ), #520 ) ;
#755 = VECTOR ( 'NONE', #3558, 1000.000000000000000 ) ;
#756 = ORIENTED_EDGE ( 'NONE', *, *, #2324, .T. ) ;
#757 = FILL_AREA_STYLE_COLOUR ( '', #2635 ) ;
#758 = EDGE_CURVE ( 'NONE', #1157, #2537, #644, .T. ) ;
#759 =( NAMED_UNIT ( * ) SI_UNIT ( $, .STERADIAN. ) SOLID_ANGLE_UNIT ( ) );
#760 = DIRECTION ( 'NONE',  ( -0.2762517575166415500, 0.0000000000000000000, 0.9610853065513833600 ) ) ;
#761 = EDGE_LOOP ( 'NONE', ( #978, #117, #1662, #4136 ) ) ;
#762 = ADVANCED_FACE ( 'NONE', ( #2367 ), #34, .F. ) ;
#763 = SURFACE_STYLE_USAGE ( .BOTH. , #1429 ) ;
#764 = SURFACE_SIDE_STYLE ('',( #1737 ) ) ;
#765 = COLOUR_RGB ( '',0.7686274509803920900, 0.7686274509803920900, 0.7686274509803920900 ) ;
#766 = EDGE_CURVE ( 'NONE', #4135, #2913, #3627, .T. ) ;
#767 = VECTOR ( 'NONE', #4105, 1000.000000000000000 ) ;
#768 = ORIENTED_EDGE ( 'NONE', *, *, #3113, .F. ) ;
#769 = UNCERTAINTY_MEASURE_WITH_UNIT (LENGTH_MEASURE( 1.000000000000000100E-005 ), #3379, 'distance_accuracy_value', 'NONE');
#770 =( LENGTH_UNIT ( ) NAMED_UNIT ( * ) SI_UNIT ( .MILLI., .METRE. ) );
#771 =( NAMED_UNIT ( * ) PLANE_ANGLE_UNIT ( ) SI_UNIT ( $, .RADIAN. ) );
#772 = FACE_OUTER_BOUND ( 'NONE', #779, .T. ) ;
#773 = ORIENTED_EDGE ( 'NONE', *, *, #2807, .F. ) ;
#774 = MECHANICAL_DESIGN_GEOMETRIC_PRESENTATION_REPRESENTATION (  '', ( #157 ), #2431 ) ;
#775 = PRESENTATION_LAYER_ASSIGNMENT (  '', '', ( #3306 ) ) ;
#776 = ORIENTED_EDGE ( 'NONE', *, *, #2828, .T. ) ;
#777 = SURFACE_STYLE_USAGE ( .BOTH. , #1133 ) ;
#778 = LINE ( 'NONE', #3658, #4514 ) ;
#779 = EDGE_LOOP ( 'NONE', ( #4379, #669, #1241, #565 ) ) ;
#780 = DIRECTION ( 'NONE',  ( -0.0000000000000000000, 0.0000000000000000000, 1.000000000000000000 ) ) ;
#781 = VERTEX_POINT ( 'NONE', #1098 ) ;
#782 = LINE ( 'NONE', #2317, #12 ) ;
#783 = CARTESIAN_POINT ( 'NONE',  ( 0.5111220366907292000, 0.5435600000000000400, -0.2349049999999999700 ) ) ;
#784 = DIRECTION ( 'NONE',  ( 1.000000000000000000, 0.0000000000000000000, -0.0000000000000000000 ) ) ;
#785 = VERTEX_POINT ( 'NONE', #67 ) ;
#786 = DIRECTION ( 'NONE',  ( -0.9617234872620619200, 0.0000000000000000000, -0.2740217765953990600 ) ) ;
#787 = SURFACE_STYLE_USAGE ( .BOTH. , #752 ) ;
#788 = ADVANCED_FACE ( 'NONE', ( #858 ), #3863, .F. ) ;
#789 = AXIS2_PLACEMENT_3D ( 'NONE', #3365, #3722, #1915 ) ;
#790 = SURFACE_STYLE_USAGE ( .BOTH. , #2524 ) ;
#791 = CARTESIAN_POINT ( 'NONE',  ( 1.038560000000000100, 0.5385600000000000400, -0.5385600000000000400 ) ) ;
#792 = FACE_OUTER_BOUND ( 'NONE', #1644, .T. ) ;
#793 =( LENGTH_UNIT ( ) NAMED_UNIT ( * ) SI_UNIT ( .MILLI., .METRE. ) );
#794 = EDGE_CURVE ( 'NONE', #1515, #1211, #2964, .T. ) ;
#795 = FILL_AREA_STYLE ('',( #3258 ) ) ;
#796 =( NAMED_UNIT ( * ) SI_UNIT ( $, .STERADIAN. ) SOLID_ANGLE_UNIT ( ) );
#797 = DIRECTION ( 'NONE',  ( -0.0000000000000000000, 0.0000000000000000000, 1.000000000000000000 ) ) ;
#798 = DIRECTION ( 'NONE',  ( 0.0000000000000000000, 1.000000000000000000, 0.0000000000000000000 ) ) ;
#799 = CARTESIAN_POINT ( 'NONE',  ( 0.2885599999999999800, 0.0000000000000000000, -0.01144000000000000100 ) ) ;
#800 = PRESENTATION_LAYER_ASSIGNMENT (  '', '', ( #480 ) ) ;
#801 = AXIS2_PLACEMENT_3D ( 'NONE', #3245, #786, #3220 ) ;
#802 = EDGE_LOOP ( 'NONE', ( #2966, #1817, #1542, #4017 ) ) ;
#803 = DIRECTION ( 'NONE',  ( 0.0000000000000000000, -1.000000000000000000, 0.0000000000000000000 ) ) ;
#804 = STYLED_ITEM ( 'NONE', ( #1599 ), #3214 ) ;
#805 = ORIENTED_EDGE ( 'NONE', *, *, #297, .F. ) ;
#806 = FILL_AREA_STYLE_COLOUR ( '', #134 ) ;
#807 = ADVANCED_FACE ( 'NONE', ( #3845 ), #4494, .T. ) ;
#808 = SURFACE_SIDE_STYLE ('',( #3438 ) ) ;
#809 = EDGE_LOOP ( 'NONE', ( #419, #4230, #3588, #4005 ) ) ;
#810 = EDGE_CURVE ( 'NONE', #2376, #1337, #2917, .T. ) ;
#811 = CARTESIAN_POINT ( 'NONE',  ( 0.5871784954631548100, 0.5435600000000000400, -0.3092102531213381500 ) ) ;
#812 = AXIS2_PLACEMENT_3D ( 'NONE', #2312, #4071, #228 ) ;
#813 = ORIENTED_EDGE ( 'NONE', *, *, #2893, .T. ) ;
#814 = LINE ( 'NONE', #3527, #330 ) ;
#815 = ORIENTED_EDGE ( 'NONE', *, *, #1887, .T. ) ;
#816 = SURFACE_STYLE_USAGE ( .BOTH. , #2933 ) ;
#817 = EDGE_CURVE ( 'NONE', #1085, #1161, #2587, .T. ) ;
#818 = CARTESIAN_POINT ( 'NONE',  ( 0.2999999999999999300, 0.0000000000000000000, -0.5385600000000000400 ) ) ;
#819 = COLOUR_RGB ( '',0.7686274509803920900, 0.7686274509803920900, 0.7686274509803920900 ) ;
#820 = ORIENTED_EDGE ( 'NONE', *, *, #386, .F. ) ;
#821 = DIRECTION ( 'NONE',  ( 0.0000000000000000000, -1.000000000000000000, 0.0000000000000000000 ) ) ;
#822 = AXIS2_PLACEMENT_3D ( 'NONE', #1838, #798, #2885 ) ;
#823 = ORIENTED_EDGE ( 'NONE', *, *, #1258, .T. ) ;
#824 = CARTESIAN_POINT ( 'NONE',  ( 0.2999316151976898500, 0.01268898670756279200, -0.5323177733764917800 ) ) ;
#825 = ADVANCED_FACE ( 'NONE', ( #3573 ), #263, .T. ) ;
#826 = ORIENTED_EDGE ( 'NONE', *, *, #498, .F. ) ;
#827 = FACE_OUTER_BOUND ( 'NONE', #4184, .T. ) ;
#828 = VECTOR ( 'NONE', #3520, 1000.000000000000200 ) ;
#829 = AXIS2_PLACEMENT_3D ( 'NONE', #250, #1963, #1224 ) ;
#830 = DIRECTION ( 'NONE',  ( -0.05596501978068185000, 0.0000000000000000000, 0.9984327301130245800 ) ) ;
#831 = ORIENTED_EDGE ( 'NONE', *, *, #2196, .F. ) ;
#832 = LINE ( 'NONE', #3973, #3375 ) ;
#833 = DIRECTION ( 'NONE',  ( 0.0000000000000000000, 0.0000000000000000000, -1.000000000000000000 ) ) ;
#834 =( NAMED_UNIT ( * ) PLANE_ANGLE_UNIT ( ) SI_UNIT ( $, .RADIAN. ) );
#835 = ORIENTED_EDGE ( 'NONE', *, *, #3218, .F. ) ;
#836 = COLOUR_RGB ( '',0.7686274509803920900, 0.7686274509803920900, 0.7686274509803920900 ) ;
#837 = MECHANICAL_DESIGN_GEOMETRIC_PRESENTATION_REPRESENTATION (  '', ( #1797 ), #574 ) ;
#838 = DIRECTION ( 'NONE',  ( 1.000000000000000000, -0.0000000000000000000, -0.0000000000000000000 ) ) ;
#839 = DIRECTION ( 'NONE',  ( 1.000000000000000000, -0.0000000000000000000, -0.0000000000000000000 ) ) ;
#840 = SURFACE_STYLE_FILL_AREA ( #4438 ) ;
#841 = EDGE_CURVE ( 'NONE', #211, #2905, #1485, .T. ) ;
#842 =( LENGTH_UNIT ( ) NAMED_UNIT ( * ) SI_UNIT ( .MILLI., .METRE. ) );
#843 = CARTESIAN_POINT ( 'NONE',  ( 1.038560000000000100, 0.5385600000000000400, -0.01144000000000000100 ) ) ;
#844 = UNCERTAINTY_MEASURE_WITH_UNIT (LENGTH_MEASURE( 1.000000000000000100E-005 ), #4019, 'distance_accuracy_value', 'NONE');
#845 = EDGE_CURVE ( 'NONE', #943, #1211, #3236, .T. ) ;
#846 = FILL_AREA_STYLE ('',( #3342 ) ) ;
#847 = PLANE ( 'NONE',  #2120 ) ;
#848 = CARTESIAN_POINT ( 'NONE',  ( 0.2999912337617021100, 0.01874648206140874400, -0.01214617919449527600 ) ) ;
#849 = DIRECTION ( 'NONE',  ( -0.9999960426590096500, 0.0000000000000000000, -0.002813301676023789300 ) ) ;
#850 = ORIENTED_EDGE ( 'NONE', *, *, #2883, .T. ) ;
#851 =( NAMED_UNIT ( * ) SI_UNIT ( $, .STERADIAN. ) SOLID_ANGLE_UNIT ( ) );
#852 = PRESENTATION_LAYER_ASSIGNMENT (  '', '', ( #394 ) ) ;
#853 =( GEOMETRIC_REPRESENTATION_CONTEXT ( 3 ) GLOBAL_UNCERTAINTY_ASSIGNED_CONTEXT ( ( #1594 ) ) GLOBAL_UNIT_ASSIGNED_CONTEXT ( ( #1083, #2535, #3951 ) ) REPRESENTATION_CONTEXT ( 'NONE', 'WORKASPACE' ) );
#854 = CARTESIAN_POINT ( 'NONE',  ( 0.2994983006540903900, 0.01479069842322593300, -0.5352093015767741500 ) ) ;
#855 = LINE ( 'NONE', #2745, #4488 ) ;
#856 = ORIENTED_EDGE ( 'NONE', *, *, #1540, .T. ) ;
#857 = DIRECTION ( 'NONE',  ( -0.2762033010252067400, 0.0000000000000000000, 0.9610992334315843200 ) ) ;
#858 = FACE_OUTER_BOUND ( 'NONE', #432, .T. ) ;
#859 = ORIENTED_EDGE ( 'NONE', *, *, #2505, .F. ) ;
#860 = DIRECTION ( 'NONE',  ( 0.0000000000000000000, -1.000000000000000000, 0.0000000000000000000 ) ) ;
#861 = DIRECTION ( 'NONE',  ( 0.0000000000000000000, 0.0000000000000000000, 1.000000000000000000 ) ) ;
#862 = CARTESIAN_POINT ( 'NONE',  ( 0.2885599999999999300, 0.01144000000000000100, -0.5385600000000000400 ) ) ;
#863 = EDGE_CURVE ( 'NONE', #3407, #3970, #3336, .T. ) ;
#864 = ORIENTED_EDGE ( 'NONE', *, *, #94, .T. ) ;
#865 = FILL_AREA_STYLE ('',( #4360 ) ) ;
#866 = DIRECTION ( 'NONE',  ( -0.9615454294334440100, 0.0000000000000000000, -0.2746459304917040500 ) ) ;
#867 = SURFACE_STYLE_FILL_AREA ( #846 ) ;
#868 = ORIENTED_EDGE ( 'NONE', *, *, #3924, .F. ) ;
#869 = CARTESIAN_POINT ( 'NONE',  ( 1.050000000000000000, 0.5385600000000000400, -0.5500000000000000400 ) ) ;
#870 = CARTESIAN_POINT ( 'NONE',  ( 0.2999039613894642900, 0.01312106662224134600, -0.01677908796225509000 ) ) ;
#871 = EDGE_CURVE ( 'NONE', #3207, #285, #482, .T. ) ;
#872 = CIRCLE ( 'NONE', #2084, 0.01144000000000000100 ) ;
#873 = ORIENTED_EDGE ( 'NONE', *, *, #492, .F. ) ;
#874 =( NAMED_UNIT ( * ) PLANE_ANGLE_UNIT ( ) SI_UNIT ( $, .RADIAN. ) );
#875 = ORIENTED_EDGE ( 'NONE', *, *, #1540, .F. ) ;
#876 = PRESENTATION_STYLE_ASSIGNMENT (( #2123 ) ) ;
#877 = DIRECTION ( 'NONE',  ( 0.0000000000000000000, 0.0000000000000000000, 1.000000000000000000 ) ) ;
#878 = CARTESIAN_POINT ( 'NONE',  ( 0.2999316151976897900, 0.5373110132924373600, -0.01768222662350842400 ) ) ;
#879 = VECTOR ( 'NONE', #4392, 1000.000000000000000 ) ;
#880 = ORIENTED_EDGE ( 'NONE', *, *, #3651, .F. ) ;
#881 = MECHANICAL_DESIGN_GEOMETRIC_PRESENTATION_REPRESENTATION (  '', ( #480 ), #4108 ) ;
#882 = AXIS2_PLACEMENT_3D ( 'NONE', #905, #3376, #890 ) ;
#883 =( NAMED_UNIT ( * ) PLANE_ANGLE_UNIT ( ) SI_UNIT ( $, .RADIAN. ) );
#884 = ORIENTED_EDGE ( 'NONE', *, *, #3772, .F. ) ;
#885 = LINE ( 'NONE', #1077, #3862 ) ;
#886 = CARTESIAN_POINT ( 'NONE',  ( 0.2998315286624140300, 0.5362971191700607300, -0.5362971191700607300 ) ) ;
#887 = CARTESIAN_POINT ( 'NONE',  ( 0.7500000000000002200, 0.5271199999999999200, -0.01144000000000004000 ) ) ;
#888 = ORIENTED_EDGE ( 'NONE', *, *, #328, .T. ) ;
#889 = COLOUR_RGB ( '',0.7686274509803920900, 0.7686274509803920900, 0.7686274509803920900 ) ;
#890 = DIRECTION ( 'NONE',  ( -1.000000000000000000, 0.0000000000000000000, 0.0000000000000000000 ) ) ;
#891 =( GEOMETRIC_REPRESENTATION_CONTEXT ( 3 ) GLOBAL_UNCERTAINTY_ASSIGNED_CONTEXT ( ( #3979 ) ) GLOBAL_UNIT_ASSIGNED_CONTEXT ( ( #495, #4324, #2957 ) ) REPRESENTATION_CONTEXT ( 'NONE', 'WORKASPACE' ) );
#892 = DIRECTION ( 'NONE',  ( -1.000000000000000000, 0.0000000000000000000, 2.459231407381525800E-015 ) ) ;
#893 = CARTESIAN_POINT ( 'NONE',  ( 0.2999999999999999300, 0.5385600000000000400, -0.5500000000000000400 ) ) ;
#894 = EDGE_CURVE ( 'NONE', #493, #3070, #2469, .T. ) ;
#895 =( GEOMETRIC_REPRESENTATION_CONTEXT ( 3 ) GLOBAL_UNCERTAINTY_ASSIGNED_CONTEXT ( ( #2699 ) ) GLOBAL_UNIT_ASSIGNED_CONTEXT ( ( #4241, #3002, #3339 ) ) REPRESENTATION_CONTEXT ( 'NONE', 'WORKASPACE' ) );
#896 =( NAMED_UNIT ( * ) PLANE_ANGLE_UNIT ( ) SI_UNIT ( $, .RADIAN. ) );
#897 = CARTESIAN_POINT ( 'NONE',  ( 0.2885599999999999300, 0.5385600000000000400, -0.01144000000000000100 ) ) ;
#898 = DIRECTION ( 'NONE',  ( -0.9611638845408937400, 0.0000000000000000000, -0.2759782365590802100 ) ) ;
#899 = CARTESIAN_POINT ( 'NONE',  ( 0.4920625660342559700, 0.5435600000000000400, -0.3092102531213381500 ) ) ;
#900 = COLOUR_RGB ( '',0.7686274509803920900, 0.7686274509803920900, 0.7686274509803920900 ) ;
#901 = CARTESIAN_POINT ( 'NONE',  ( 0.6370866138886119900, 0.5435600000000000400, -0.2675093720176779900 ) ) ;
#902 = EDGE_CURVE ( 'NONE', #2775, #435, #2148, .T. ) ;
#903 = CARTESIAN_POINT ( 'NONE',  ( 0.4781387753146238400, 0.5435600000000000400, -0.2675093720178338700 ) ) ;
#904 = UNCERTAINTY_MEASURE_WITH_UNIT (LENGTH_MEASURE( 1.000000000000000100E-005 ), #842, 'distance_accuracy_value', 'NONE');
#905 = CARTESIAN_POINT ( 'NONE',  ( 0.6525458443711919000, 0.5435600000000000400, -0.2349050000000000000 ) ) ;
#906 = LINE ( 'NONE', #4033, #3499 ) ;
#907 = EDGE_LOOP ( 'NONE', ( #598, #2052, #949 ) ) ;
#908 = EDGE_CURVE ( 'NONE', #323, #4521, #1359, .T. ) ;
#909 = DIRECTION ( 'NONE',  ( 1.000000000000000000, 0.0000000000000000000, 0.0000000000000000000 ) ) ;
#910 = DIRECTION ( 'NONE',  ( 0.0000000000000000000, 0.0000000000000000000, 1.000000000000000000 ) ) ;
#911 = CYLINDRICAL_SURFACE ( 'NONE', #2758, 0.01144000000000004000 ) ;
#912 = ORIENTED_EDGE ( 'NONE', *, *, #1415, .F. ) ;
#913 = FILL_AREA_STYLE ('',( #1625 ) ) ;
#914 = PLANE ( 'NONE',  #1943 ) ;
#915 = LINE ( 'NONE', #3007, #1751 ) ;
#916 =( GEOMETRIC_REPRESENTATION_CONTEXT ( 3 ) GLOBAL_UNCERTAINTY_ASSIGNED_CONTEXT ( ( #2410 ) ) GLOBAL_UNIT_ASSIGNED_CONTEXT ( ( #4203, #3461, #2452 ) ) REPRESENTATION_CONTEXT ( 'NONE', 'WORKASPACE' ) );
#917 = ORIENTED_EDGE ( 'NONE', *, *, #1228, .T. ) ;
#918 = CARTESIAN_POINT ( 'NONE',  ( 1.050000000000000000, 0.5385600000000000400, -0.01144000000000000100 ) ) ;
#919 = VECTOR ( 'NONE', #2127, 1000.000000000000000 ) ;
#920 = ORIENTED_EDGE ( 'NONE', *, *, #2044, .T. ) ;
#921 =( LENGTH_UNIT ( ) NAMED_UNIT ( * ) SI_UNIT ( .MILLI., .METRE. ) );
#922 = ORIENTED_EDGE ( 'NONE', *, *, #1573, .F. ) ;
#923 = SURFACE_STYLE_FILL_AREA ( #1115 ) ;
#924 = MECHANICAL_DESIGN_GEOMETRIC_PRESENTATION_REPRESENTATION (  '', ( #2625 ), #3169 ) ;
#925 = CARTESIAN_POINT ( 'NONE',  ( 0.01144000000000000100, 0.5385600000000000400, -0.01144000000000000100 ) ) ;
#926 = LINE ( 'NONE', #4054, #3633 ) ;
#927 = ORIENTED_EDGE ( 'NONE', *, *, #683, .F. ) ;
#928 = CARTESIAN_POINT ( 'NONE',  ( 0.7500031471907087100, 0.01176689098586431800, -0.01991297509093082800 ) ) ;
#929 = DIRECTION ( 'NONE',  ( 1.000000000000000000, 0.0000000000000000000, 0.0000000000000000000 ) ) ;
#930 = CARTESIAN_POINT ( 'NONE',  ( 0.3000000000000182000, 0.02228299758247093500, -0.01143999999999902000 ) ) ;
#931 =( LENGTH_UNIT ( ) NAMED_UNIT ( * ) SI_UNIT ( .MILLI., .METRE. ) );
#932 = VECTOR ( 'NONE', #3313, 1000.000000000000000 ) ;
#933 = DIRECTION ( 'NONE',  ( -0.05375259206908434400, 0.0000000000000000000, 0.9985542843760947300 ) ) ;
#934 = FACE_OUTER_BOUND ( 'NONE', #333, .T. ) ;
#935 = ORIENTED_EDGE ( 'NONE', *, *, #3296, .F. ) ;
#936 = ORIENTED_EDGE ( 'NONE', *, *, #286, .F. ) ;
#937 =( NAMED_UNIT ( * ) PLANE_ANGLE_UNIT ( ) SI_UNIT ( $, .RADIAN. ) );
#938 = ORIENTED_EDGE ( 'NONE', *, *, #1799, .F. ) ;
#939 = ADVANCED_FACE ( 'NONE', ( #1863 ), #2547, .F. ) ;
#940 = CARTESIAN_POINT ( 'NONE',  ( 0.7500000000000002200, 0.01144000000000004000, -0.5271199999999999200 ) ) ;
#941 = ORIENTED_EDGE ( 'NONE', *, *, #3316, .F. ) ;
#942 = EDGE_CURVE ( 'NONE', #2601, #2042, #1183, .T. ) ;
#943 = VERTEX_POINT ( 'NONE', #3978 ) ;
#944 = LINE ( 'NONE', #1287, #3308 ) ;
#945 = LINE ( 'NONE', #679, #828 ) ;
#946 = EDGE_LOOP ( 'NONE', ( #2069, #440, #1214, #3728 ) ) ;
#947 = PRESENTATION_STYLE_ASSIGNMENT (( #3287 ) ) ;
#948 = PRESENTATION_LAYER_ASSIGNMENT (  '', '', ( #481 ) ) ;
#949 = ORIENTED_EDGE ( 'NONE', *, *, #3495, .F. ) ;
#950 = DIRECTION ( 'NONE',  ( 0.9610664548998910700, 0.0000000000000000000, 0.2763173343569957400 ) ) ;
#951 =( NAMED_UNIT ( * ) PLANE_ANGLE_UNIT ( ) SI_UNIT ( $, .RADIAN. ) );
#952 = PLANE ( 'NONE',  #882 ) ;
#953 = MECHANICAL_DESIGN_GEOMETRIC_PRESENTATION_REPRESENTATION (  '', ( #2153 ), #1308 ) ;
#954 = LINE ( 'NONE', #1994, #2511 ) ;
#955 = LINE ( 'NONE', #205, #2024 ) ;
#956 = EDGE_CURVE ( 'NONE', #2366, #2775, #3841, .T. ) ;
#957 = CARTESIAN_POINT ( 'NONE',  ( 0.7500087662382981500, 0.01214617919449528600, -0.01874648206140871300 ) ) ;
#958 = ADVANCED_FACE ( 'NONE', ( #700 ), #475, .T. ) ;
#959 = DIRECTION ( 'NONE',  ( 0.2760118818968593200, 0.0000000000000000000, -0.9611542233438680200 ) ) ;
#960 = AXIS2_PLACEMENT_3D ( 'NONE', #491, #1561, #849 ) ;
#961 =( NAMED_UNIT ( * ) SI_UNIT ( $, .STERADIAN. ) SOLID_ANGLE_UNIT ( ) );
#962 = FACE_OUTER_BOUND ( 'NONE', #4064, .T. ) ;
#963 =( BOUNDED_CURVE ( )  B_SPLINE_CURVE ( 3, ( #1609, #1235, #571, #2706 ),
 .UNSPECIFIED., .F., .F. ) 
 B_SPLINE_CURVE_WITH_KNOTS ( ( 4, 4 ),
 ( 1.570796326794897400, 1.868047687429716300 ),
 .UNSPECIFIED. ) 
 CURVE ( )  GEOMETRIC_REPRESENTATION_ITEM ( )  RATIONAL_B_SPLINE_CURVE ( ( 1.000000000000000000, 0.9926503465769137600, 0.9926503465769137600, 1.000000000000000000 ) ) 
 REPRESENTATION_ITEM ( '' )  );
#964 = CARTESIAN_POINT ( 'NONE',  ( 0.5311180462779058200, 0.5435600000000000400, -0.3092102531213381500 ) ) ;
#965 = DIRECTION ( 'NONE',  ( 0.05375259206908433700, 0.0000000000000000000, -0.9985542843760946100 ) ) ;
#966 = EDGE_CURVE ( 'NONE', #2756, #1496, #915, .T. ) ;
#967 = SURFACE_STYLE_USAGE ( .BOTH. , #3848 ) ;
#968 = LINE ( 'NONE', #2461, #635 ) ;
#969 = ORIENTED_EDGE ( 'NONE', *, *, #1719, .F. ) ;
#970 = LINE ( 'NONE', #1667, #319 ) ;
#971 = ORIENTED_EDGE ( 'NONE', *, *, #434, .T. ) ;
#972 = AXIS2_PLACEMENT_3D ( 'NONE', #538, #3386, #3352 ) ;
#973 = COLOUR_RGB ( '',0.7686274509803920900, 0.7686274509803920900, 0.7686274509803920900 ) ;
#974 = EDGE_LOOP ( 'NONE', ( #2538, #706, #2875, #4350 ) ) ;
#975 = CARTESIAN_POINT ( 'NONE',  ( 0.6370866138886119900, 0.5385600000000000400, -0.2675093720176779900 ) ) ;
#976 = PRESENTATION_LAYER_ASSIGNMENT (  '', '', ( #3195 ) ) ;
#977 = DIRECTION ( 'NONE',  ( -0.2760118818968593200, 0.0000000000000000000, 0.9611542233438680200 ) ) ;
#978 = ORIENTED_EDGE ( 'NONE', *, *, #1, .T. ) ;
#979 = DIRECTION ( 'NONE',  ( -1.000000000000000000, 0.0000000000000000000, -0.0000000000000000000 ) ) ;
#980 = ADVANCED_FACE ( 'NONE', ( #1981 ), #4222, .T. ) ;
#981 = DIRECTION ( 'NONE',  ( -0.9601763114346026900, 0.0000000000000000000, -0.2793947940814948700 ) ) ;
#982 = PRESENTATION_STYLE_ASSIGNMENT (( #3688 ) ) ;
#983 = LINE ( 'NONE', #99, #4556 ) ;
#984 = ORIENTED_EDGE ( 'NONE', *, *, #4330, .T. ) ;
#985 = MECHANICAL_DESIGN_GEOMETRIC_PRESENTATION_REPRESENTATION (  '', ( #3965 ), #2328 ) ;
#986 = VECTOR ( 'NONE', #3649, 1000.000000000000000 ) ;
#987 = EDGE_LOOP ( 'NONE', ( #1293, #884, #57, #1592 ) ) ;
#988 = UNCERTAINTY_MEASURE_WITH_UNIT (LENGTH_MEASURE( 1.000000000000000100E-005 ), #770, 'distance_accuracy_value', 'NONE');
#989 = ORIENTED_EDGE ( 'NONE', *, *, #2893, .F. ) ;
#990 = DIRECTION ( 'NONE',  ( -0.2763139702539146900, 0.0000000000000000000, 0.9610674221107063900 ) ) ;
#991 = SURFACE_STYLE_FILL_AREA ( #795 ) ;
#992 = PRESENTATION_STYLE_ASSIGNMENT (( #2830 ) ) ;
#993 = EDGE_CURVE ( 'NONE', #3179, #4529, #2912, .T. ) ;
#994 = LINE ( 'NONE', #2309, #3252 ) ;
#995 = ORIENTED_EDGE ( 'NONE', *, *, #1649, .F. ) ;
#996 = SURFACE_SIDE_STYLE ('',( #1741 ) ) ;
#997 = DIRECTION ( 'NONE',  ( 0.2755520632520533400, 0.0000000000000000000, -0.9612861490927331300 ) ) ;
#998 = ORIENTED_EDGE ( 'NONE', *, *, #4311, .F. ) ;
#999 = CARTESIAN_POINT ( 'NONE',  ( 1.050000000000000000, 0.5500000000000000400, 0.0000000000000000000 ) ) ;
#1000 = PLANE ( 'NONE',  #2841 ) ;
#1001 = EDGE_CURVE ( 'NONE', #2407, #3419, #1513, .T. ) ;
#1002 = ORIENTED_EDGE ( 'NONE', *, *, #2740, .F. ) ;
#1003 = ADVANCED_FACE ( 'NONE', ( #151 ), #4370, .F. ) ;
#1004 = LINE ( 'NONE', #2653, #1844 ) ;
#1005 = AXIS2_PLACEMENT_3D ( 'NONE', #2218, #2569, #2914 ) ;
#1006 =( GEOMETRIC_REPRESENTATION_CONTEXT ( 3 ) GLOBAL_UNCERTAINTY_ASSIGNED_CONTEXT ( ( #2754 ) ) GLOBAL_UNIT_ASSIGNED_CONTEXT ( ( #4002, #834, #2269 ) ) REPRESENTATION_CONTEXT ( 'NONE', 'WORKASPACE' ) );
#1007 = CARTESIAN_POINT ( 'NONE',  ( 0.7500000000000002200, 0.5385600000000000400, -0.5271199999999999200 ) ) ;
#1008 = LINE ( 'NONE', #1848, #1117 ) ;
#1009 = SURFACE_STYLE_FILL_AREA ( #3666 ) ;
#1010 = CARTESIAN_POINT ( 'NONE',  ( 0.4157862745226992800, 0.5435600000000000400, -0.2349049999999999500 ) ) ;
#1011 = CARTESIAN_POINT ( 'NONE',  ( 0.6525458443711919000, 0.5435600000000000400, -0.2349050000000000000 ) ) ;
#1012 = CARTESIAN_POINT ( 'NONE',  ( 0.5871784954631548100, 0.5435600000000000400, -0.3092102531213381500 ) ) ;
#1013 = VECTOR ( 'NONE', #338, 1000.000000000000000 ) ;
#1014 = ORIENTED_EDGE ( 'NONE', *, *, #3087, .F. ) ;
#1015 = CARTESIAN_POINT ( 'NONE',  ( 0.7499999999999820100, 0.5385600000000009300, -0.5277170024175290600 ) ) ;
#1016 = CARTESIAN_POINT ( 'NONE',  ( 0.4157862745226992800, 0.5435600000000000400, -0.2349049999999999500 ) ) ;
#1017 = CARTESIAN_POINT ( 'NONE',  ( 0.7500000000000002200, 0.5271199999999999200, -0.01144000000000004000 ) ) ;
#1018 = LINE ( 'NONE', #2389, #2640 ) ;
#1019 = VERTEX_POINT ( 'NONE', #4079 ) ;
#1020 = DIRECTION ( 'NONE',  ( 0.0000000000000000000, -0.0000000000000000000, 1.000000000000000000 ) ) ;
#1021 = EDGE_CURVE ( 'NONE', #3993, #337, #3178, .T. ) ;
#1022 = ADVANCED_FACE ( 'NONE', ( #2256 ), #911, .T. ) ;
#1023 = CARTESIAN_POINT ( 'NONE',  ( 0.2999999999999999300, 0.01257771175529219000, -0.5374222882447078400 ) ) ;
#1024 = VECTOR ( 'NONE', #1533, 1000.000000000000000 ) ;
#1025 = CARTESIAN_POINT ( 'NONE',  ( 0.7500000000000002200, 0.01144000000000000100, 0.0000000000000000000 ) ) ;
#1026 = ORIENTED_EDGE ( 'NONE', *, *, #2727, .F. ) ;
#1027 = STYLED_ITEM ( 'NONE', ( #2163 ), #303 ) ;
#1028 = ORIENTED_EDGE ( 'NONE', *, *, #3542, .T. ) ;
#1029 = COLOUR_RGB ( '',0.7686274509803920900, 0.7686274509803920900, 0.7686274509803920900 ) ;
#1030 = CARTESIAN_POINT ( 'NONE',  ( 0.7500000000000001100, 0.01257771175529219300, -0.5374222882447078400 ) ) ;
#1031 = ORIENTED_EDGE ( 'NONE', *, *, #1891, .T. ) ;
#1032 = MECHANICAL_DESIGN_GEOMETRIC_PRESENTATION_REPRESENTATION (  '', ( #3768 ), #4549 ) ;
#1033 = CARTESIAN_POINT ( 'NONE',  ( 1.050000000000000000, 0.0000000000000000000, 0.0000000000000000000 ) ) ;
#1034 = ORIENTED_EDGE ( 'NONE', *, *, #1986, .F. ) ;
#1035 =( LENGTH_UNIT ( ) NAMED_UNIT ( * ) SI_UNIT ( .MILLI., .METRE. ) );
#1036 = CARTESIAN_POINT ( 'NONE',  ( 0.7500000000000002200, 0.01144000000000004000, -0.02288000000000008100 ) ) ;
#1037 = EDGE_CURVE ( 'NONE', #2752, #3565, #2851, .T. ) ;
#1038 = ORIENTED_EDGE ( 'NONE', *, *, #3670, .F. ) ;
#1039 = UNCERTAINTY_MEASURE_WITH_UNIT (LENGTH_MEASURE( 1.000000000000000100E-005 ), #3879, 'distance_accuracy_value', 'NONE');
#1040 = ORIENTED_EDGE ( 'NONE', *, *, #2855, .T. ) ;
#1041 = PRESENTATION_LAYER_ASSIGNMENT (  '', '', ( #2010 ) ) ;
#1042 = ORIENTED_EDGE ( 'NONE', *, *, #2051, .F. ) ;
#1043 = FACE_OUTER_BOUND ( 'NONE', #430, .T. ) ;
#1044 = DIRECTION ( 'NONE',  ( 1.000000000000000000, 0.0000000000000000000, 0.0000000000000000000 ) ) ;
#1045 = SURFACE_STYLE_USAGE ( .BOTH. , #1060 ) ;
#1046 = ORIENTED_EDGE ( 'NONE', *, *, #2310, .T. ) ;
#1047 = EDGE_CURVE ( 'NONE', #1140, #2775, #3675, .T. ) ;
#1048 = LINE ( 'NONE', #3919, #621 ) ;
#1049 =( NAMED_UNIT ( * ) PLANE_ANGLE_UNIT ( ) SI_UNIT ( $, .RADIAN. ) );
#1050 = DIRECTION ( 'NONE',  ( 0.0000000000000000000, 0.0000000000000000000, 1.000000000000000000 ) ) ;
#1051 = DIRECTION ( 'NONE',  ( -0.0000000000000000000, -0.0000000000000000000, 1.000000000000000000 ) ) ;
#1052 = FILL_AREA_STYLE ('',( #3155 ) ) ;
#1053 = CARTESIAN_POINT ( 'NONE',  ( 0.5658151873035800500, 0.5385600000000000400, -0.2349049999999999700 ) ) ;
#1054 = FACE_OUTER_BOUND ( 'NONE', #974, .T. ) ;
#1055 = DIRECTION ( 'NONE',  ( 1.000000000000000000, 0.0000000000000000000, 0.0000000000000000000 ) ) ;
#1056 = STYLED_ITEM ( 'NONE', ( #4389 ), #467 ) ;
#1057 = VECTOR ( 'NONE', #4309, 1000.000000000000000 ) ;
#1058 = LINE ( 'NONE', #3703, #1345 ) ;
#1059 = CARTESIAN_POINT ( 'NONE',  ( 0.01143999999999993100, 0.01144000000000000100, -0.01144000000000000100 ) ) ;
#1060 = SURFACE_SIDE_STYLE ('',( #1952 ) ) ;
#1061 = CARTESIAN_POINT ( 'NONE',  ( 0.7503291180442894800, 0.5358208357733361700, -0.01543886146844894400 ) ) ;
#1062 = SURFACE_SIDE_STYLE ('',( #1645 ) ) ;
#1063 = LINE ( 'NONE', #1824, #1407 ) ;
#1064 = DIRECTION ( 'NONE',  ( 0.0000000000000000000, -1.000000000000000000, 0.0000000000000000000 ) ) ;
#1065 = FILL_AREA_STYLE_COLOUR ( '', #2109 ) ;
#1066 = SURFACE_SIDE_STYLE ('',( #923 ) ) ;
#1067 = DIRECTION ( 'NONE',  ( 0.0000000000000000000, 0.0000000000000000000, -1.000000000000000000 ) ) ;
#1068 = PRESENTATION_LAYER_ASSIGNMENT (  '', '', ( #3768 ) ) ;
#1069 = FACE_OUTER_BOUND ( 'NONE', #1223, .T. ) ;
#1070 = ORIENTED_EDGE ( 'NONE', *, *, #257, .F. ) ;
#1071 = CARTESIAN_POINT ( 'NONE',  ( 0.4501696419936382400, 0.5385600000000000400, -0.2812458643905236800 ) ) ;
#1072 = EDGE_CURVE ( 'NONE', #3, #943, #4328, .T. ) ;
#1073 = MECHANICAL_DESIGN_GEOMETRIC_PRESENTATION_REPRESENTATION (  '', ( #3995 ), #3831 ) ;
#1074 = EDGE_LOOP ( 'NONE', ( #2479, #3290, #823, #3949, #776, #4219, #3042, #1681 ) ) ;
#1075 = CARTESIAN_POINT ( 'NONE',  ( 0.5658151873035800500, 0.5385600000000000400, -0.2349049999999999700 ) ) ;
#1076 = COLOUR_RGB ( '',0.7686274509803920900, 0.7686274509803920900, 0.7686274509803920900 ) ;
#1077 = CARTESIAN_POINT ( 'NONE',  ( 0.4880454796612420100, 0.5435600000000000400, -0.2950666297225400500 ) ) ;
#1078 = ORIENTED_EDGE ( 'NONE', *, *, #4000, .T. ) ;
#1079 = EDGE_CURVE ( 'NONE', #2827, #1306, #1130, .T. ) ;
#1080 = FILL_AREA_STYLE ('',( #2519 ) ) ;
#1081 = CARTESIAN_POINT ( 'NONE',  ( 0.3848875796061398400, 0.5435600000000000400, -0.2349050000000000000 ) ) ;
#1082 = CARTESIAN_POINT ( 'NONE',  ( 1.050000000000000000, 0.5385600000000000400, -0.01144000000000000100 ) ) ;
#1083 =( LENGTH_UNIT ( ) NAMED_UNIT ( * ) SI_UNIT ( .MILLI., .METRE. ) );
#1084 = FACE_OUTER_BOUND ( 'NONE', #675, .T. ) ;
#1085 = VERTEX_POINT ( 'NONE', #1648 ) ;
#1086 = AXIS2_PLACEMENT_3D ( 'NONE', #4322, #1880, #3609 ) ;
#1087 = AXIS2_PLACEMENT_3D ( 'NONE', #1840, #4314, #449 ) ;
#1088 = FACE_OUTER_BOUND ( 'NONE', #379, .T. ) ;
#1089 = EDGE_LOOP ( 'NONE', ( #3512, #4506, #264, #856 ) ) ;
#1090 = DIRECTION ( 'NONE',  ( 1.000000000000000000, 0.0000000000000000000, 0.0000000000000000000 ) ) ;
#1091 = COLOUR_RGB ( '',0.7686274509803920900, 0.7686274509803920900, 0.7686274509803920900 ) ;
#1092 = FACE_OUTER_BOUND ( 'NONE', #3866, .T. ) ;
#1093 = ORIENTED_EDGE ( 'NONE', *, *, #2189, .T. ) ;
#1094 = CARTESIAN_POINT ( 'NONE',  ( 0.01143999999999993100, 0.01144000000000000100, -0.5500000000000000400 ) ) ;
#1095 = DIRECTION ( 'NONE',  ( 0.0000000000000000000, 0.0000000000000000000, -1.000000000000000000 ) ) ;
#1096 = ORIENTED_EDGE ( 'NONE', *, *, #2951, .F. ) ;
#1097 = CIRCLE ( 'NONE', #1682, 0.01144000000000000100 ) ;
#1098 = CARTESIAN_POINT ( 'NONE',  ( 0.7500000000000002200, 0.01144000000000004000, -0.01144000000000004000 ) ) ;
#1099 = B_SPLINE_CURVE_WITH_KNOTS ( 'NONE', 3,
 ( #3621, #4294, #3610, #2202, #2548, #154, #1173, #3692, #2234, #1203 ),
 .UNSPECIFIED., .F., .F.,
 ( 4, 3, 3, 4 ),
 ( 0.0000000000000000000, 3.807012292923939600E-006, 7.621886349125323800E-006, 8.963476866336110700E-006 ),
 .UNSPECIFIED. ) ;
#1100 = ORIENTED_EDGE ( 'NONE', *, *, #1598, .T. ) ;
#1101 = CARTESIAN_POINT ( 'NONE',  ( 0.5545887168147172200, 0.5435600000000000400, -0.3092102531213381500 ) ) ;
#1102 = DIRECTION ( 'NONE',  ( 0.0000000000000000000, 0.0000000000000000000, -1.000000000000000000 ) ) ;
#1103 = EDGE_CURVE ( 'NONE', #2941, #2240, #3231, .T. ) ;
#1104 = ADVANCED_FACE ( 'NONE', ( #2748 ), #2012, .F. ) ;
#1105 = VERTEX_POINT ( 'NONE', #2346 ) ;
#1106 =( GEOMETRIC_REPRESENTATION_CONTEXT ( 3 ) GLOBAL_UNCERTAINTY_ASSIGNED_CONTEXT ( ( #714 ) ) GLOBAL_UNIT_ASSIGNED_CONTEXT ( ( #793, #3270, #110 ) ) REPRESENTATION_CONTEXT ( 'NONE', 'WORKASPACE' ) );
#1107 = CARTESIAN_POINT ( 'NONE',  ( 0.7500000000000002200, 0.5385600000000000400, -0.5385600000000000400 ) ) ;
#1108 = VERTEX_POINT ( 'NONE', #2688 ) ;
#1109 = VECTOR ( 'NONE', #2821, 1000.000000000000000 ) ;
#1110 = EDGE_CURVE ( 'NONE', #1531, #2537, #3784, .T. ) ;
#1111 = CARTESIAN_POINT ( 'NONE',  ( 0.7500000000000002200, 0.5385600000000000400, -0.02288000000000008100 ) ) ;
#1112 = DIRECTION ( 'NONE',  ( 0.0000000000000000000, -1.000000000000000000, 0.0000000000000000000 ) ) ;
#1113 = ORIENTED_EDGE ( 'NONE', *, *, #3476, .F. ) ;
#1114 = CARTESIAN_POINT ( 'NONE',  ( 0.5309311526591329300, 0.5435600000000000400, -0.2349049999999999700 ) ) ;
#1115 = FILL_AREA_STYLE ('',( #3232 ) ) ;
#1116 = DIRECTION ( 'NONE',  ( 0.9999891854650020400, 0.0000000000000000000, 0.004650693823683970900 ) ) ;
#1117 = VECTOR ( 'NONE', #1112, 1000.000000000000000 ) ;
#1118 = AXIS2_PLACEMENT_3D ( 'NONE', #1819, #981, #355 ) ;
#1119 = CARTESIAN_POINT ( 'NONE',  ( 0.4541912470239822800, 0.5385600000000000400, -0.2950666297225400500 ) ) ;
#1120 = DIRECTION ( 'NONE',  ( 1.000000000000000000, 0.0000000000000000000, 0.0000000000000000000 ) ) ;
#1121 =( GEOMETRIC_REPRESENTATION_CONTEXT ( 3 ) GLOBAL_UNCERTAINTY_ASSIGNED_CONTEXT ( ( #1456 ) ) GLOBAL_UNIT_ASSIGNED_CONTEXT ( ( #4251, #4278, #3548 ) ) REPRESENTATION_CONTEXT ( 'NONE', 'WORKASPACE' ) );
#1122 = PLANE ( 'NONE',  #2445 ) ;
#1123 = ADVANCED_FACE ( 'NONE', ( #3943 ), #3837, .T. ) ;
#1124 = CARTESIAN_POINT ( 'NONE',  ( 0.6052034195819078200, 0.5435600000000000400, -0.2675093720176779900 ) ) ;
#1125 =( LENGTH_UNIT ( ) NAMED_UNIT ( * ) SI_UNIT ( .MILLI., .METRE. ) );
#1126 = ORIENTED_EDGE ( 'NONE', *, *, #3608, .F. ) ;
#1127 = DIRECTION ( 'NONE',  ( 0.0000000000000000000, -1.000000000000000000, 0.0000000000000000000 ) ) ;
#1128 = DIRECTION ( 'NONE',  ( 0.0000000000000000000, 0.0000000000000000000, 1.000000000000000000 ) ) ;
#1129 = CARTESIAN_POINT ( 'NONE',  ( 0.7112903907351556500, 0.5385600000000000400, -0.2948616750556482000 ) ) ;
#1130 = LINE ( 'NONE', #1249, #696 ) ;
#1131 = ORIENTED_EDGE ( 'NONE', *, *, #1448, .T. ) ;
#1132 = ORIENTED_EDGE ( 'NONE', *, *, #1956, .F. ) ;
#1133 = SURFACE_SIDE_STYLE ('',( #1692 ) ) ;
#1134 = EDGE_CURVE ( 'NONE', #2905, #2762, #2411, .T. ) ;
#1135 = SURFACE_SIDE_STYLE ('',( #3656 ) ) ;
#1136 = ORIENTED_EDGE ( 'NONE', *, *, #3113, .T. ) ;
#1137 = SURFACE_STYLE_USAGE ( .BOTH. , #2152 ) ;
#1138 = DIRECTION ( 'NONE',  ( 0.2732148821746424600, 0.0000000000000000000, -0.9619530280415443700 ) ) ;
#1139 = VECTOR ( 'NONE', #1781, 1000.000000000000000 ) ;
#1140 = VERTEX_POINT ( 'NONE', #4124 ) ;
#1141 = DIRECTION ( 'NONE',  ( 0.2759782365590801600, 0.0000000000000000000, -0.9611638845408936300 ) ) ;
#1142 = DIRECTION ( 'NONE',  ( 1.000000000000000000, -0.0000000000000000000, -0.0000000000000000000 ) ) ;
#1143 = SURFACE_SIDE_STYLE ('',( #4352 ) ) ;
#1144 = ADVANCED_FACE ( 'NONE', ( #640 ), #3427, .F. ) ;
#1145 = SURFACE_STYLE_FILL_AREA ( #2379 ) ;
#1146 = VERTEX_POINT ( 'NONE', #613 ) ;
#1147 = AXIS2_PLACEMENT_3D ( 'NONE', #3673, #1530, #2289 ) ;
#1148 = CARTESIAN_POINT ( 'NONE',  ( 0.4820623254807480700, 0.5435600000000000400, -0.2812458643905236800 ) ) ;
#1149 = FACE_OUTER_BOUND ( 'NONE', #2810, .T. ) ;
#1150 = ORIENTED_EDGE ( 'NONE', *, *, #3450, .T. ) ;
#1151 = DIRECTION ( 'NONE',  ( -0.0000000000000000000, -0.0000000000000000000, 1.000000000000000000 ) ) ;
#1152 = ORIENTED_EDGE ( 'NONE', *, *, #845, .F. ) ;
#1153 = VECTOR ( 'NONE', #3557, 1000.000000000000000 ) ;
#1154 = CARTESIAN_POINT ( 'NONE',  ( 0.0000000000000000000, 0.5385600000000000400, -0.01144000000000000100 ) ) ;
#1155 = CARTESIAN_POINT ( 'NONE',  ( 0.3907726789223210900, 0.5435600000000000400, -0.2752507357681158700 ) ) ;
#1156 = AXIS2_PLACEMENT_3D ( 'NONE', #4038, #4381, #183 ) ;
#1157 = VERTEX_POINT ( 'NONE', #3053 ) ;
#1158 = FACE_OUTER_BOUND ( 'NONE', #654, .T. ) ;
#1159 = LINE ( 'NONE', #2923, #566 ) ;
#1160 = FILL_AREA_STYLE_COLOUR ( '', #1215 ) ;
#1161 = VERTEX_POINT ( 'NONE', #4496 ) ;
#1162 = PRESENTATION_STYLE_ASSIGNMENT (( #3124 ) ) ;
#1163 = VECTOR ( 'NONE', #410, 1000.000000000000200 ) ;
#1164 = CARTESIAN_POINT ( 'NONE',  ( 0.6052034195819078200, 0.5435600000000000400, -0.2675093720176779900 ) ) ;
#1165 = FACE_OUTER_BOUND ( 'NONE', #2990, .T. ) ;
#1166 =( LENGTH_UNIT ( ) NAMED_UNIT ( * ) SI_UNIT ( .MILLI., .METRE. ) );
#1167 = ADVANCED_FACE ( 'NONE', ( #1806 ), #3771, .F. ) ;
#1168 = EDGE_CURVE ( 'NONE', #2601, #3791, #2907, .T. ) ;
#1169 =( NAMED_UNIT ( * ) PLANE_ANGLE_UNIT ( ) SI_UNIT ( $, .RADIAN. ) );
#1170 = DIRECTION ( 'NONE',  ( -0.6995643972270444400, 0.0000000000000000000, -0.7145695586381790600 ) ) ;
#1171 = VECTOR ( 'NONE', #3818, 1000.000000000000200 ) ;
#1172 = DIRECTION ( 'NONE',  ( 0.0000000000000000000, 1.000000000000000000, 0.0000000000000000000 ) ) ;
#1173 = CARTESIAN_POINT ( 'NONE',  ( 0.2997321521107693700, 0.5360989804523674800, -0.5342088299483061000 ) ) ;
#1174 = AXIS2_PLACEMENT_3D ( 'NONE', #1297, #2720, #570 ) ;
#1175 = CARTESIAN_POINT ( 'NONE',  ( 0.7112903907351556500, 0.5435600000000000400, -0.2948616750556482000 ) ) ;
#1176 = UNCERTAINTY_MEASURE_WITH_UNIT (LENGTH_MEASURE( 1.000000000000000100E-005 ), #3151, 'distance_accuracy_value', 'NONE');
#1177 = CYLINDRICAL_SURFACE ( 'NONE', #3867, 0.01143999999999999900 ) ;
#1178 = MECHANICAL_DESIGN_GEOMETRIC_PRESENTATION_REPRESENTATION (  '', ( #2382 ), #1756 ) ;
#1179 = ORIENTED_EDGE ( 'NONE', *, *, #4218, .T. ) ;
#1180 = CARTESIAN_POINT ( 'NONE',  ( 1.050000000000000000, 0.01144000000000000100, -0.5385600000000000400 ) ) ;
#1181 =( LENGTH_UNIT ( ) NAMED_UNIT ( * ) SI_UNIT ( .MILLI., .METRE. ) );
#1182 = CARTESIAN_POINT ( 'NONE',  ( 0.4880454796612420100, 0.5385600000000000400, -0.2950666297225400500 ) ) ;
#1183 = CIRCLE ( 'NONE', #1086, 0.01144000000000004000 ) ;
#1184 = ORIENTED_EDGE ( 'NONE', *, *, #577, .F. ) ;
#1185 = EDGE_CURVE ( 'NONE', #43, #943, #970, .T. ) ;
#1186 = DIRECTION ( 'NONE',  ( -1.000000000000000000, 0.0000000000000000000, 0.0000000000000000000 ) ) ;
#1187 =( NAMED_UNIT ( * ) SI_UNIT ( $, .STERADIAN. ) SOLID_ANGLE_UNIT ( ) );
#1188 = CARTESIAN_POINT ( 'NONE',  ( 0.6737125909366049600, 0.5435600000000000400, -0.2349050000000000000 ) ) ;
#1189 = MECHANICAL_DESIGN_GEOMETRIC_PRESENTATION_REPRESENTATION (  '', ( #1980 ), #3659 ) ;
#1190 = LINE ( 'NONE', #1818, #919 ) ;
#1191 = ORIENTED_EDGE ( 'NONE', *, *, #3476, .T. ) ;
#1192 = CYLINDRICAL_SURFACE ( 'NONE', #2489, 0.01144000000000000100 ) ;
#1193 = EDGE_LOOP ( 'NONE', ( #450, #3292, #3017 ) ) ;
#1194 = CARTESIAN_POINT ( 'NONE',  ( 0.2994983006540903300, 0.01479069842322600400, -0.01479069842322586600 ) ) ;
#1195 = EDGE_CURVE ( 'NONE', #435, #2889, #855, .T. ) ;
#1196 = SURFACE_SIDE_STYLE ('',( #4319 ) ) ;
#1197 = ORIENTED_EDGE ( 'NONE', *, *, #3011, .F. ) ;
#1198 = SURFACE_SIDE_STYLE ('',( #867 ) ) ;
#1199 = PLANE ( 'NONE',  #1147 ) ;
#1200 = CARTESIAN_POINT ( 'NONE',  ( 0.2999968528092914500, 0.01991297509093085300, -0.01176689098586431100 ) ) ;
#1201 = STYLED_ITEM ( 'NONE', ( #2 ), #255 ) ;
#1202 = CARTESIAN_POINT ( 'NONE',  ( 0.7504057935791905700, 0.5348962185903071200, -0.5355223845629195600 ) ) ;
#1203 = CARTESIAN_POINT ( 'NONE',  ( 0.2994983006540903300, 0.5352093015767741500, -0.5352093015767740400 ) ) ;
#1204 = VERTEX_POINT ( 'NONE', #599 ) ;
#1205 = CARTESIAN_POINT ( 'NONE',  ( 0.3000000000000182500, 0.01143999999999902200, -0.5277170024175290600 ) ) ;
#1206 = CARTESIAN_POINT ( 'NONE',  ( 0.7500683848023103100, 0.5323177733764916700, -0.01268898670756279200 ) ) ;
#1207 = PRODUCT_DEFINITION_CONTEXT ( 'detailed design', #2009, 'design' ) ;
#1208 = ORIENTED_EDGE ( 'NONE', *, *, #1388, .T. ) ;
#1209 = UNCERTAINTY_MEASURE_WITH_UNIT (LENGTH_MEASURE( 1.000000000000000100E-005 ), #4456, 'distance_accuracy_value', 'NONE');
#1210 = FACE_OUTER_BOUND ( 'NONE', #2847, .T. ) ;
#1211 = VERTEX_POINT ( 'NONE', #236 ) ;
#1212 = MECHANICAL_DESIGN_GEOMETRIC_PRESENTATION_REPRESENTATION (  '', ( #3195 ), #2877 ) ;
#1213 = FILL_AREA_STYLE_COLOUR ( '', #555 ) ;
#1214 = ORIENTED_EDGE ( 'NONE', *, *, #2746, .F. ) ;
#1215 = COLOUR_RGB ( '',0.7686274509803920900, 0.7686274509803920900, 0.7686274509803920900 ) ;
#1216 = CARTESIAN_POINT ( 'NONE',  ( 0.7501282076081795500, 0.01661432524897030900, -0.5367663462241083500 ) ) ;
#1217 = CARTESIAN_POINT ( 'NONE',  ( 0.2999999999999999900, 0.01144000000000000100, 0.0000000000000000000 ) ) ;
#1218 = CARTESIAN_POINT ( 'NONE',  ( 0.3000002828886796900, 0.5385129807314549300, -0.02168417366013228300 ) ) ;
#1219 = ORIENTED_EDGE ( 'NONE', *, *, #4265, .F. ) ;
#1220 = AXIS2_PLACEMENT_3D ( 'NONE', #3324, #4036, #182 ) ;
#1221 = CARTESIAN_POINT ( 'NONE',  ( 0.4820623254807480700, 0.5435600000000000400, -0.2812458643905236800 ) ) ;
#1222 =( LENGTH_UNIT ( ) NAMED_UNIT ( * ) SI_UNIT ( .MILLI., .METRE. ) );
#1223 = EDGE_LOOP ( 'NONE', ( #3363, #4236, #166, #2666, #2057, #1002, #989, #1236, #1759, #474, #3093, #941, #3459, #2233, #2641, #2176, #396, #1152, #545, #4526, #820, #3401, #1034 ) ) ;
#1224 = DIRECTION ( 'NONE',  ( -1.000000000000000000, 0.0000000000000000000, 0.0000000000000000000 ) ) ;
#1225 = PLANE ( 'NONE',  #2162 ) ;
#1226 = LINE ( 'NONE', #3690, #3106 ) ;
#1227 = DIRECTION ( 'NONE',  ( 1.000000000000000000, -0.0000000000000000000, -0.0000000000000000000 ) ) ;
#1228 = EDGE_CURVE ( 'NONE', #2221, #785, #1018, .T. ) ;
#1229 = LINE ( 'NONE', #1950, #308 ) ;
#1230 = CARTESIAN_POINT ( 'NONE',  ( 0.4994740677989998900, 0.5385600000000000400, -0.3092102531213381500 ) ) ;
#1231 = EDGE_CURVE ( 'NONE', #648, #4405, #3121, .T. ) ;
#1232 = PLANE ( 'NONE',  #594 ) ;
#1233 = CARTESIAN_POINT ( 'NONE',  ( 0.7614400000000002300, 0.01144000000000000100, -0.5500000000000000400 ) ) ;
#1234 = CARTESIAN_POINT ( 'NONE',  ( 0.7503291180442894800, 0.5345611385315511800, -0.5358208357733361700 ) ) ;
#1235 = CARTESIAN_POINT ( 'NONE',  ( 0.2999999999999999300, 0.01257771175529220200, -0.01257771175529222300 ) ) ;
#1236 = ORIENTED_EDGE ( 'NONE', *, *, #3776, .F. ) ;
#1237 = DIRECTION ( 'NONE',  ( -0.0000000000000000000, -0.0000000000000000000, -1.000000000000000000 ) ) ;
#1238 =( GEOMETRIC_REPRESENTATION_CONTEXT ( 3 ) GLOBAL_UNCERTAINTY_ASSIGNED_CONTEXT ( ( #484 ) ) GLOBAL_UNIT_ASSIGNED_CONTEXT ( ( #582, #262, #961 ) ) REPRESENTATION_CONTEXT ( 'NONE', 'WORKASPACE' ) );
#1239 = FILL_AREA_STYLE_COLOUR ( '', #2056 ) ;
#1240 = UNCERTAINTY_MEASURE_WITH_UNIT (LENGTH_MEASURE( 1.000000000000000100E-005 ), #1298, 'distance_accuracy_value', 'NONE');
#1241 = ORIENTED_EDGE ( 'NONE', *, *, #425, .T. ) ;
#1242 = CARTESIAN_POINT ( 'NONE',  ( 0.2997321521107694200, 0.01390101954763253900, -0.01579117005169387900 ) ) ;
#1243 = ORIENTED_EDGE ( 'NONE', *, *, #1072, .T. ) ;
#1244 = SURFACE_STYLE_USAGE ( .BOTH. , #199 ) ;
#1245 = CARTESIAN_POINT ( 'NONE',  ( 0.5311180462779058200, 0.5435600000000000400, -0.3092102531213381500 ) ) ;
#1246 = PRESENTATION_STYLE_ASSIGNMENT (( #3101 ) ) ;
#1247 =( NAMED_UNIT ( * ) SI_UNIT ( $, .STERADIAN. ) SOLID_ANGLE_UNIT ( ) );
#1248 = ORIENTED_EDGE ( 'NONE', *, *, #2369, .T. ) ;
#1249 = CARTESIAN_POINT ( 'NONE',  ( 0.5469330738879389900, 0.5435600000000000400, -0.2349049999999999700 ) ) ;
#1250 = PLANE ( 'NONE',  #2404 ) ;
#1251 = CARTESIAN_POINT ( 'NONE',  ( 0.0000000000000000000, 0.0000000000000000000, -0.5385600000000000400 ) ) ;
#1252 = LINE ( 'NONE', #3926, #276 ) ;
#1253 = ORIENTED_EDGE ( 'NONE', *, *, #2518, .T. ) ;
#1254 = CARTESIAN_POINT ( 'NONE',  ( 0.6737125909366049600, 0.5385600000000000400, -0.2349050000000000000 ) ) ;
#1255 = CARTESIAN_POINT ( 'NONE',  ( 0.4880454796612420100, 0.5435600000000000400, -0.2950666297225400500 ) ) ;
#1256 = ADVANCED_FACE ( 'NONE', ( #3732 ), #2415, .F. ) ;
#1257 = DIRECTION ( 'NONE',  ( 0.0000000000000000000, 1.000000000000000000, 0.0000000000000000000 ) ) ;
#1258 = EDGE_CURVE ( 'NONE', #3419, #1803, #2468, .T. ) ;
#1259 = LINE ( 'NONE', #3787, #4080 ) ;
#1260 = ORIENTED_EDGE ( 'NONE', *, *, #736, .T. ) ;
#1261 = ORIENTED_EDGE ( 'NONE', *, *, #615, .F. ) ;
#1262 = CARTESIAN_POINT ( 'NONE',  ( 0.2885599999999999800, 0.01144000000000000100, -0.5500000000000000400 ) ) ;
#1263 = DIRECTION ( 'NONE',  ( 1.000000000000000000, 0.0000000000000000000, 0.0000000000000000000 ) ) ;
#1264 = VECTOR ( 'NONE', #4441, 1000.000000000000000 ) ;
#1265 = EDGE_LOOP ( 'NONE', ( #3750, #549, #40, #3081 ) ) ;
#1266 = DIRECTION ( 'NONE',  ( 0.0000000000000000000, 0.0000000000000000000, 1.000000000000000000 ) ) ;
#1267 = PRESENTATION_LAYER_ASSIGNMENT (  '', '', ( #3075 ) ) ;
#1268 = MECHANICAL_DESIGN_GEOMETRIC_PRESENTATION_REPRESENTATION (  '', ( #1027 ), #104 ) ;
#1269 = ORIENTED_EDGE ( 'NONE', *, *, #3792, .F. ) ;
#1270 = DIRECTION ( 'NONE',  ( 0.0000000000000000000, 0.0000000000000000000, 1.000000000000000000 ) ) ;
#1271 = FACE_OUTER_BOUND ( 'NONE', #3693, .T. ) ;
#1272 = COLOUR_RGB ( '',0.7686274509803920900, 0.7686274509803920900, 0.7686274509803920900 ) ;
#1273 = CARTESIAN_POINT ( 'NONE',  ( 0.5282604787187974400, 0.5435600000000000400, -0.2561256255860862000 ) ) ;
#1274 = DIRECTION ( 'NONE',  ( 1.000000000000000000, 0.0000000000000000000, 0.0000000000000000000 ) ) ;
#1275 = ORIENTED_EDGE ( 'NONE', *, *, #3737, .F. ) ;
#1276 = LINE ( 'NONE', #2869, #1449 ) ;
#1277 = VECTOR ( 'NONE', #1499, 1000.000000000000100 ) ;
#1278 = STYLED_ITEM ( 'NONE', ( #982 ), #3068 ) ;
#1279 = ORIENTED_EDGE ( 'NONE', *, *, #1388, .F. ) ;
#1280 = CARTESIAN_POINT ( 'NONE',  ( 0.7505016993459099300, 0.01479069842322591200, -0.01479069842322595400 ) ) ;
#1281 = DIRECTION ( 'NONE',  ( 0.0000000000000000000, 0.0000000000000000000, 1.000000000000000000 ) ) ;
#1282 = ADVANCED_FACE ( 'NONE', ( #2463 ), #3506, .T. ) ;
#1283 = CIRCLE ( 'NONE', #3206, 0.01144000000000004000 ) ;
#1284 = AXIS2_PLACEMENT_3D ( 'NONE', #862, #3328, #581 ) ;
#1285 = DIRECTION ( 'NONE',  ( 1.000000000000000000, 0.0000000000000000000, 0.0000000000000000000 ) ) ;
#1286 = DIRECTION ( 'NONE',  ( 0.0000000000000000000, 0.0000000000000000000, -1.000000000000000000 ) ) ;
#1287 = CARTESIAN_POINT ( 'NONE',  ( 0.3571290157169834700, 0.5435600000000000400, -0.2349049999999999700 ) ) ;
#1288 = CARTESIAN_POINT ( 'NONE',  ( 0.7505016993459099300, 0.01479069842322591200, -0.01479069842322595400 ) ) ;
#1289 = VECTOR ( 'NONE', #313, 1000.000000000000000 ) ;
#1290 = EDGE_CURVE ( 'NONE', #97, #1204, #2307, .T. ) ;
#1291 = CARTESIAN_POINT ( 'NONE',  ( 0.6525458443711919000, 0.5385600000000000400, -0.2349050000000000000 ) ) ;
#1292 = CIRCLE ( 'NONE', #2618, 0.01144000000000000100 ) ;
#1293 = ORIENTED_EDGE ( 'NONE', *, *, #4265, .T. ) ;
#1294 = PRESENTATION_LAYER_ASSIGNMENT (  '', '', ( #1056 ) ) ;
#1295 = CARTESIAN_POINT ( 'NONE',  ( 0.3573540449120420900, 0.5385600000000000400, -0.3092102531213381500 ) ) ;
#1296 = VERTEX_POINT ( 'NONE', #687 ) ;
#1297 = CARTESIAN_POINT ( 'NONE',  ( 0.7614400000000002300, 0.5385600000000000400, -0.5385600000000000400 ) ) ;
#1298 =( LENGTH_UNIT ( ) NAMED_UNIT ( * ) SI_UNIT ( .MILLI., .METRE. ) );
#1299 = PRESENTATION_STYLE_ASSIGNMENT (( #4061 ) ) ;
#1300 = PRESENTATION_LAYER_ASSIGNMENT (  '', '', ( #3900 ) ) ;
#1301 = ORIENTED_EDGE ( 'NONE', *, *, #2665, .F. ) ;
#1302 = PLANE ( 'NONE',  #2304 ) ;
#1303 = CARTESIAN_POINT ( 'NONE',  ( 1.050000000000000000, 0.01144000000000000100, -0.01144000000000000100 ) ) ;
#1304 = ADVANCED_FACE ( 'NONE', ( #1069 ), #2799, .T. ) ;
#1305 = CARTESIAN_POINT ( 'NONE',  ( 0.7500000000000002200, 0.01144000000000004000, -0.01144000000000004000 ) ) ;
#1306 = VERTEX_POINT ( 'NONE', #4164 ) ;
#1307 = LINE ( 'NONE', #4215, #1139 ) ;
#1308 =( GEOMETRIC_REPRESENTATION_CONTEXT ( 3 ) GLOBAL_UNCERTAINTY_ASSIGNED_CONTEXT ( ( #4130 ) ) GLOBAL_UNIT_ASSIGNED_CONTEXT ( ( #3987, #472, #3960 ) ) REPRESENTATION_CONTEXT ( 'NONE', 'WORKASPACE' ) );
#1309 = VECTOR ( 'NONE', #4088, 1000.000000000000000 ) ;
#1310 = ORIENTED_EDGE ( 'NONE', *, *, #1415, .T. ) ;
#1311 = CARTESIAN_POINT ( 'NONE',  ( 0.7614400000000002300, 0.5385600000000000400, -0.01144000000000004000 ) ) ;
#1312 = CARTESIAN_POINT ( 'NONE',  ( 0.4074962297279055600, 0.5385600000000000400, -0.2349050000000000000 ) ) ;
#1313 = APPLICATION_PROTOCOL_DEFINITION ( 'draft international standard', 'automotive_design', 1998, #2009 ) ;
#1314 = CIRCLE ( 'NONE', #1878, 0.01144000000000004000 ) ;
#1315 = FILL_AREA_STYLE ('',( #2361 ) ) ;
#1316 = SPHERICAL_SURFACE ( 'NONE', #822, 0.01144000000000000100 ) ;
#1317 = ORIENTED_EDGE ( 'NONE', *, *, #3717, .F. ) ;
#1318 = EDGE_CURVE ( 'NONE', #2879, #3574, #3991, .T. ) ;
#1319 = PRESENTATION_STYLE_ASSIGNMENT (( #4331 ) ) ;
#1320 = DIRECTION ( 'NONE',  ( 0.2746459304917039400, 0.0000000000000000000, -0.9615454294334439000 ) ) ;
#1321 = LINE ( 'NONE', #3009, #3089 ) ;
#1322 = DIRECTION ( 'NONE',  ( 0.9999960426590096500, 0.0000000000000000000, 0.002813301676023789700 ) ) ;
#1323 = ORIENTED_EDGE ( 'NONE', *, *, #1079, .T. ) ;
#1324 = ORIENTED_EDGE ( 'NONE', *, *, #2505, .T. ) ;
#1325 = EDGE_CURVE ( 'NONE', #2042, #2661, #1650, .T. ) ;
#1326 = PRESENTATION_STYLE_ASSIGNMENT (( #763 ) ) ;
#1327 = PRESENTATION_STYLE_ASSIGNMENT (( #2078 ) ) ;
#1328 = FILL_AREA_STYLE_COLOUR ( '', #2921 ) ;
#1329 = VERTEX_POINT ( 'NONE', #1729 ) ;
#1330 = B_SPLINE_CURVE_WITH_KNOTS ( 'NONE', 3,
 ( #2232, #2969, #3607, #3740, #848, #1200, #3674, #4478, #930, #2388 ),
 .UNSPECIFIED., .F., .F.,
 ( 4, 3, 3, 4 ),
 ( 0.0000000000000000000, 3.600817818562740700E-006, 7.182643422685335000E-006, 8.953374655983067000E-006 ),
 .UNSPECIFIED. ) ;
#1331 = ADVANCED_FACE ( 'NONE', ( #1910 ), #3815, .F. ) ;
#1332 = PRESENTATION_STYLE_ASSIGNMENT (( #787 ) ) ;
#1333 = LINE ( 'NONE', #4141, #4415 ) ;
#1334 = AXIS2_PLACEMENT_3D ( 'NONE', #999, #315, #2779 ) ;
#1335 = STYLED_ITEM ( 'NONE', ( #1569 ), #2400 ) ;
#1336 = CARTESIAN_POINT ( 'NONE',  ( 0.2999999999999999900, 0.01144000000000000100, 0.0000000000000000000 ) ) ;
#1337 = VERTEX_POINT ( 'NONE', #1361 ) ;
#1338 = DIRECTION ( 'NONE',  ( -1.000000000000000000, 0.0000000000000000000, 0.0000000000000000000 ) ) ;
#1339 = VECTOR ( 'NONE', #728, 1000.000000000000000 ) ;
#1340 = DIRECTION ( 'NONE',  ( -0.0000000000000000000, 1.000000000000000000, 0.0000000000000000000 ) ) ;
#1341 = CARTESIAN_POINT ( 'NONE',  ( 0.3785113022970459900, 0.5385600000000000400, -0.3092102531213381500 ) ) ;
#1342 = FILL_AREA_STYLE ('',( #622 ) ) ;
#1343 = COLOUR_RGB ( '',0.7921568627450980000, 0.8196078431372548800, 0.9333333333333333500 ) ;
#1344 = SURFACE_STYLE_FILL_AREA ( #569 ) ;
#1345 = VECTOR ( 'NONE', #4052, 1000.000000000000000 ) ;
#1346 = AXIS2_PLACEMENT_3D ( 'NONE', #3890, #1020, #1432 ) ;
#1347 = DIRECTION ( 'NONE',  ( 0.0000000000000000000, 0.0000000000000000000, -1.000000000000000000 ) ) ;
#1348 = EDGE_CURVE ( 'NONE', #64, #3404, #968, .T. ) ;
#1349 = ADVANCED_FACE ( 'NONE', ( #476 ), #1177, .T. ) ;
#1350 = CARTESIAN_POINT ( 'NONE',  ( 1.050000000000000000, 0.5385600000000000400, -0.5385600000000000400 ) ) ;
#1351 = ORIENTED_EDGE ( 'NONE', *, *, #2794, .T. ) ;
#1352 = CARTESIAN_POINT ( 'NONE',  ( 0.3907726789223210900, 0.5435600000000000400, -0.2752507357681158700 ) ) ;
#1353 = VECTOR ( 'NONE', #3828, 1000.000000000000000 ) ;
#1354 = VERTEX_POINT ( 'NONE', #197 ) ;
#1355 = PRESENTATION_LAYER_ASSIGNMENT (  '', '', ( #1421 ) ) ;
#1356 =( GEOMETRIC_REPRESENTATION_CONTEXT ( 3 ) GLOBAL_UNCERTAINTY_ASSIGNED_CONTEXT ( ( #650 ) ) GLOBAL_UNIT_ASSIGNED_CONTEXT ( ( #4282, #1512, #1856 ) ) REPRESENTATION_CONTEXT ( 'NONE', 'WORKASPACE' ) );
#1357 =( LENGTH_UNIT ( ) NAMED_UNIT ( * ) SI_UNIT ( .MILLI., .METRE. ) );
#1358 = CARTESIAN_POINT ( 'NONE',  ( 1.038560000000000100, 0.0000000000000000000, -0.5385600000000000400 ) ) ;
#1359 = LINE ( 'NONE', #132, #2096 ) ;
#1360 = VERTEX_POINT ( 'NONE', #544 ) ;
#1361 = CARTESIAN_POINT ( 'NONE',  ( 0.5999319539321355000, 0.5385600000000000400, -0.2490443306742744500 ) ) ;
#1362 = CARTESIAN_POINT ( 'NONE',  ( 0.01144000000000000100, 0.5385600000000000400, -0.01144000000000000100 ) ) ;
#1363 = DIRECTION ( 'NONE',  ( -0.9615323037684321300, 0.0000000000000000000, -0.2746918797667153300 ) ) ;
#1364 = AXIS2_PLACEMENT_3D ( 'NONE', #1897, #838, #2276 ) ;
#1365 = LINE ( 'NONE', #1291, #3190 ) ;
#1366 = ORIENTED_EDGE ( 'NONE', *, *, #817, .T. ) ;
#1367 =( LENGTH_UNIT ( ) NAMED_UNIT ( * ) SI_UNIT ( .MILLI., .METRE. ) );
#1368 = DIRECTION ( 'NONE',  ( -0.4668459304955247000, 0.0000000000000000000, 0.8843386665637592600 ) ) ;
#1369 = LINE ( 'NONE', #4538, #2216 ) ;
#1370 = ORIENTED_EDGE ( 'NONE', *, *, #3977, .T. ) ;
#1371 =( GEOMETRIC_REPRESENTATION_CONTEXT ( 3 ) GLOBAL_UNCERTAINTY_ASSIGNED_CONTEXT ( ( #377 ) ) GLOBAL_UNIT_ASSIGNED_CONTEXT ( ( #3108, #4518, #656 ) ) REPRESENTATION_CONTEXT ( 'NONE', 'WORKASPACE' ) );
#1372 = LINE ( 'NONE', #2590, #2490 ) ;
#1373 = LINE ( 'NONE', #4262, #1871 ) ;
#1374 = EDGE_LOOP ( 'NONE', ( #148, #2593, #2035, #224 ) ) ;
#1375 = ADVANCED_FACE ( 'NONE', ( #2845 ), #3164, .F. ) ;
#1376 = PLANE ( 'NONE',  #2499 ) ;
#1377 = CARTESIAN_POINT ( 'NONE',  ( -6.967927563075477400E-005, 0.5385599999999998200, 0.01497545632595000600 ) ) ;
#1378 = EDGE_CURVE ( 'NONE', #1161, #1774, #4272, .T. ) ;
#1379 = ORIENTED_EDGE ( 'NONE', *, *, #3994, .T. ) ;
#1380 = CARTESIAN_POINT ( 'NONE',  ( 0.7614400000000002300, 0.5385600000000000400, -0.01144000000000000100 ) ) ;
#1381 = PRODUCT_DEFINITION ( 'UNKNOWN', '', #1480, #1207 ) ;
#1382 =( NAMED_UNIT ( * ) SI_UNIT ( $, .STERADIAN. ) SOLID_ANGLE_UNIT ( ) );
#1383 = ORIENTED_EDGE ( 'NONE', *, *, #1134, .F. ) ;
#1384 = CIRCLE ( 'NONE', #1466, 0.01144000000000000100 ) ;
#1385 = CIRCLE ( 'NONE', #1346, 0.01143999999999999900 ) ;
#1386 =( LENGTH_UNIT ( ) NAMED_UNIT ( * ) SI_UNIT ( .MILLI., .METRE. ) );
#1387 = DIRECTION ( 'NONE',  ( 0.0000000000000000000, 0.0000000000000000000, -1.000000000000000000 ) ) ;
#1388 = EDGE_CURVE ( 'NONE', #501, #2879, #4050, .T. ) ;
#1389 = ORIENTED_EDGE ( 'NONE', *, *, #3200, .F. ) ;
#1390 = UNCERTAINTY_MEASURE_WITH_UNIT (LENGTH_MEASURE( 1.000000000000000100E-005 ), #3019, 'distance_accuracy_value', 'NONE');
#1391 = SURFACE_STYLE_FILL_AREA ( #2192 ) ;
#1392 = FACE_OUTER_BOUND ( 'NONE', #1265, .T. ) ;
#1393 = DIRECTION ( 'NONE',  ( -0.9601763114327556100, 0.0000000000000000000, -0.2793947940878429000 ) ) ;
#1394 = ORIENTED_EDGE ( 'NONE', *, *, #3885, .T. ) ;
#1395 = SURFACE_STYLE_FILL_AREA ( #217 ) ;
#1396 = AXIS2_PLACEMENT_3D ( 'NONE', #3975, #4343, #1921 ) ;
#1397 = CARTESIAN_POINT ( 'NONE',  ( 0.7500008590875494300, 0.5384198030489165700, -0.5289055114269289900 ) ) ;
#1398 = FILL_AREA_STYLE ('',( #3096 ) ) ;
#1399 = DIRECTION ( 'NONE',  ( 1.000000000000000000, 0.0000000000000000000, -0.0000000000000000000 ) ) ;
#1400 = CARTESIAN_POINT ( 'NONE',  ( 0.7500000000000002200, 0.5385600000000000400, -0.01144000000000004000 ) ) ;
#1401 = DIRECTION ( 'NONE',  ( 0.0000000000000000000, -1.000000000000000000, 0.0000000000000000000 ) ) ;
#1402 = CARTESIAN_POINT ( 'NONE',  ( 0.2999999999999999300, 0.5271199999999999200, -0.01144000000000004000 ) ) ;
#1403 = VECTOR ( 'NONE', #1127, 1000.000000000000000 ) ;
#1404 = AXIS2_PLACEMENT_3D ( 'NONE', #747, #737, #140 ) ;
#1405 = CARTESIAN_POINT ( 'NONE',  ( 0.7505016993459099300, 0.01479069842322591200, -0.01479069842322595400 ) ) ;
#1406 = EDGE_CURVE ( 'NONE', #4089, #3374, #3329, .T. ) ;
#1407 = VECTOR ( 'NONE', #1497, 1000.000000000000000 ) ;
#1408 = ORIENTED_EDGE ( 'NONE', *, *, #3883, .F. ) ;
#1409 = CARTESIAN_POINT ( 'NONE',  ( 0.5658151873035800500, 0.5435600000000000400, -0.2349049999999999700 ) ) ;
#1410 = SURFACE_SIDE_STYLE ('',( #1839 ) ) ;
#1411 =( NAMED_UNIT ( * ) SI_UNIT ( $, .STERADIAN. ) SOLID_ANGLE_UNIT ( ) );
#1412 = COLOUR_RGB ( '',0.7686274509803920900, 0.7686274509803920900, 0.7686274509803920900 ) ;
#1413 = VERTEX_POINT ( 'NONE', #2444 ) ;
#1414 = CARTESIAN_POINT ( 'NONE',  ( 0.7500000000000002200, 0.01144000000000004000, -0.5500000000000000400 ) ) ;
#1415 = EDGE_CURVE ( 'NONE', #4012, #3565, #2743, .T. ) ;
#1416 =( NAMED_UNIT ( * ) SI_UNIT ( $, .STERADIAN. ) SOLID_ANGLE_UNIT ( ) );
#1417 = DIRECTION ( 'NONE',  ( -0.2762033010252067400, 0.0000000000000000000, 0.9610992334315843200 ) ) ;
#1418 = CARTESIAN_POINT ( 'NONE',  ( 1.038560000000000100, 0.01144000000000000100, 0.0000000000000000000 ) ) ;
#1419 = PLANE ( 'NONE',  #3278 ) ;
#1420 = EDGE_LOOP ( 'NONE', ( #4023, #1765, #1442, #1454, #1078, #2308, #4167, #2707, #1855, #3578, #1260, #2703, #2549, #984, #2614, #2088, #2126, #45, #4116, #2476, #611, #3335, #3191 ) ) ;
#1421 = STYLED_ITEM ( 'NONE', ( #2904 ), #1537 ) ;
#1422 =( GEOMETRIC_REPRESENTATION_CONTEXT ( 3 ) GLOBAL_UNCERTAINTY_ASSIGNED_CONTEXT ( ( #1998 ) ) GLOBAL_UNIT_ASSIGNED_CONTEXT ( ( #3479, #1701, #347 ) ) REPRESENTATION_CONTEXT ( 'NONE', 'WORKASPACE' ) );
#1423 = LINE ( 'NONE', #3907, #3897 ) ;
#1424 = ORIENTED_EDGE ( 'NONE', *, *, #3570, .F. ) ;
#1425 = FACE_OUTER_BOUND ( 'NONE', #3116, .T. ) ;
#1426 = CYLINDRICAL_SURFACE ( 'NONE', #3639, 0.01144000000000004000 ) ;
#1427 =( NAMED_UNIT ( * ) SI_UNIT ( $, .STERADIAN. ) SOLID_ANGLE_UNIT ( ) );
#1428 = ORIENTED_EDGE ( 'NONE', *, *, #2450, .T. ) ;
#1429 = SURFACE_SIDE_STYLE ('',( #3914 ) ) ;
#1430 = DIRECTION ( 'NONE',  ( -0.9619530280415443700, 0.0000000000000000000, -0.2732148821746424600 ) ) ;
#1431 = PRESENTATION_LAYER_ASSIGNMENT (  '', '', ( #2153 ) ) ;
#1432 = DIRECTION ( 'NONE',  ( 1.000000000000000000, 0.0000000000000000000, 0.0000000000000000000 ) ) ;
#1433 = LINE ( 'NONE', #4001, #4503 ) ;
#1434 = VECTOR ( 'NONE', #1700, 1000.000000000000000 ) ;
#1435 = ORIENTED_EDGE ( 'NONE', *, *, #1627, .F. ) ;
#1436 = CARTESIAN_POINT ( 'NONE',  ( 0.0000000000000000000, 0.5500000000000000400, -0.01144000000000000100 ) ) ;
#1437 = CARTESIAN_POINT ( 'NONE',  ( 0.4254606038979855700, 0.5435600000000000400, -0.3092102531213381500 ) ) ;
#1438 = SURFACE_SIDE_STYLE ('',( #3188 ) ) ;
#1439 = EDGE_CURVE ( 'NONE', #1774, #2330, #2406, .T. ) ;
#1440 = ORIENTED_EDGE ( 'NONE', *, *, #2105, .F. ) ;
#1441 =( GEOMETRIC_REPRESENTATION_CONTEXT ( 3 ) GLOBAL_UNCERTAINTY_ASSIGNED_CONTEXT ( ( #3504 ) ) GLOBAL_UNIT_ASSIGNED_CONTEXT ( ( #1166, #470, #4286 ) ) REPRESENTATION_CONTEXT ( 'NONE', 'WORKASPACE' ) );
#1442 = ORIENTED_EDGE ( 'NONE', *, *, #2727, .T. ) ;
#1443 = VERTEX_POINT ( 'NONE', #3514 ) ;
#1444 = LINE ( 'NONE', #3330, #451 ) ;
#1445 = SHAPE_DEFINITION_REPRESENTATION ( #2402, #4368 ) ;
#1446 = DIRECTION ( 'NONE',  ( 1.000000000000000000, 0.0000000000000000000, 0.0000000000000000000 ) ) ;
#1447 = ORIENTED_EDGE ( 'NONE', *, *, #4204, .F. ) ;
#1448 = EDGE_CURVE ( 'NONE', #4193, #4135, #3115, .T. ) ;
#1449 = VECTOR ( 'NONE', #3612, 1000.000000000000000 ) ;
#1450 = LINE ( 'NONE', #2032, #510 ) ;
#1451 = CARTESIAN_POINT ( 'NONE',  ( 0.5148300469017909100, 0.5385600000000000400, -0.3010570137547642400 ) ) ;
#1452 = CARTESIAN_POINT ( 'NONE',  ( 0.5545887168147172200, 0.5385600000000000400, -0.3092102531213381500 ) ) ;
#1453 = FILL_AREA_STYLE_COLOUR ( '', #1725 ) ;
#1454 = ORIENTED_EDGE ( 'NONE', *, *, #2079, .T. ) ;
#1455 = DIRECTION ( 'NONE',  ( 0.0000000000000000000, 1.000000000000000000, -0.0000000000000000000 ) ) ;
#1456 = UNCERTAINTY_MEASURE_WITH_UNIT (LENGTH_MEASURE( 1.000000000000000100E-005 ), #4251, 'distance_accuracy_value', 'NONE');
#1457 = PRESENTATION_STYLE_ASSIGNMENT (( #318 ) ) ;
#1458 = FILL_AREA_STYLE_COLOUR ( '', #819 ) ;
#1459 = VECTOR ( 'NONE', #2103, 1000.000000000000000 ) ;
#1460 =( NAMED_UNIT ( * ) PLANE_ANGLE_UNIT ( ) SI_UNIT ( $, .RADIAN. ) );
#1461 =( LENGTH_UNIT ( ) NAMED_UNIT ( * ) SI_UNIT ( .MILLI., .METRE. ) );
#1462 =( GEOMETRIC_REPRESENTATION_CONTEXT ( 3 ) GLOBAL_UNCERTAINTY_ASSIGNED_CONTEXT ( ( #4155 ) ) GLOBAL_UNIT_ASSIGNED_CONTEXT ( ( #3526, #3803, #2405 ) ) REPRESENTATION_CONTEXT ( 'NONE', 'WORKASPACE' ) );
#1463 = FACE_OUTER_BOUND ( 'NONE', #726, .T. ) ;
#1464 = PRESENTATION_STYLE_ASSIGNMENT (( #2011 ) ) ;
#1465 = CARTESIAN_POINT ( 'NONE',  ( 0.7500406633463225800, 0.01792627073755321400, -0.01249022334348540800 ) ) ;
#1466 = AXIS2_PLACEMENT_3D ( 'NONE', #533, #2724, #2364 ) ;
#1467 = VECTOR ( 'NONE', #500, 1000.000000000000000 ) ;
#1468 = PLANE ( 'NONE',  #4099 ) ;
#1469 = ADVANCED_FACE ( 'NONE', ( #2358 ), #2956, .T. ) ;
#1470 = CARTESIAN_POINT ( 'NONE',  ( 0.2885599999999999800, 0.01144000000000000100, -0.01144000000000000100 ) ) ;
#1471 = EDGE_CURVE ( 'NONE', #785, #3451, #1790, .T. ) ;
#1472 = CARTESIAN_POINT ( 'NONE',  ( 0.3571290157169834700, 0.5435600000000000400, -0.2349049999999999700 ) ) ;
#1473 = CARTESIAN_POINT ( 'NONE',  ( 0.2999039613894642900, 0.01677908796225511000, -0.5368789333777586000 ) ) ;
#1474 = DIRECTION ( 'NONE',  ( -1.000000000000000000, -0.0000000000000000000, 0.0000000000000000000 ) ) ;
#1475 = PRESENTATION_LAYER_ASSIGNMENT (  '', '', ( #4369 ) ) ;
#1476 = COLOUR_RGB ( '',0.7686274509803920900, 0.7686274509803920900, 0.7686274509803920900 ) ;
#1477 = VERTEX_POINT ( 'NONE', #2512 ) ;
#1478 = CARTESIAN_POINT ( 'NONE',  ( 0.5961304075738757000, 0.5385600000000000400, -0.3092102531213381500 ) ) ;
#1479 = EDGE_CURVE ( 'NONE', #1140, #3066, #316, .T. ) ;
#1480 = PRODUCT_DEFINITION_FORMATION_WITH_SPECIFIED_SOURCE ( 'ANY', '', #4160, .NOT_KNOWN. ) ;
#1481 = PRESENTATION_STYLE_ASSIGNMENT (( #339 ) ) ;
#1482 = ORIENTED_EDGE ( 'NONE', *, *, #3681, .F. ) ;
#1483 = UNCERTAINTY_MEASURE_WITH_UNIT (LENGTH_MEASURE( 1.000000000000000100E-005 ), #1357, 'distance_accuracy_value', 'NONE');
#1484 = CARTESIAN_POINT ( 'NONE',  ( 0.5961304075738757000, 0.5435600000000000400, -0.3092102531213381500 ) ) ;
#1485 = LINE ( 'NONE', #446, #4170 ) ;
#1486 = VERTEX_POINT ( 'NONE', #1787 ) ;
#1487 = EDGE_CURVE ( 'NONE', #1108, #1157, #3939, .T. ) ;
#1488 = DIRECTION ( 'NONE',  ( 0.4443210308329503300, 0.0000000000000000000, -0.8958676361826809500 ) ) ;
#1489 = DIRECTION ( 'NONE',  ( 0.0000000000000000000, 0.0000000000000000000, 1.000000000000000000 ) ) ;
#1490 = LINE ( 'NONE', #4460, #4337 ) ;
#1491 = ORIENTED_EDGE ( 'NONE', *, *, #2987, .T. ) ;
#1492 = ADVANCED_FACE ( 'NONE', ( #2034 ), #2859, .F. ) ;
#1493 = EDGE_LOOP ( 'NONE', ( #1136, #4086, #4273 ) ) ;
#1494 = PRESENTATION_LAYER_ASSIGNMENT (  '', '', ( #3782 ) ) ;
#1495 = MECHANICAL_DESIGN_GEOMETRIC_PRESENTATION_REPRESENTATION (  '', ( #311 ), #2207 ) ;
#1496 = VERTEX_POINT ( 'NONE', #3884 ) ;
#1497 = DIRECTION ( 'NONE',  ( 0.0000000000000000000, -1.000000000000000000, 0.0000000000000000000 ) ) ;
#1498 = ORIENTED_EDGE ( 'NONE', *, *, #588, .F. ) ;
#1499 = DIRECTION ( 'NONE',  ( 0.3725077383644723700, 0.0000000000000000000, 0.9280290862136734200 ) ) ;
#1500 = CIRCLE ( 'NONE', #3189, 0.01144000000000000100 ) ;
#1501 = ORIENTED_EDGE ( 'NONE', *, *, #1, .F. ) ;
#1502 = CARTESIAN_POINT ( 'NONE',  ( 0.5961304075738757000, 0.5435600000000000400, -0.3092102531213381500 ) ) ;
#1503 = CARTESIAN_POINT ( 'NONE',  ( 0.4880454796612420100, 0.5435600000000000400, -0.2950666297225400500 ) ) ;
#1504 = VECTOR ( 'NONE', #704, 1000.000000000000000 ) ;
#1505 = VECTOR ( 'NONE', #3332, 1000.000000000000000 ) ;
#1506 = CARTESIAN_POINT ( 'NONE',  ( 0.7614400000000002300, 0.5500000000000000400, 0.0000000000000000000 ) ) ;
#1507 = PRESENTATION_STYLE_ASSIGNMENT (( #2139 ) ) ;
#1508 = ORIENTED_EDGE ( 'NONE', *, *, #3323, .T. ) ;
#1509 = SURFACE_SIDE_STYLE ('',( #2070 ) ) ;
#1510 = ORIENTED_EDGE ( 'NONE', *, *, #871, .T. ) ;
#1511 = AXIS2_PLACEMENT_3D ( 'NONE', #69, #2532, #3937 ) ;
#1512 =( NAMED_UNIT ( * ) PLANE_ANGLE_UNIT ( ) SI_UNIT ( $, .RADIAN. ) );
#1513 = B_SPLINE_CURVE_WITH_KNOTS ( 'NONE', 3,
 ( #2291, #3691, #3348, #3317, #190, #2658, #4043, #1234, #1202, #1909 ),
 .UNSPECIFIED., .F., .F.,
 ( 4, 3, 3, 4 ),
 ( 0.0000000000000000000, 3.807012292923940400E-006, 7.621886349125319500E-006, 8.963476866336195400E-006 ),
 .UNSPECIFIED. ) ;
#1514 = CARTESIAN_POINT ( 'NONE',  ( 0.2994983006540903300, 0.5352093015767741500, -0.5352093015767740400 ) ) ;
#1515 = VERTEX_POINT ( 'NONE', #2586 ) ;
#1516 = VECTOR ( 'NONE', #420, 1000.000000000000000 ) ;
#1517 = DIRECTION ( 'NONE',  ( 1.000000000000000000, 0.0000000000000000000, 0.0000000000000000000 ) ) ;
#1518 = ADVANCED_FACE ( 'NONE', ( #2087 ), #121, .F. ) ;
#1519 = EDGE_CURVE ( 'NONE', #1146, #3179, #259, .T. ) ;
#1520 =( LENGTH_UNIT ( ) NAMED_UNIT ( * ) SI_UNIT ( .MILLI., .METRE. ) );
#1521 = LINE ( 'NONE', #1586, #2942 ) ;
#1522 = CARTESIAN_POINT ( 'NONE',  ( 0.6909462981555399800, 0.5385600000000000400, -0.2948632901420590300 ) ) ;
#1523 = CARTESIAN_POINT ( 'NONE',  ( 0.2999912337617021700, 0.01214617919449535400, -0.5312535179385914400 ) ) ;
#1524 = AXIS2_PLACEMENT_3D ( 'NONE', #1380, #2091, #4519 ) ;
#1525 = PRESENTATION_STYLE_ASSIGNMENT (( #208 ) ) ;
#1526 = LINE ( 'NONE', #2747, #3773 ) ;
#1527 = DIRECTION ( 'NONE',  ( 1.000000000000000000, 0.0000000000000000000, 0.0000000000000000000 ) ) ;
#1528 = AXIS2_PLACEMENT_3D ( 'NONE', #4120, #1691, #3048 ) ;
#1529 = DIRECTION ( 'NONE',  ( 0.2764273280489743000, 0.0000000000000000000, -0.9610348236706641700 ) ) ;
#1530 = DIRECTION ( 'NONE',  ( 0.0000000000000000000, -1.000000000000000000, 0.0000000000000000000 ) ) ;
#1531 = VERTEX_POINT ( 'NONE', #4284 ) ;
#1532 = SURFACE_SIDE_STYLE ('',( #1009 ) ) ;
#1533 = DIRECTION ( 'NONE',  ( 0.0000000000000000000, 0.0000000000000000000, 1.000000000000000000 ) ) ;
#1534 = CARTESIAN_POINT ( 'NONE',  ( 0.2998717923918207100, 0.01323365377589170500, -0.5333856747510298300 ) ) ;
#1535 = ORIENTED_EDGE ( 'NONE', *, *, #2310, .F. ) ;
#1536 = AXIS2_PLACEMENT_3D ( 'NONE', #3505, #278, #3457 ) ;
#1537 = ADVANCED_FACE ( 'NONE', ( #749 ), #2843, .T. ) ;
#1538 = EDGE_LOOP ( 'NONE', ( #1823, #1722, #2225, #2318 ) ) ;
#1539 =( NAMED_UNIT ( * ) PLANE_ANGLE_UNIT ( ) SI_UNIT ( $, .RADIAN. ) );
#1540 = EDGE_CURVE ( 'NONE', #3970, #1161, #2458, .T. ) ;
#1541 = UNCERTAINTY_MEASURE_WITH_UNIT (LENGTH_MEASURE( 1.000000000000000100E-005 ), #1556, 'distance_accuracy_value', 'NONE');
#1542 = ORIENTED_EDGE ( 'NONE', *, *, #1949, .F. ) ;
#1543 = SURFACE_SIDE_STYLE ('',( #3856 ) ) ;
#1544 = CARTESIAN_POINT ( 'NONE',  ( 1.050000000000000000, 0.0000000000000000000, -0.5385600000000000400 ) ) ;
#1545 = VERTEX_POINT ( 'NONE', #4327 ) ;
#1546 = PRESENTATION_LAYER_ASSIGNMENT (  '', '', ( #568 ) ) ;
#1547 = ORIENTED_EDGE ( 'NONE', *, *, #3291, .F. ) ;
#1548 = DIRECTION ( 'NONE',  ( 0.0000000000000000000, 0.0000000000000000000, 1.000000000000000000 ) ) ;
#1549 = SURFACE_STYLE_FILL_AREA ( #3753 ) ;
#1550 = LINE ( 'NONE', #2142, #606 ) ;
#1551 = EDGE_LOOP ( 'NONE', ( #4247, #3920, #2168, #3894, #3243, #756, #2582, #1884, #4412, #1784, #850 ) ) ;
#1552 = AXIS2_PLACEMENT_3D ( 'NONE', #2639, #506, #2717 ) ;
#1553 = FACE_OUTER_BOUND ( 'NONE', #367, .T. ) ;
#1554 = CARTESIAN_POINT ( 'NONE',  ( 0.01143999999999993100, 0.01144000000000000100, -0.01144000000000000100 ) ) ;
#1555 = ORIENTED_EDGE ( 'NONE', *, *, #1134, .T. ) ;
#1556 =( LENGTH_UNIT ( ) NAMED_UNIT ( * ) SI_UNIT ( .MILLI., .METRE. ) );
#1557 = VERTEX_POINT ( 'NONE', #1478 ) ;
#1558 = FILL_AREA_STYLE_COLOUR ( '', #4179 ) ;
#1559 =( NAMED_UNIT ( * ) PLANE_ANGLE_UNIT ( ) SI_UNIT ( $, .RADIAN. ) );
#1560 = DIRECTION ( 'NONE',  ( 0.0000000000000000000, -0.0000000000000000000, 1.000000000000000000 ) ) ;
#1561 = DIRECTION ( 'NONE',  ( 0.002813301676023789300, 0.0000000000000000000, -0.9999960426590096500 ) ) ;
#1562 = PRESENTATION_LAYER_ASSIGNMENT (  '', '', ( #1797 ) ) ;
#1563 = ORIENTED_EDGE ( 'NONE', *, *, #3341, .F. ) ;
#1564 = LINE ( 'NONE', #3226, #1277 ) ;
#1565 = CARTESIAN_POINT ( 'NONE',  ( 1.050000000000000000, 0.0000000000000000000, -0.5500000000000000400 ) ) ;
#1566 = DIRECTION ( 'NONE',  ( 1.000000000000000000, 0.0000000000000000000, 0.0000000000000000000 ) ) ;
#1567 = ORIENTED_EDGE ( 'NONE', *, *, #4418, .F. ) ;
#1568 = EDGE_CURVE ( 'NONE', #2227, #1360, #584, .T. ) ;
#1569 = PRESENTATION_STYLE_ASSIGNMENT (( #744 ) ) ;
#1570 = CARTESIAN_POINT ( 'NONE',  ( 0.3000055380450196700, 0.01165709674265220100, -0.02032463685444604500 ) ) ;
#1571 = SURFACE_STYLE_FILL_AREA ( #3721 ) ;
#1572 = DIRECTION ( 'NONE',  ( 0.0000000000000000000, -1.000000000000000000, 0.0000000000000000000 ) ) ;
#1573 = EDGE_CURVE ( 'NONE', #3843, #384, #3065, .T. ) ;
#1574 =( NAMED_UNIT ( * ) PLANE_ANGLE_UNIT ( ) SI_UNIT ( $, .RADIAN. ) );
#1575 = CARTESIAN_POINT ( 'NONE',  ( 0.2994983006540903300, 0.5352093015767741500, -0.01479069842322597100 ) ) ;
#1576 = DIRECTION ( 'NONE',  ( 0.0000000000000000000, -1.000000000000000000, 0.0000000000000000000 ) ) ;
#1577 = COLOUR_RGB ( '',0.7686274509803920900, 0.7686274509803920900, 0.7686274509803920900 ) ;
#1578 = DIRECTION ( 'NONE',  ( -1.000000000000000000, 0.0000000000000000000, 0.0000000000000000000 ) ) ;
#1579 = CARTESIAN_POINT ( 'NONE',  ( 0.4254606038979855700, 0.5435600000000000400, -0.3092102531213381500 ) ) ;
#1580 = MECHANICAL_DESIGN_GEOMETRIC_PRESENTATION_REPRESENTATION (  '', ( #4254 ), #916 ) ;
#1581 = DIRECTION ( 'NONE',  ( -0.2745159998572621100, 0.0000000000000000000, 0.9615825319869156800 ) ) ;
#1582 = PRESENTATION_STYLE_ASSIGNMENT (( #2839 ) ) ;
#1583 = ORIENTED_EDGE ( 'NONE', *, *, #381, .T. ) ;
#1584 = CARTESIAN_POINT ( 'NONE',  ( 0.6308974089336167900, 0.5435600000000000400, -0.2349049999999999700 ) ) ;
#1585 =( NAMED_UNIT ( * ) SI_UNIT ( $, .STERADIAN. ) SOLID_ANGLE_UNIT ( ) );
#1586 = CARTESIAN_POINT ( 'NONE',  ( 0.7500000000000002200, 0.0000000000000000000, -0.01144000000000004000 ) ) ;
#1587 = EDGE_LOOP ( 'NONE', ( #1310, #560, #1810, #3590 ) ) ;
#1588 = DIRECTION ( 'NONE',  ( 1.000000000000000000, 0.0000000000000000000, 0.0000000000000000000 ) ) ;
#1589 =( NAMED_UNIT ( * ) PLANE_ANGLE_UNIT ( ) SI_UNIT ( $, .RADIAN. ) );
#1590 = PRESENTATION_LAYER_ASSIGNMENT (  '', '', ( #3409 ) ) ;
#1591 = VECTOR ( 'NONE', #4, 1000.000000000000000 ) ;
#1592 = ORIENTED_EDGE ( 'NONE', *, *, #122, .T. ) ;
#1593 = CARTESIAN_POINT ( 'NONE',  ( 0.3360000000000000800, 0.5385600000000000400, -0.2349050000000000000 ) ) ;
#1594 = UNCERTAINTY_MEASURE_WITH_UNIT (LENGTH_MEASURE( 1.000000000000000100E-005 ), #1083, 'distance_accuracy_value', 'NONE');
#1595 = VERTEX_POINT ( 'NONE', #1107 ) ;
#1596 = DIRECTION ( 'NONE',  ( -1.000000000000000000, 0.0000000000000000000, -0.0000000000000000000 ) ) ;
#1597 = CARTESIAN_POINT ( 'NONE',  ( 0.4371683351698946200, 0.5435600000000000400, -0.3092102531213381500 ) ) ;
#1598 = EDGE_CURVE ( 'NONE', #3193, #478, #1989, .T. ) ;
#1599 = PRESENTATION_STYLE_ASSIGNMENT (( #743 ) ) ;
#1600 = CLOSED_SHELL ( 'NONE', ( #4509, #321, #1104, #3435, #438, #1518, #274, #1144, #4443, #4168, #1492, #762, #1901, #2576, #4150, #1706, #2686, #4269, #4533, #2336, #2789, #3660, #1256, #2086, #1304 ) ) ;
#1601 = CARTESIAN_POINT ( 'NONE',  ( 1.050000000000000000, 0.0000000000000000000, -0.01144000000000000100 ) ) ;
#1602 = SURFACE_STYLE_USAGE ( .BOTH. , #244 ) ;
#1603 = PRESENTATION_LAYER_ASSIGNMENT (  '', '', ( #1899 ) ) ;
#1604 = MECHANICAL_DESIGN_GEOMETRIC_PRESENTATION_REPRESENTATION (  '', ( #1056 ), #3895 ) ;
#1605 =( NAMED_UNIT ( * ) SI_UNIT ( $, .STERADIAN. ) SOLID_ANGLE_UNIT ( ) );
#1606 = DIRECTION ( 'NONE',  ( 0.0000000000000000000, 0.0000000000000000000, 1.000000000000000000 ) ) ;
#1607 = VECTOR ( 'NONE', #1866, 1000.000000000000200 ) ;
#1608 = VERTEX_POINT ( 'NONE', #4303 ) ;
#1609 = CARTESIAN_POINT ( 'NONE',  ( 0.2999999999999999300, 0.01144000000000004000, -0.01144000000000004000 ) ) ;
#1610 = VERTEX_POINT ( 'NONE', #2557 ) ;
#1611 = FILL_AREA_STYLE_COLOUR ( '', #2765 ) ;
#1612 = ORIENTED_EDGE ( 'NONE', *, *, #3651, .T. ) ;
#1613 = CARTESIAN_POINT ( 'NONE',  ( 0.0000000000000000000, 0.01144000000000000100, -0.5385600000000000400 ) ) ;
#1614 = CARTESIAN_POINT ( 'NONE',  ( 0.2995942064208097500, 0.01447761543708051000, -0.01510378140969294800 ) ) ;
#1615 = ORIENTED_EDGE ( 'NONE', *, *, #1519, .T. ) ;
#1616 = VECTOR ( 'NONE', #1911, 1000.000000000000000 ) ;
#1617 = CARTESIAN_POINT ( 'NONE',  ( 0.2885599999999999300, 0.01144000000000000100, -0.01144000000000000100 ) ) ;
#1618 = EDGE_CURVE ( 'NONE', #3421, #3184, #1063, .T. ) ;
#1619 = ORIENTED_EDGE ( 'NONE', *, *, #1406, .F. ) ;
#1620 = ADVANCED_FACE ( 'NONE', ( #962 ), #366, .T. ) ;
#1621 = LINE ( 'NONE', #4296, #3429 ) ;
#1622 = LINE ( 'NONE', #3774, #2387 ) ;
#1623 = SURFACE_STYLE_USAGE ( .BOTH. , #1961 ) ;
#1624 = DIRECTION ( 'NONE',  ( 1.000000000000000000, 0.0000000000000000000, 0.0000000000000000000 ) ) ;
#1625 = FILL_AREA_STYLE_COLOUR ( '', #2117 ) ;
#1626 = PLANE ( 'NONE',  #972 ) ;
#1627 = EDGE_CURVE ( 'NONE', #3184, #55, #906, .T. ) ;
#1628 = CARTESIAN_POINT ( 'NONE',  ( 0.7614400000000002300, 0.0000000000000000000, -0.5500000000000000400 ) ) ;
#1629 = CARTESIAN_POINT ( 'NONE',  ( 1.038560000000000100, 0.01144000000000000100, -0.5385600000000000400 ) ) ;
#1630 = FACE_OUTER_BOUND ( 'NONE', #4371, .T. ) ;
#1631 = STYLED_ITEM ( 'NONE', ( #4134 ), #80 ) ;
#1632 = CARTESIAN_POINT ( 'NONE',  ( 0.4994740677989998900, 0.5435600000000000400, -0.3092102531213381500 ) ) ;
#1633 = DIRECTION ( 'NONE',  ( 0.0000000000000000000, -1.000000000000000000, 0.0000000000000000000 ) ) ;
#1634 = CARTESIAN_POINT ( 'NONE',  ( 0.5747576101742125600, 0.5435600000000000400, -0.2349049999999999700 ) ) ;
#1635 = ORIENTED_EDGE ( 'NONE', *, *, #4129, .T. ) ;
#1636 = AXIS2_PLACEMENT_3D ( 'NONE', #2565, #1430, #3606 ) ;
#1637 = CARTESIAN_POINT ( 'NONE',  ( 0.7154139239656097700, 0.5435600000000000400, -0.3092102531213381500 ) ) ;
#1638 = ADVANCED_FACE ( 'NONE', ( #3988 ), #3683, .F. ) ;
#1639 = ORIENTED_EDGE ( 'NONE', *, *, #2695, .T. ) ;
#1640 = EDGE_LOOP ( 'NONE', ( #1275, #835, #3676, #2013, #912, #2250, #3391, #3174, #1619, #4123, #1197, #936, #3239, #3593, #826, #773, #272 ) ) ;
#1641 = DIRECTION ( 'NONE',  ( 1.000000000000000000, 0.0000000000000000000, 0.0000000000000000000 ) ) ;
#1642 = CARTESIAN_POINT ( 'NONE',  ( 1.038560000000000100, 0.5500000000000000400, -0.01144000000000000100 ) ) ;
#1643 = DIRECTION ( 'NONE',  ( 0.0000000000000000000, -1.000000000000000000, 0.0000000000000000000 ) ) ;
#1644 = EDGE_LOOP ( 'NONE', ( #1131, #235, #2412 ) ) ;
#1645 = SURFACE_STYLE_FILL_AREA ( #1080 ) ;
#1646 = CARTESIAN_POINT ( 'NONE',  ( 0.7500000000000002200, 0.02288000000000003900, -0.5385600000000000400 ) ) ;
#1647 = VERTEX_POINT ( 'NONE', #1164 ) ;
#1648 = CARTESIAN_POINT ( 'NONE',  ( 0.4820623254807480700, 0.5385600000000000400, -0.2812458643905236800 ) ) ;
#1649 = EDGE_CURVE ( 'NONE', #1413, #1296, #206, .T. ) ;
#1650 =( BOUNDED_CURVE ( )  B_SPLINE_CURVE ( 3, ( #3147, #1030, #2760, #4530 ),
 .UNSPECIFIED., .F., .T. ) 
 B_SPLINE_CURVE_WITH_KNOTS ( ( 4, 4 ),
 ( 1.570796326794898300, 1.868047687429716500 ),
 .UNSPECIFIED. ) 
 CURVE ( )  GEOMETRIC_REPRESENTATION_ITEM ( )  RATIONAL_B_SPLINE_CURVE ( ( 1.000000000000000000, 0.9926503465769137600, 0.9926503465769137600, 1.000000000000000000 ) ) 
 REPRESENTATION_ITEM ( '' )  );
#1651 = DIRECTION ( 'NONE',  ( -1.000000000000000000, 0.0000000000000000000, 0.0000000000000000000 ) ) ;
#1652 = FACE_OUTER_BOUND ( 'NONE', #2426, .T. ) ;
#1653 = ORIENTED_EDGE ( 'NONE', *, *, #2201, .F. ) ;
#1654 = PLANE ( 'NONE',  #2180 ) ;
#1655 =( NAMED_UNIT ( * ) PLANE_ANGLE_UNIT ( ) SI_UNIT ( $, .RADIAN. ) );
#1656 = VECTOR ( 'NONE', #505, 1000.000000000000000 ) ;
#1657 = EDGE_CURVE ( 'NONE', #4193, #4552, #1292, .T. ) ;
#1658 = FACE_OUTER_BOUND ( 'NONE', #191, .T. ) ;
#1659 = VERTEX_POINT ( 'NONE', #2623 ) ;
#1660 = FACE_OUTER_BOUND ( 'NONE', #802, .T. ) ;
#1661 = FACE_OUTER_BOUND ( 'NONE', #2436, .T. ) ;
#1662 = ORIENTED_EDGE ( 'NONE', *, *, #2834, .T. ) ;
#1663 = ADVANCED_FACE ( 'NONE', ( #1854 ), #541, .F. ) ;
#1664 =( GEOMETRIC_REPRESENTATION_CONTEXT ( 3 ) GLOBAL_UNCERTAINTY_ASSIGNED_CONTEXT ( ( #4293 ) ) GLOBAL_UNIT_ASSIGNED_CONTEXT ( ( #3644, #1539, #1888 ) ) REPRESENTATION_CONTEXT ( 'NONE', 'WORKASPACE' ) );
#1665 = MECHANICAL_DESIGN_GEOMETRIC_PRESENTATION_REPRESENTATION (  '', ( #3305 ), #1964 ) ;
#1666 = EDGE_LOOP ( 'NONE', ( #3734, #1788, #1889 ) ) ;
#1667 = CARTESIAN_POINT ( 'NONE',  ( 0.4409886340153633100, 0.5435600000000000400, -0.2490416194800628700 ) ) ;
#1668 = FACE_OUTER_BOUND ( 'NONE', #2825, .T. ) ;
#1669 = CYLINDRICAL_SURFACE ( 'NONE', #1913, 0.01144000000000000100 ) ;
#1670 = DIRECTION ( 'NONE',  ( -0.0000000000000000000, -0.0000000000000000000, 1.000000000000000000 ) ) ;
#1671 = ORIENTED_EDGE ( 'NONE', *, *, #2602, .F. ) ;
#1672 = ORIENTED_EDGE ( 'NONE', *, *, #1649, .T. ) ;
#1673 = LINE ( 'NONE', #73, #2284 ) ;
#1674 =( NAMED_UNIT ( * ) SI_UNIT ( $, .STERADIAN. ) SOLID_ANGLE_UNIT ( ) );
#1675 = AXIS2_PLACEMENT_3D ( 'NONE', #2371, #2698, #1055 ) ;
#1676 = PRESENTATION_STYLE_ASSIGNMENT (( #3938 ) ) ;
#1677 = LINE ( 'NONE', #2422, #1109 ) ;
#1678 = EDGE_CURVE ( 'NONE', #3170, #3233, #4325, .T. ) ;
#1679 = CARTESIAN_POINT ( 'NONE',  ( 0.7502476055771925000, 0.01396121343666397900, -0.01562018340978788900 ) ) ;
#1680 = UNCERTAINTY_MEASURE_WITH_UNIT (LENGTH_MEASURE( 1.000000000000000100E-005 ), #1461, 'distance_accuracy_value', 'NONE');
#1681 = ORIENTED_EDGE ( 'NONE', *, *, #871, .F. ) ;
#1682 = AXIS2_PLACEMENT_3D ( 'NONE', #3349, #1237, #3711 ) ;
#1683 = DIRECTION ( 'NONE',  ( 0.0000000000000000000, -1.000000000000000000, 0.0000000000000000000 ) ) ;
#1684 = DIRECTION ( 'NONE',  ( -0.2760118818968593200, 0.0000000000000000000, 0.9611542233438680200 ) ) ;
#1685 = CARTESIAN_POINT ( 'NONE',  ( 0.2999593366536778000, 0.5320737292624467800, -0.01249022334348545000 ) ) ;
#1686 =( NAMED_UNIT ( * ) SI_UNIT ( $, .STERADIAN. ) SOLID_ANGLE_UNIT ( ) );
#1687 = EDGE_CURVE ( 'NONE', #3137, #2585, #2029, .T. ) ;
#1688 = ADVANCED_FACE ( 'NONE', ( #68 ), #138, .F. ) ;
#1689 =( NAMED_UNIT ( * ) PLANE_ANGLE_UNIT ( ) SI_UNIT ( $, .RADIAN. ) );
#1690 = PRESENTATION_LAYER_ASSIGNMENT (  '', '', ( #1027 ) ) ;
#1691 = DIRECTION ( 'NONE',  ( 1.000000000000000000, 0.0000000000000000000, 0.0000000000000000000 ) ) ;
#1692 = SURFACE_STYLE_FILL_AREA ( #3238 ) ;
#1693 = VERTEX_POINT ( 'NONE', #1230 ) ;
#1694 = SURFACE_STYLE_USAGE ( .BOTH. , #3063 ) ;
#1695 = FILL_AREA_STYLE_COLOUR ( '', #1577 ) ;
#1696 = SURFACE_STYLE_FILL_AREA ( #2089 ) ;
#1697 = MECHANICAL_DESIGN_GEOMETRIC_PRESENTATION_REPRESENTATION (  '', ( #515 ), #2737 ) ;
#1698 = VERTEX_POINT ( 'NONE', #3668 ) ;
#1699 = DIRECTION ( 'NONE',  ( 1.000000000000000000, 0.0000000000000000000, 0.0000000000000000000 ) ) ;
#1700 = DIRECTION ( 'NONE',  ( -0.0000000000000000000, 1.000000000000000000, -0.0000000000000000000 ) ) ;
#1701 =( NAMED_UNIT ( * ) PLANE_ANGLE_UNIT ( ) SI_UNIT ( $, .RADIAN. ) );
#1702 = ORIENTED_EDGE ( 'NONE', *, *, #3218, .T. ) ;
#1703 = STYLED_ITEM ( 'NONE', ( #4536 ), #3477 ) ;
#1704 = LINE ( 'NONE', #2068, #4382 ) ;
#1705 = VERTEX_POINT ( 'NONE', #516 ) ;
#1706 = ADVANCED_FACE ( 'NONE', ( #1746 ), #4049, .F. ) ;
#1707 = DIRECTION ( 'NONE',  ( -0.2762517575166415500, 0.0000000000000000000, 0.9610853065513833600 ) ) ;
#1708 = DIRECTION ( 'NONE',  ( -1.000000000000000000, 0.0000000000000000000, -1.539402763017535000E-015 ) ) ;
#1709 = SURFACE_STYLE_FILL_AREA ( #3340 ) ;
#1710 = EDGE_LOOP ( 'NONE', ( #2819, #4384, #1113, #927 ) ) ;
#1711 = EDGE_CURVE ( 'NONE', #4521, #3023, #994, .T. ) ;
#1712 = VERTEX_POINT ( 'NONE', #1175 ) ;
#1713 = DIRECTION ( 'NONE',  ( 0.0000000000000000000, 0.0000000000000000000, 1.000000000000000000 ) ) ;
#1714 = CARTESIAN_POINT ( 'NONE',  ( 0.4820623254807480700, 0.5435600000000000400, -0.2812458643905236800 ) ) ;
#1715 = VECTOR ( 'NONE', #216, 1000.000000000000000 ) ;
#1716 = EDGE_LOOP ( 'NONE', ( #3331, #2808, #3237, #2205 ) ) ;
#1717 = CARTESIAN_POINT ( 'NONE',  ( 0.5148300469017909100, 0.5385600000000000400, -0.3010570137547642400 ) ) ;
#1718 = ORIENTED_EDGE ( 'NONE', *, *, #2651, .F. ) ;
#1719 = EDGE_CURVE ( 'NONE', #1610, #3522, #4402, .T. ) ;
#1720 = LINE ( 'NONE', #1251, #1505 ) ;
#1721 = FACE_OUTER_BOUND ( 'NONE', #398, .T. ) ;
#1722 = ORIENTED_EDGE ( 'NONE', *, *, #267, .T. ) ;
#1723 = EDGE_LOOP ( 'NONE', ( #1864, #4111, #4199, #1040 ) ) ;
#1724 = LINE ( 'NONE', #1975, #2721 ) ;
#1725 = COLOUR_RGB ( '',0.7686274509803920900, 0.7686274509803920900, 0.7686274509803920900 ) ;
#1726 = CARTESIAN_POINT ( 'NONE',  ( 0.4994740677989998900, 0.5385600000000000400, -0.3092102531213381500 ) ) ;
#1727 = DIRECTION ( 'NONE',  ( 0.0000000000000000000, 0.0000000000000000000, -1.000000000000000000 ) ) ;
#1728 = MECHANICAL_DESIGN_GEOMETRIC_PRESENTATION_REPRESENTATION (  '', ( #4083 ), #78 ) ;
#1729 = CARTESIAN_POINT ( 'NONE',  ( 0.7614400000000002300, 0.5385600000000000400, -0.5500000000000000400 ) ) ;
#1730 = ORIENTED_EDGE ( 'NONE', *, *, #381, .F. ) ;
#1731 = ADVANCED_FACE ( 'NONE', ( #1721 ), #3537, .T. ) ;
#1732 = ORIENTED_EDGE ( 'NONE', *, *, #1678, .T. ) ;
#1733 = SURFACE_STYLE_USAGE ( .BOTH. , #643 ) ;
#1734 = FACE_OUTER_BOUND ( 'NONE', #2485, .T. ) ;
#1735 = DIRECTION ( 'NONE',  ( -0.0000000000000000000, 1.000000000000000000, -0.0000000000000000000 ) ) ;
#1736 = UNCERTAINTY_MEASURE_WITH_UNIT (LENGTH_MEASURE( 1.000000000000000100E-005 ), #2470, 'distance_accuracy_value', 'NONE');
#1737 = SURFACE_STYLE_FILL_AREA ( #442 ) ;
#1738 =( NAMED_UNIT ( * ) SI_UNIT ( $, .STERADIAN. ) SOLID_ANGLE_UNIT ( ) );
#1739 = CARTESIAN_POINT ( 'NONE',  ( 0.6370866138886119900, 0.5435600000000000400, -0.2675093720176779900 ) ) ;
#1740 = AXIS2_PLACEMENT_3D ( 'NONE', #2290, #1922, #1266 ) ;
#1741 = SURFACE_STYLE_FILL_AREA ( #1398 ) ;
#1742 = DIRECTION ( 'NONE',  ( -0.9610674221107063900, 0.0000000000000000000, -0.2763139702539146900 ) ) ;
#1743 = FILL_AREA_STYLE_COLOUR ( '', #3472 ) ;
#1744 = EDGE_CURVE ( 'NONE', #1608, #64, #4463, .T. ) ;
#1745 = DIRECTION ( 'NONE',  ( 0.0000000000000000000, 0.0000000000000000000, -1.000000000000000000 ) ) ;
#1746 = FACE_OUTER_BOUND ( 'NONE', #3095, .T. ) ;
#1747 = ORIENTED_EDGE ( 'NONE', *, *, #2575, .F. ) ;
#1748 = DIRECTION ( 'NONE',  ( 0.2755520632520533400, 0.0000000000000000000, -0.9612861490927331300 ) ) ;
#1749 = VERTEX_POINT ( 'NONE', #712 ) ;
#1750 = DIRECTION ( 'NONE',  ( 0.0000000000000000000, -1.000000000000000000, 0.0000000000000000000 ) ) ;
#1751 = VECTOR ( 'NONE', #4006, 1000.000000000000100 ) ;
#1752 = EDGE_LOOP ( 'NONE', ( #212, #2434, #127, #3996, #4279, #4188 ) ) ;
#1753 =( NAMED_UNIT ( * ) SI_UNIT ( $, .STERADIAN. ) SOLID_ANGLE_UNIT ( ) );
#1754 = DIRECTION ( 'NONE',  ( 0.0000000000000000000, 0.0000000000000000000, 1.000000000000000000 ) ) ;
#1755 = FILL_AREA_STYLE_COLOUR ( '', #4020 ) ;
#1756 =( GEOMETRIC_REPRESENTATION_CONTEXT ( 3 ) GLOBAL_UNCERTAINTY_ASSIGNED_CONTEXT ( ( #3362 ) ) GLOBAL_UNIT_ASSIGNED_CONTEXT ( ( #1832, #2926, #1892 ) ) REPRESENTATION_CONTEXT ( 'NONE', 'WORKASPACE' ) );
#1757 = PRESENTATION_STYLE_ASSIGNMENT (( #3201 ) ) ;
#1758 = SURFACE_STYLE_USAGE ( .BOTH. , #343 ) ;
#1759 = ORIENTED_EDGE ( 'NONE', *, *, #3861, .F. ) ;
#1760 = VERTEX_POINT ( 'NONE', #2144 ) ;
#1761 = DIRECTION ( 'NONE',  ( -1.000000000000000000, 0.0000000000000000000, 0.0000000000000000000 ) ) ;
#1762 = DIRECTION ( 'NONE',  ( 0.0000000000000000000, 0.0000000000000000000, 1.000000000000000000 ) ) ;
#1763 = FACE_OUTER_BOUND ( 'NONE', #4390, .T. ) ;
#1764 = FACE_OUTER_BOUND ( 'NONE', #1074, .T. ) ;
#1765 = ORIENTED_EDGE ( 'NONE', *, *, #2424, .T. ) ;
#1766 = PRESENTATION_LAYER_ASSIGNMENT (  '', '', ( #3965 ) ) ;
#1767 = VECTOR ( 'NONE', #4354, 1000.000000000000000 ) ;
#1768 = FACE_OUTER_BOUND ( 'NONE', #1902, .T. ) ;
#1769 = ORIENTED_EDGE ( 'NONE', *, *, #3416, .F. ) ;
#1770 = FILL_AREA_STYLE ('',( #3873 ) ) ;
#1771 = FILL_AREA_STYLE_COLOUR ( '', #3568 ) ;
#1772 =( LENGTH_UNIT ( ) NAMED_UNIT ( * ) SI_UNIT ( .MILLI., .METRE. ) );
#1773 = EDGE_CURVE ( 'NONE', #2240, #1413, #3916, .T. ) ;
#1774 = VERTEX_POINT ( 'NONE', #1119 ) ;
#1775 = FILL_AREA_STYLE_COLOUR ( '', #548 ) ;
#1776 =( NAMED_UNIT ( * ) PLANE_ANGLE_UNIT ( ) SI_UNIT ( $, .RADIAN. ) );
#1777 = ORIENTED_EDGE ( 'NONE', *, *, #1231, .F. ) ;
#1778 = VECTOR ( 'NONE', #1138, 1000.000000000000000 ) ;
#1779 = CARTESIAN_POINT ( 'NONE',  ( 0.6349095247834534200, 0.5385600000000000400, -0.2490443306742744500 ) ) ;
#1780 = PLANE ( 'NONE',  #4041 ) ;
#1781 = DIRECTION ( 'NONE',  ( -0.2765379750249969400, 0.0000000000000000000, 0.9610029908221275900 ) ) ;
#1782 = DIRECTION ( 'NONE',  ( 0.0000000000000000000, -1.000000000000000000, 0.0000000000000000000 ) ) ;
#1783 = PRESENTATION_LAYER_ASSIGNMENT (  '', '', ( #2642 ) ) ;
#1784 = ORIENTED_EDGE ( 'NONE', *, *, #2335, .T. ) ;
#1785 = COLOUR_RGB ( '',0.7686274509803920900, 0.7686274509803920900, 0.7686274509803920900 ) ;
#1786 = VECTOR ( 'NONE', #1596, 1000.000000000000000 ) ;
#1787 = CARTESIAN_POINT ( 'NONE',  ( 0.4920625660342559700, 0.5435600000000000400, -0.3092102531213381500 ) ) ;
#1788 = ORIENTED_EDGE ( 'NONE', *, *, #2651, .T. ) ;
#1789 = AXIS2_PLACEMENT_3D ( 'NONE', #3222, #3575, #3929 ) ;
#1790 = B_SPLINE_CURVE_WITH_KNOTS ( 'NONE', 3,
 ( #685, #3566, #41, #30, #1465, #2497, #380, #3554, #2842, #1405 ),
 .UNSPECIFIED., .F., .F.,
 ( 4, 3, 3, 4 ),
 ( 0.0000000000000000000, 3.807012292923930200E-006, 7.621886349125313600E-006, 8.963476866336215700E-006 ),
 .UNSPECIFIED. ) ;
#1791 = CARTESIAN_POINT ( 'NONE',  ( 1.050000000000000000, 0.01144000000000000100, -0.5500000000000000400 ) ) ;
#1792 = COLOUR_RGB ( '',0.7686274509803920900, 0.7686274509803920900, 0.7686274509803920900 ) ;
#1793 = SURFACE_SIDE_STYLE ('',( #2041 ) ) ;
#1794 = DIRECTION ( 'NONE',  ( 1.000000000000000000, -0.0000000000000000000, -0.0000000000000000000 ) ) ;
#1795 = CARTESIAN_POINT ( 'NONE',  ( 0.5469330738879389900, 0.5385600000000000400, -0.2349049999999999700 ) ) ;
#1796 = DIRECTION ( 'NONE',  ( 0.0000000000000000000, -1.000000000000000000, 0.0000000000000000000 ) ) ;
#1797 = STYLED_ITEM ( 'NONE', ( #4240 ), #3051 ) ;
#1798 = CARTESIAN_POINT ( 'NONE',  ( 0.01144000000000000100, 0.01144000000000000100, -0.5385600000000000400 ) ) ;
#1799 = EDGE_CURVE ( 'NONE', #4312, #113, #3085, .T. ) ;
#1800 = DIRECTION ( 'NONE',  ( 0.0000000000000000000, 0.0000000000000000000, 1.000000000000000000 ) ) ;
#1801 = CARTESIAN_POINT ( 'NONE',  ( 0.7500406633463225800, 0.5375097766565146700, -0.01792627073755327000 ) ) ;
#1802 = DIRECTION ( 'NONE',  ( 0.0000000000000000000, 0.0000000000000000000, 1.000000000000000000 ) ) ;
#1803 = VERTEX_POINT ( 'NONE', #2261 ) ;
#1804 = EDGE_CURVE ( 'NONE', #2240, #3519, #778, .T. ) ;
#1805 = DIRECTION ( 'NONE',  ( 1.000000000000000000, 0.0000000000000000000, 0.0000000000000000000 ) ) ;
#1806 = FACE_OUTER_BOUND ( 'NONE', #3597, .T. ) ;
#1807 = ORIENTED_EDGE ( 'NONE', *, *, #1103, .F. ) ;
#1808 = ADVANCED_FACE ( 'NONE', ( #3202 ), #3361, .T. ) ;
#1809 = STYLED_ITEM ( 'NONE', ( #1299 ), #1022 ) ;
#1810 = ORIENTED_EDGE ( 'NONE', *, *, #3031, .F. ) ;
#1811 = CARTESIAN_POINT ( 'NONE',  ( 0.5747576101742125600, 0.5385600000000000400, -0.2349049999999999700 ) ) ;
#1812 = FACE_OUTER_BOUND ( 'NONE', #3142, .T. ) ;
#1813 = ORIENTED_EDGE ( 'NONE', *, *, #4418, .T. ) ;
#1814 = CARTESIAN_POINT ( 'NONE',  ( 0.3573540449120420900, 0.5435600000000000400, -0.3092102531213381500 ) ) ;
#1815 = DIRECTION ( 'NONE',  ( -3.405901710987591600E-015, -0.0000000000000000000, -1.000000000000000000 ) ) ;
#1816 = PRESENTATION_STYLE_ASSIGNMENT (( #528 ) ) ;
#1817 = ORIENTED_EDGE ( 'NONE', *, *, #3126, .F. ) ;
#1818 = CARTESIAN_POINT ( 'NONE',  ( 0.3686929376419000900, 0.5385600000000000400, -0.2752507357681145400 ) ) ;
#1819 = CARTESIAN_POINT ( 'NONE',  ( 0.6091224510906072500, 0.5435600000000000400, -0.2812433791288636000 ) ) ;
#1820 = CARTESIAN_POINT ( 'NONE',  ( 0.7112903907351556500, 0.5435600000000000400, -0.2948616750556482000 ) ) ;
#1821 = EDGE_LOOP ( 'NONE', ( #4433, #917, #2908, #3297 ) ) ;
#1822 = STYLED_ITEM ( 'NONE', ( #2443 ), #4107 ) ;
#1823 = ORIENTED_EDGE ( 'NONE', *, *, #31, .F. ) ;
#1824 = CARTESIAN_POINT ( 'NONE',  ( 0.3573540449120420900, 0.5435600000000000400, -0.3092102531213381500 ) ) ;
#1825 = ORIENTED_EDGE ( 'NONE', *, *, #758, .F. ) ;
#1826 = DIRECTION ( 'NONE',  ( -0.0000000000000000000, 1.000000000000000000, -0.0000000000000000000 ) ) ;
#1827 = ADVANCED_FACE ( 'NONE', ( #2280 ), #361, .F. ) ;
#1828 = ORIENTED_EDGE ( 'NONE', *, *, #2473, .F. ) ;
#1829 = EDGE_CURVE ( 'NONE', #3953, #1146, #2612, .T. ) ;
#1830 = PRESENTATION_STYLE_ASSIGNMENT (( #4516 ) ) ;
#1831 = VECTOR ( 'NONE', #4028, 1000.000000000000200 ) ;
#1832 =( LENGTH_UNIT ( ) NAMED_UNIT ( * ) SI_UNIT ( .MILLI., .METRE. ) );
#1833 = CARTESIAN_POINT ( 'NONE',  ( 0.2999999999999998800, 0.5374222882447078400, -0.01257771175529221600 ) ) ;
#1834 = CARTESIAN_POINT ( 'NONE',  ( 0.6471948503523864400, 0.5435600000000000400, -0.2949683489253425200 ) ) ;
#1835 = EDGE_LOOP ( 'NONE', ( #8, #612, #2716, #3952, #1031, #417 ) ) ;
#1836 = CARTESIAN_POINT ( 'NONE',  ( 0.4501696419936382400, 0.5435600000000000400, -0.2812458643905236800 ) ) ;
#1837 = VECTOR ( 'NONE', #1782, 1000.000000000000000 ) ;
#1838 = CARTESIAN_POINT ( 'NONE',  ( 1.038560000000000100, 0.5385600000000000400, -0.01144000000000000100 ) ) ;
#1839 = SURFACE_STYLE_FILL_AREA ( #2447 ) ;
#1840 = CARTESIAN_POINT ( 'NONE',  ( 0.7614400000000002300, 0.5385600000000000400, -0.01144000000000000100 ) ) ;
#1841 = MECHANICAL_DESIGN_GEOMETRIC_PRESENTATION_REPRESENTATION (  '', ( #3075 ), #2552 ) ;
#1842 = MECHANICAL_DESIGN_GEOMETRIC_PRESENTATION_REPRESENTATION (  '', ( #1201 ), #2398 ) ;
#1843 =( LENGTH_UNIT ( ) NAMED_UNIT ( * ) SI_UNIT ( .MILLI., .METRE. ) );
#1844 = VECTOR ( 'NONE', #1643, 1000.000000000000000 ) ;
#1845 = MECHANICAL_DESIGN_GEOMETRIC_PRESENTATION_REPRESENTATION (  '', ( #3900 ), #2093 ) ;
#1846 = LINE ( 'NONE', #1484, #2945 ) ;
#1847 = FACE_OUTER_BOUND ( 'NONE', #2208, .T. ) ;
#1848 = CARTESIAN_POINT ( 'NONE',  ( 0.4781387753146238400, 0.5435600000000000400, -0.2675093720178338700 ) ) ;
#1849 = LINE ( 'NONE', #899, #91 ) ;
#1850 = EDGE_CURVE ( 'NONE', #3816, #1712, #668, .T. ) ;
#1851 = CARTESIAN_POINT ( 'NONE',  ( 0.4821793587055686600, 0.5435600000000000400, -0.2490416194800628700 ) ) ;
#1852 = AXIS2_PLACEMENT_3D ( 'NONE', #2763, #1340, #1713 ) ;
#1853 = ADVANCED_FACE ( 'NONE', ( #288 ), #4299, .T. ) ;
#1854 = FACE_OUTER_BOUND ( 'NONE', #1640, .T. ) ;
#1855 = ORIENTED_EDGE ( 'NONE', *, *, #3686, .T. ) ;
#1856 =( NAMED_UNIT ( * ) SI_UNIT ( $, .STERADIAN. ) SOLID_ANGLE_UNIT ( ) );
#1857 = DIRECTION ( 'NONE',  ( 0.0000000000000000000, 1.000000000000000000, 0.0000000000000000000 ) ) ;
#1858 = EDGE_CURVE ( 'NONE', #3256, #16, #872, .T. ) ;
#1859 = VECTOR ( 'NONE', #1978, 1000.000000000000000 ) ;
#1860 = ORIENTED_EDGE ( 'NONE', *, *, #1618, .F. ) ;
#1861 = SURFACE_STYLE_USAGE ( .BOTH. , #1135 ) ;
#1862 = FILL_AREA_STYLE ('',( #2968 ) ) ;
#1863 = FACE_OUTER_BOUND ( 'NONE', #718, .T. ) ;
#1864 = ORIENTED_EDGE ( 'NONE', *, *, #4102, .T. ) ;
#1865 = PRESENTATION_LAYER_ASSIGNMENT (  '', '', ( #1631 ) ) ;
#1866 = DIRECTION ( 'NONE',  ( 0.9999999968487352000, 0.0000000000000000000, 7.938847109670267000E-005 ) ) ;
#1867 =( LENGTH_UNIT ( ) NAMED_UNIT ( * ) SI_UNIT ( .MILLI., .METRE. ) );
#1868 = VECTOR ( 'NONE', #3493, 999.9999999999998900 ) ;
#1869 = ORIENTED_EDGE ( 'NONE', *, *, #3211, .F. ) ;
#1870 = STYLED_ITEM ( 'NONE', ( #3269 ), #2053 ) ;
#1871 = VECTOR ( 'NONE', #4295, 1000.000000000000000 ) ;
#1872 = ORIENTED_EDGE ( 'NONE', *, *, #2416, .T. ) ;
#1873 = UNCERTAINTY_MEASURE_WITH_UNIT (LENGTH_MEASURE( 1.000000000000000100E-005 ), #3490, 'distance_accuracy_value', 'NONE');
#1874 = CARTESIAN_POINT ( 'NONE',  ( 0.6370866138886119900, 0.5385600000000000400, -0.2675093720176779900 ) ) ;
#1875 = ADVANCED_FACE ( 'NONE', ( #661 ), #2895, .T. ) ;
#1876 = ORIENTED_EDGE ( 'NONE', *, *, #2341, .F. ) ;
#1877 = CARTESIAN_POINT ( 'NONE',  ( 0.5311180462779058200, 0.5435600000000000400, -0.3092102531213381500 ) ) ;
#1878 = AXIS2_PLACEMENT_3D ( 'NONE', #2342, #3061, #4477 ) ;
#1879 = COLOUR_RGB ( '',0.7686274509803920900, 0.7686274509803920900, 0.7686274509803920900 ) ;
#1880 = DIRECTION ( 'NONE',  ( -0.0000000000000000000, -0.0000000000000000000, -1.000000000000000000 ) ) ;
#1881 = CYLINDRICAL_SURFACE ( 'NONE', #4424, 0.01144000000000000100 ) ;
#1882 = VERTEX_POINT ( 'NONE', #3572 ) ;
#1883 = CARTESIAN_POINT ( 'NONE',  ( 0.01144000000000000100, 0.01144000000000000100, -0.5385600000000000400 ) ) ;
#1884 = ORIENTED_EDGE ( 'NONE', *, *, #2513, .T. ) ;
#1885 = VECTOR ( 'NONE', #2401, 1000.000000000000100 ) ;
#1886 = FACE_OUTER_BOUND ( 'NONE', #2546, .T. ) ;
#1887 = EDGE_CURVE ( 'NONE', #74, #3680, #1008, .T. ) ;
#1888 =( NAMED_UNIT ( * ) SI_UNIT ( $, .STERADIAN. ) SOLID_ANGLE_UNIT ( ) );
#1889 = ORIENTED_EDGE ( 'NONE', *, *, #3602, .F. ) ;
#1890 = LINE ( 'NONE', #3657, #3208 ) ;
#1891 = EDGE_CURVE ( 'NONE', #1108, #2537, #2832, .T. ) ;
#1892 =( NAMED_UNIT ( * ) SI_UNIT ( $, .STERADIAN. ) SOLID_ANGLE_UNIT ( ) );
#1893 = DIRECTION ( 'NONE',  ( -1.000000000000000000, 0.0000000000000000000, 0.0000000000000000000 ) ) ;
#1894 = ORIENTED_EDGE ( 'NONE', *, *, #411, .F. ) ;
#1895 = FACE_OUTER_BOUND ( 'NONE', #3315, .T. ) ;
#1896 = VECTOR ( 'NONE', #3156, 1000.000000000000000 ) ;
#1897 = CARTESIAN_POINT ( 'NONE',  ( 0.7614400000000002300, 0.5385600000000000400, -0.01144000000000000100 ) ) ;
#1898 = DIRECTION ( 'NONE',  ( -0.2762437428917283700, 0.0000000000000000000, 0.9610876102172831700 ) ) ;
#1899 = STYLED_ITEM ( 'NONE', ( #2723 ), #1731 ) ;
#1900 = PRESENTATION_LAYER_ASSIGNMENT (  '', '', ( #3868 ) ) ;
#1901 = ADVANCED_FACE ( 'NONE', ( #2022 ), #3923, .F. ) ;
#1902 = EDGE_LOOP ( 'NONE', ( #1351, #152, #2419 ) ) ;
#1903 = CIRCLE ( 'NONE', #1852, 0.01144000000000004000 ) ;
#1904 = CARTESIAN_POINT ( 'NONE',  ( 0.2999999999999999300, 0.01144000000000004000, -0.02161099590235873400 ) ) ;
#1905 =( GEOMETRIC_REPRESENTATION_CONTEXT ( 3 ) GLOBAL_UNCERTAINTY_ASSIGNED_CONTEXT ( ( #4515 ) ) GLOBAL_UNIT_ASSIGNED_CONTEXT ( ( #1125, #2516, #748 ) ) REPRESENTATION_CONTEXT ( 'NONE', 'WORKASPACE' ) );
#1906 = FILL_AREA_STYLE ('',( #4420 ) ) ;
#1907 =( LENGTH_UNIT ( ) NAMED_UNIT ( * ) SI_UNIT ( .MILLI., .METRE. ) );
#1908 = EDGE_CURVE ( 'NONE', #174, #3090, #3770, .T. ) ;
#1909 = CARTESIAN_POINT ( 'NONE',  ( 0.7505016993459099300, 0.5352093015767741500, -0.5352093015767741500 ) ) ;
#1910 = FACE_OUTER_BOUND ( 'NONE', #3396, .T. ) ;
#1911 = DIRECTION ( 'NONE',  ( 0.0000000000000000000, -1.000000000000000000, 0.0000000000000000000 ) ) ;
#1912 = ORIENTED_EDGE ( 'NONE', *, *, #214, .T. ) ;
#1913 = AXIS2_PLACEMENT_3D ( 'NONE', #155, #3319, #3679 ) ;
#1914 = ORIENTED_EDGE ( 'NONE', *, *, #1949, .T. ) ;
#1915 = DIRECTION ( 'NONE',  ( 0.2765379750249968800, 0.0000000000000000000, -0.9610029908221275900 ) ) ;
#1916 = DIRECTION ( 'NONE',  ( 1.000000000000000000, -0.0000000000000000000, -0.0000000000000000000 ) ) ;
#1917 = EDGE_CURVE ( 'NONE', #160, #1942, #4266, .T. ) ;
#1918 = CARTESIAN_POINT ( 'NONE',  ( 0.7502476055771925000, 0.01562018340978788200, -0.5360387865633360300 ) ) ;
#1919 = EDGE_LOOP ( 'NONE', ( #1301, #3755, #2979 ) ) ;
#1920 =( NAMED_UNIT ( * ) SI_UNIT ( $, .STERADIAN. ) SOLID_ANGLE_UNIT ( ) );
#1921 = DIRECTION ( 'NONE',  ( -4.738645858765299900E-015, 1.000000000000000000, 0.0000000000000000000 ) ) ;
#1922 = DIRECTION ( 'NONE',  ( 1.000000000000000000, -0.0000000000000000000, -0.0000000000000000000 ) ) ;
#1923 = AXIS2_PLACEMENT_3D ( 'NONE', #1617, #3869, #4220 ) ;
#1924 = ORIENTED_EDGE ( 'NONE', *, *, #2136, .T. ) ;
#1925 = DIRECTION ( 'NONE',  ( 0.0000000000000000000, 0.0000000000000000000, -1.000000000000000000 ) ) ;
#1926 = DIRECTION ( 'NONE',  ( -1.000000000000000000, 0.0000000000000000000, 0.0000000000000000000 ) ) ;
#1927 = PLANE ( 'NONE',  #3625 ) ;
#1928 = PRESENTATION_STYLE_ASSIGNMENT (( #2385 ) ) ;
#1929 = LINE ( 'NONE', #1972, #767 ) ;
#1930 = ORIENTED_EDGE ( 'NONE', *, *, #766, .T. ) ;
#1931 = UNCERTAINTY_MEASURE_WITH_UNIT (LENGTH_MEASURE( 1.000000000000000100E-005 ), #1181, 'distance_accuracy_value', 'NONE');
#1932 = MECHANICAL_DESIGN_GEOMETRIC_PRESENTATION_REPRESENTATION (  '', ( #137 ), #2562 ) ;
#1933 = CARTESIAN_POINT ( 'NONE',  ( 0.2999593366536778500, 0.01249022334348540000, -0.01792627073755323500 ) ) ;
#1934 = VECTOR ( 'NONE', #3373, 1000.000000000000200 ) ;
#1935 = ORIENTED_EDGE ( 'NONE', *, *, #2801, .T. ) ;
#1936 = PLANE ( 'NONE',  #3496 ) ;
#1937 = ORIENTED_EDGE ( 'NONE', *, *, #3536, .F. ) ;
#1938 = EDGE_CURVE ( 'NONE', #526, #1647, #575, .T. ) ;
#1939 = VECTOR ( 'NONE', #2844, 1000.000000000000000 ) ;
#1940 = CARTESIAN_POINT ( 'NONE',  ( 0.6131440561208637600, 0.5435600000000000400, -0.2950641444609195500 ) ) ;
#1941 = FILL_AREA_STYLE_COLOUR ( '', #2015 ) ;
#1942 = VERTEX_POINT ( 'NONE', #2187 ) ;
#1943 = AXIS2_PLACEMENT_3D ( 'NONE', #964, #2365, #1274 ) ;
#1944 = ORIENTED_EDGE ( 'NONE', *, *, #2251, .F. ) ;
#1945 = SURFACE_SIDE_STYLE ('',( #4546 ) ) ;
#1946 = SURFACE_STYLE_FILL_AREA ( #689 ) ;
#1947 = DIRECTION ( 'NONE',  ( 1.000000000000000000, 0.0000000000000000000, 1.539402763017534600E-015 ) ) ;
#1948 = VERTEX_POINT ( 'NONE', #1503 ) ;
#1949 = EDGE_CURVE ( 'NONE', #3902, #3099, #1846, .T. ) ;
#1950 = CARTESIAN_POINT ( 'NONE',  ( 0.2885599999999999800, 0.0000000000000000000, 0.0000000000000000000 ) ) ;
#1951 = LINE ( 'NONE', #3494, #4146 ) ;
#1952 = SURFACE_STYLE_FILL_AREA ( #4225 ) ;
#1953 = ORIENTED_EDGE ( 'NONE', *, *, #4442, .T. ) ;
#1954 = CYLINDRICAL_SURFACE ( 'NONE', #2680, 0.01144000000000004000 ) ;
#1955 = CYLINDRICAL_SURFACE ( 'NONE', #3596, 0.01144000000000004000 ) ;
#1956 = EDGE_CURVE ( 'NONE', #4135, #4552, #3159, .T. ) ;
#1957 = DIRECTION ( 'NONE',  ( 0.2763139702539145800, 0.0000000000000000000, -0.9610674221107063900 ) ) ;
#1958 = CARTESIAN_POINT ( 'NONE',  ( 0.5747576101742125600, 0.5435600000000000400, -0.2349049999999999700 ) ) ;
#1959 = CARTESIAN_POINT ( 'NONE',  ( 0.7614400000000002300, 0.5385600000000000400, -0.5385600000000000400 ) ) ;
#1960 = VECTOR ( 'NONE', #1322, 999.9999999999998900 ) ;
#1961 = SURFACE_SIDE_STYLE ('',( #3377 ) ) ;
#1962 = DIRECTION ( 'NONE',  ( 0.004650693823683970900, 0.0000000000000000000, -0.9999891854650021500 ) ) ;
#1963 = DIRECTION ( 'NONE',  ( 0.0000000000000000000, 0.0000000000000000000, -1.000000000000000000 ) ) ;
#1964 =( GEOMETRIC_REPRESENTATION_CONTEXT ( 3 ) GLOBAL_UNCERTAINTY_ASSIGNED_CONTEXT ( ( #4363 ) ) GLOBAL_UNIT_ASSIGNED_CONTEXT ( ( #47, #403, #1416 ) ) REPRESENTATION_CONTEXT ( 'NONE', 'WORKASPACE' ) );
#1965 = PRESENTATION_LAYER_ASSIGNMENT (  '', '', ( #311 ) ) ;
#1966 = VECTOR ( 'NONE', #3389, 1000.000000000000000 ) ;
#1967 = CARTESIAN_POINT ( 'NONE',  ( 0.2885599999999999800, 0.01144000000000000100, -0.5385600000000000400 ) ) ;
#1968 = CARTESIAN_POINT ( 'NONE',  ( 0.2885599999999999300, 0.01144000000000000100, -0.5385600000000000400 ) ) ;
#1969 = CARTESIAN_POINT ( 'NONE',  ( 0.7500000000000002200, 0.5385600000000000400, -0.02288000000000008100 ) ) ;
#1970 = CARTESIAN_POINT ( 'NONE',  ( 0.2999824497279283100, 0.01207343682632975800, -0.01912609638196809500 ) ) ;
#1971 = EDGE_LOOP ( 'NONE', ( #277, #3581, #3857, #2696 ) ) ;
#1972 = CARTESIAN_POINT ( 'NONE',  ( 0.6349095247834534200, 0.5435600000000000400, -0.2490443306742744500 ) ) ;
#1973 =( NAMED_UNIT ( * ) PLANE_ANGLE_UNIT ( ) SI_UNIT ( $, .RADIAN. ) );
#1974 = CARTESIAN_POINT ( 'NONE',  ( 0.7500000000000002200, 0.0000000000000000000, -0.5385600000000000400 ) ) ;
#1975 = CARTESIAN_POINT ( 'NONE',  ( 0.6525458443711919000, 0.5435600000000000400, -0.2349050000000000000 ) ) ;
#1976 = EDGE_LOOP ( 'NONE', ( #4548, #392, #4243, #2857 ) ) ;
#1977 =( NAMED_UNIT ( * ) SI_UNIT ( $, .STERADIAN. ) SOLID_ANGLE_UNIT ( ) );
#1978 = DIRECTION ( 'NONE',  ( 0.0000000000000000000, -1.000000000000000000, 0.0000000000000000000 ) ) ;
#1979 = DIRECTION ( 'NONE',  ( -0.2759782365590802100, 0.0000000000000000000, 0.9611638845408937400 ) ) ;
#1980 = STYLED_ITEM ( 'NONE', ( #2820 ), #4485 ) ;
#1981 = FACE_OUTER_BOUND ( 'NONE', #2986, .T. ) ;
#1982 = ORIENTED_EDGE ( 'NONE', *, *, #1887, .F. ) ;
#1983 = FILL_AREA_STYLE ('',( #4085 ) ) ;
#1984 = DIRECTION ( 'NONE',  ( 1.000000000000000000, -0.0000000000000000000, -0.0000000000000000000 ) ) ;
#1985 = ORIENTED_EDGE ( 'NONE', *, *, #3153, .F. ) ;
#1986 = EDGE_CURVE ( 'NONE', #1882, #1477, #4101, .T. ) ;
#1987 = LINE ( 'NONE', #2203, #431 ) ;
#1988 = ORIENTED_EDGE ( 'NONE', *, *, #810, .T. ) ;
#1989 = B_SPLINE_CURVE_WITH_KNOTS ( 'NONE', 3,
 ( #1514, #3956, #3942, #2241, #107, #3267, #409, #92, #3279, #3984 ),
 .UNSPECIFIED., .F., .F.,
 ( 4, 3, 3, 4 ),
 ( 0.0000000000000000000, 3.600817818562714800E-006, 7.182643422685274000E-006, 8.953374655983221200E-006 ),
 .UNSPECIFIED. ) ;
#1990 = CARTESIAN_POINT ( 'NONE',  ( 0.2999968528092914500, 0.5382331090141356800, -0.01991297509093086600 ) ) ;
#1991 = ADVANCED_FACE ( 'NONE', ( #792 ), #2134, .T. ) ;
#1992 = STYLED_ITEM ( 'NONE', ( #1507 ), #1853 ) ;
#1993 = AXIS2_PLACEMENT_3D ( 'NONE', #4153, #2028, #2061 ) ;
#1994 = CARTESIAN_POINT ( 'NONE',  ( 0.3785113022970459900, 0.5435600000000000400, -0.3092102531213381500 ) ) ;
#1995 = CARTESIAN_POINT ( 'NONE',  ( 0.6525458443711919000, 0.5435600000000000400, -0.2349050000000000000 ) ) ;
#1996 = LINE ( 'NONE', #4142, #4341 ) ;
#1997 = ORIENTED_EDGE ( 'NONE', *, *, #2543, .T. ) ;
#1998 = UNCERTAINTY_MEASURE_WITH_UNIT (LENGTH_MEASURE( 1.000000000000000100E-005 ), #3479, 'distance_accuracy_value', 'NONE');
#1999 = CARTESIAN_POINT ( 'NONE',  ( 1.050000000000000000, 0.01144000000000000100, -0.5500000000000000400 ) ) ;
#2000 = SURFACE_STYLE_FILL_AREA ( #3171 ) ;
#2001 = SURFACE_SIDE_STYLE ('',( #2159 ) ) ;
#2002 = AXIS2_PLACEMENT_3D ( 'NONE', #1311, #2742, #2757 ) ;
#2003 = EDGE_LOOP ( 'NONE', ( #1366, #875, #317, #4175 ) ) ;
#2004 = SURFACE_STYLE_FILL_AREA ( #4372 ) ;
#2005 = CARTESIAN_POINT ( 'NONE',  ( 0.7499997171113205200, 0.01148701926854507400, -0.02168417366013225900 ) ) ;
#2006 = PLANE ( 'NONE',  #2584 ) ;
#2007 = ORIENTED_EDGE ( 'NONE', *, *, #1325, .F. ) ;
#2008 = CIRCLE ( 'NONE', #2920, 0.01143999999999993100 ) ;
#2009 = APPLICATION_CONTEXT ( 'automotive_design' ) ;
#2010 = STYLED_ITEM ( 'NONE', ( #2780 ), #3807 ) ;
#2011 = SURFACE_STYLE_USAGE ( .BOTH. , #2329 ) ;
#2012 = PLANE ( 'NONE',  #310 ) ;
#2013 = ORIENTED_EDGE ( 'NONE', *, *, #4022, .F. ) ;
#2014 = CARTESIAN_POINT ( 'NONE',  ( 0.7505016993459099300, 0.01479069842322593300, -0.5352093015767741500 ) ) ;
#2015 = COLOUR_RGB ( '',0.6470588235294118000, 0.5176470588235293500, 0.0000000000000000000 ) ;
#2016 = LINE ( 'NONE', #3186, #4358 ) ;
#2017 = DIRECTION ( 'NONE',  ( 0.0000000000000000000, -1.000000000000000000, 0.0000000000000000000 ) ) ;
#2018 = DIRECTION ( 'NONE',  ( 0.0000000000000000000, -0.0000000000000000000, -1.000000000000000000 ) ) ;
#2019 = EDGE_CURVE ( 'NONE', #1211, #3680, #2682, .T. ) ;
#2020 = ADVANCED_FACE ( 'NONE', ( #4475 ), #473, .F. ) ;
#2021 = DIRECTION ( 'NONE',  ( 0.0000000000000000000, 0.0000000000000000000, 1.000000000000000000 ) ) ;
#2022 = FACE_OUTER_BOUND ( 'NONE', #2973, .T. ) ;
#2023 = CIRCLE ( 'NONE', #2249, 0.01144000000000004000 ) ;
#2024 = VECTOR ( 'NONE', #3760, 1000.000000000000000 ) ;
#2025 = MECHANICAL_DESIGN_GEOMETRIC_PRESENTATION_REPRESENTATION (  '', ( #568 ), #1356 ) ;
#2026 = CARTESIAN_POINT ( 'NONE',  ( 0.2885599999999999300, 0.5500000000000000400, -0.01144000000000000100 ) ) ;
#2027 = UNCERTAINTY_MEASURE_WITH_UNIT (LENGTH_MEASURE( 1.000000000000000100E-005 ), #3227, 'distance_accuracy_value', 'NONE');
#2028 = DIRECTION ( 'NONE',  ( 0.0000000000000000000, 0.0000000000000000000, -1.000000000000000000 ) ) ;
#2029 = LINE ( 'NONE', #2633, #691 ) ;
#2030 = STYLED_ITEM ( 'NONE', ( #1332 ), #2420 ) ;
#2031 =( NAMED_UNIT ( * ) PLANE_ANGLE_UNIT ( ) SI_UNIT ( $, .RADIAN. ) );
#2032 = CARTESIAN_POINT ( 'NONE',  ( 0.4074962297279055600, 0.5435600000000000400, -0.2349050000000000000 ) ) ;
#2033 = DIRECTION ( 'NONE',  ( 0.0000000000000000000, -1.000000000000000000, 0.0000000000000000000 ) ) ;
#2034 = FACE_OUTER_BOUND ( 'NONE', #1089, .T. ) ;
#2035 = ORIENTED_EDGE ( 'NONE', *, *, #4034, .F. ) ;
#2036 = PRESENTATION_STYLE_ASSIGNMENT (( #3667 ) ) ;
#2037 = VERTEX_POINT ( 'NONE', #2611 ) ;
#2038 =( GEOMETRIC_REPRESENTATION_CONTEXT ( 3 ) GLOBAL_UNCERTAINTY_ASSIGNED_CONTEXT ( ( #1176 ) ) GLOBAL_UNIT_ASSIGNED_CONTEXT ( ( #3151, #2403, #3858 ) ) REPRESENTATION_CONTEXT ( 'NONE', 'WORKASPACE' ) );
#2039 = CARTESIAN_POINT ( 'NONE',  ( 0.5747576101742125600, 0.5435600000000000400, -0.2349049999999999700 ) ) ;
#2040 = ADVANCED_FACE ( 'NONE', ( #2735 ), #168, .F. ) ;
#2041 = SURFACE_STYLE_FILL_AREA ( #1052 ) ;
#2042 = VERTEX_POINT ( 'NONE', #3299 ) ;
#2043 = CARTESIAN_POINT ( 'NONE',  ( 0.6308974089336167900, 0.5435600000000000400, -0.2349049999999999700 ) ) ;
#2044 = EDGE_CURVE ( 'NONE', #4224, #2624, #4318, .T. ) ;
#2045 = DIRECTION ( 'NONE',  ( 0.0000000000000000000, 1.000000000000000000, 0.0000000000000000000 ) ) ;
#2046 =( NAMED_UNIT ( * ) SI_UNIT ( $, .STERADIAN. ) SOLID_ANGLE_UNIT ( ) );
#2047 = SURFACE_STYLE_FILL_AREA ( #1342 ) ;
#2048 = ORIENTED_EDGE ( 'NONE', *, *, #3011, .T. ) ;
#2049 = CARTESIAN_POINT ( 'NONE',  ( 0.2999999999999999300, 0.5385600000000000400, -0.01144000000000004000 ) ) ;
#2050 = CYLINDRICAL_SURFACE ( 'NONE', #2242, 0.01143999999999998500 ) ;
#2051 = EDGE_CURVE ( 'NONE', #3743, #1698, #87, .T. ) ;
#2052 = ORIENTED_EDGE ( 'NONE', *, *, #942, .T. ) ;
#2053 = MANIFOLD_SOLID_BREP ( 'Fillet3', #3851 ) ;
#2054 = LINE ( 'NONE', #2610, #547 ) ;
#2055 = SURFACE_SIDE_STYLE ('',( #1549 ) ) ;
#2056 = COLOUR_RGB ( '',0.7686274509803920900, 0.7686274509803920900, 0.7686274509803920900 ) ;
#2057 = ORIENTED_EDGE ( 'NONE', *, *, #3071, .F. ) ;
#2058 = AXIS2_PLACEMENT_3D ( 'NONE', #2943, #1172, #3653 ) ;
#2059 = PRESENTATION_LAYER_ASSIGNMENT (  '', '', ( #4481 ) ) ;
#2060 = EDGE_LOOP ( 'NONE', ( #3198, #4186, #1100, #1014, #320, #868, #3569, #2770 ) ) ;
#2061 = DIRECTION ( 'NONE',  ( -1.000000000000000000, 0.0000000000000000000, 0.0000000000000000000 ) ) ;
#2062 = ORIENTED_EDGE ( 'NONE', *, *, #286, .T. ) ;
#2063 = FILL_AREA_STYLE ('',( #1695 ) ) ;
#2064 = DIRECTION ( 'NONE',  ( 1.000000000000000000, 0.0000000000000000000, 0.0000000000000000000 ) ) ;
#2065 = ORIENTED_EDGE ( 'NONE', *, *, #1487, .T. ) ;
#2066 = ADVANCED_FACE ( 'NONE', ( #1463 ), #847, .F. ) ;
#2067 = VECTOR ( 'NONE', #2887, 1000.000000000000000 ) ;
#2068 = CARTESIAN_POINT ( 'NONE',  ( 0.7614400000000002300, 0.0000000000000000000, 0.0000000000000000000 ) ) ;
#2069 = ORIENTED_EDGE ( 'NONE', *, *, #498, .T. ) ;
#2070 = SURFACE_STYLE_FILL_AREA ( #389 ) ;
#2071 = CARTESIAN_POINT ( 'NONE',  ( 0.5660212380781566300, 0.5435600000000000400, -0.3013755790968982200 ) ) ;
#2072 = FACE_OUTER_BOUND ( 'NONE', #1420, .T. ) ;
#2073 = VECTOR ( 'NONE', #1588, 1000.000000000000000 ) ;
#2074 = CARTESIAN_POINT ( 'NONE',  ( 0.5111220366907292000, 0.5435600000000000400, -0.2349049999999999700 ) ) ;
#2075 = AXIS2_PLACEMENT_3D ( 'NONE', #1714, #265, #659 ) ;
#2076 = DIRECTION ( 'NONE',  ( 0.2762437428917283700, 0.0000000000000000000, -0.9610876102172832800 ) ) ;
#2077 = CARTESIAN_POINT ( 'NONE',  ( 0.4157862745226992800, 0.5385600000000000400, -0.2349049999999999500 ) ) ;
#2078 = SURFACE_STYLE_USAGE ( .BOTH. , #678 ) ;
#2079 = EDGE_CURVE ( 'NONE', #2227, #4143, #4035, .T. ) ;
#2080 = DIRECTION ( 'NONE',  ( 1.000000000000000000, 0.0000000000000000000, 0.0000000000000000000 ) ) ;
#2081 = DIRECTION ( 'NONE',  ( 0.0000000000000000000, -1.000000000000000000, 0.0000000000000000000 ) ) ;
#2082 = CARTESIAN_POINT ( 'NONE',  ( 0.6349095247834534200, 0.5385600000000000400, -0.2490443306742744500 ) ) ;
#2083 = UNCERTAINTY_MEASURE_WITH_UNIT (LENGTH_MEASURE( 1.000000000000000100E-005 ), #1520, 'distance_accuracy_value', 'NONE');
#2084 = AXIS2_PLACEMENT_3D ( 'NONE', #2170, #784, #1095 ) ;
#2085 = PRESENTATION_LAYER_ASSIGNMENT (  '', '', ( #1201 ) ) ;
#2086 = ADVANCED_FACE ( 'NONE', ( #2072 ), #1199, .F. ) ;
#2087 = FACE_OUTER_BOUND ( 'NONE', #2264, .T. ) ;
#2088 = ORIENTED_EDGE ( 'NONE', *, *, #4204, .T. ) ;
#2089 = FILL_AREA_STYLE ('',( #1771 ) ) ;
#2090 = CARTESIAN_POINT ( 'NONE',  ( 0.7112903907351556500, 0.5435600000000000400, -0.2948616750556482000 ) ) ;
#2091 = DIRECTION ( 'NONE',  ( 0.0000000000000000000, 1.000000000000000000, 0.0000000000000000000 ) ) ;
#2092 = VECTOR ( 'NONE', #1270, 1000.000000000000000 ) ;
#2093 =( GEOMETRIC_REPRESENTATION_CONTEXT ( 3 ) GLOBAL_UNCERTAINTY_ASSIGNED_CONTEXT ( ( #1240 ) ) GLOBAL_UNIT_ASSIGNED_CONTEXT ( ( #1298, #2377, #2391 ) ) REPRESENTATION_CONTEXT ( 'NONE', 'WORKASPACE' ) );
#2094 = ORIENTED_EDGE ( 'NONE', *, *, #145, .T. ) ;
#2095 = DIRECTION ( 'NONE',  ( -0.0000000000000000000, 0.0000000000000000000, 1.000000000000000000 ) ) ;
#2096 = VECTOR ( 'NONE', #1141, 1000.000000000000100 ) ;
#2097 = ORIENTED_EDGE ( 'NONE', *, *, #993, .T. ) ;
#2098 = MECHANICAL_DESIGN_GEOMETRIC_PRESENTATION_REPRESENTATION (  '', ( #3440 ), #3741 ) ;
#2099 = LINE ( 'NONE', #589, #2418 ) ;
#2100 = EDGE_LOOP ( 'NONE', ( #2188, #3044, #3757, #1912 ) ) ;
#2101 = EDGE_LOOP ( 'NONE', ( #1555, #2110, #1944 ) ) ;
#2102 = FACE_OUTER_BOUND ( 'NONE', #3513, .T. ) ;
#2103 = DIRECTION ( 'NONE',  ( 0.0000000000000000000, -1.000000000000000000, 0.0000000000000000000 ) ) ;
#2104 = ORIENTED_EDGE ( 'NONE', *, *, #4434, .F. ) ;
#2105 = EDGE_CURVE ( 'NONE', #1140, #2366, #3265, .T. ) ;
#2106 = CARTESIAN_POINT ( 'NONE',  ( 0.01143999999999993100, 0.5385600000000000400, -0.5385600000000000400 ) ) ;
#2107 =( NAMED_UNIT ( * ) PLANE_ANGLE_UNIT ( ) SI_UNIT ( $, .RADIAN. ) );
#2108 = CARTESIAN_POINT ( 'NONE',  ( 1.038560000000000100, 0.5385600000000000400, -0.5385600000000000400 ) ) ;
#2109 = COLOUR_RGB ( '',0.7686274509803920900, 0.7686274509803920900, 0.7686274509803920900 ) ;
#2110 = ORIENTED_EDGE ( 'NONE', *, *, #3608, .T. ) ;
#2111 = CARTESIAN_POINT ( 'NONE',  ( 0.3785113022970459900, 0.5435600000000000400, -0.3092102531213381500 ) ) ;
#2112 = AXIS2_PLACEMENT_3D ( 'NONE', #1968, #4429, #587 ) ;
#2113 = LINE ( 'NONE', #1451, #4018 ) ;
#2114 = PRESENTATION_STYLE_ASSIGNMENT (( #2708 ) ) ;
#2115 = ORIENTED_EDGE ( 'NONE', *, *, #4119, .F. ) ;
#2116 = ORIENTED_EDGE ( 'NONE', *, *, #2247, .T. ) ;
#2117 = COLOUR_RGB ( '',0.7686274509803920900, 0.7686274509803920900, 0.7686274509803920900 ) ;
#2118 = LINE ( 'NONE', #4260, #1153 ) ;
#2119 = DIRECTION ( 'NONE',  ( 0.0000000000000000000, 0.0000000000000000000, -1.000000000000000000 ) ) ;
#2120 = AXIS2_PLACEMENT_3D ( 'NONE', #3619, #1170, #2638 ) ;
#2121 = DIRECTION ( 'NONE',  ( 0.0000000000000000000, -1.000000000000000000, 0.0000000000000000000 ) ) ;
#2122 = ORIENTED_EDGE ( 'NONE', *, *, #3915, .F. ) ;
#2123 = SURFACE_STYLE_USAGE ( .BOTH. , #3167 ) ;
#2124 = SURFACE_SIDE_STYLE ('',( #2498 ) ) ;
#2125 = PLANE ( 'NONE',  #408 ) ;
#2126 = ORIENTED_EDGE ( 'NONE', *, *, #908, .T. ) ;
#2127 = DIRECTION ( 'NONE',  ( 0.2755265765475200500, 0.0000000000000000000, -0.9612934544747527800 ) ) ;
#2128 = FACE_OUTER_BOUND ( 'NONE', #1752, .T. ) ;
#2129 = VECTOR ( 'NONE', #3165, 1000.000000000000000 ) ;
#2130 = FILL_AREA_STYLE_COLOUR ( '', #1029 ) ;
#2131 = DIRECTION ( 'NONE',  ( 0.9610992334315843200, 0.0000000000000000000, 0.2762033010252067900 ) ) ;
#2132 = CARTESIAN_POINT ( 'NONE',  ( 0.7500960386105358600, 0.01312106662224134600, -0.5332209120377449100 ) ) ;
#2133 = AXIS2_PLACEMENT_3D ( 'NONE', #4149, #4491, #4106 ) ;
#2134 = SPHERICAL_SURFACE ( 'NONE', #3077, 0.01144000000000000100 ) ;
#2135 = FILL_AREA_STYLE_COLOUR ( '', #1412 ) ;
#2136 = EDGE_CURVE ( 'NONE', #4182, #1531, #624, .T. ) ;
#2137 = VECTOR ( 'NONE', #4177, 1000.000000000000000 ) ;
#2138 =( NAMED_UNIT ( * ) SI_UNIT ( $, .STERADIAN. ) SOLID_ANGLE_UNIT ( ) );
#2139 = SURFACE_STYLE_USAGE ( .BOTH. , #2124 ) ;
#2140 = EDGE_CURVE ( 'NONE', #1942, #2889, #3844, .T. ) ;
#2141 = DIRECTION ( 'NONE',  ( -0.0000000000000000000, 1.000000000000000000, -0.0000000000000000000 ) ) ;
#2142 = CARTESIAN_POINT ( 'NONE',  ( 0.3686929376419000900, 0.5435600000000000400, -0.2752507357681145400 ) ) ;
#2143 = CARTESIAN_POINT ( 'NONE',  ( 0.2999824497279283100, 0.01912609638196810900, -0.5379265631736702700 ) ) ;
#2144 = CARTESIAN_POINT ( 'NONE',  ( 0.0000000000000000000, 0.5385600000000000400, -0.5385600000000000400 ) ) ;
#2145 = ORIENTED_EDGE ( 'NONE', *, *, #3240, .F. ) ;
#2146 = MECHANICAL_DESIGN_GEOMETRIC_PRESENTATION_REPRESENTATION (  '', ( #1899 ), #2372 ) ;
#2147 = CARTESIAN_POINT ( 'NONE',  ( 0.2885599999999999300, 0.5385600000000000400, -0.5500000000000000400 ) ) ;
#2148 = LINE ( 'NONE', #3635, #1024 ) ;
#2149 = EDGE_LOOP ( 'NONE', ( #4173, #3455, #732, #4499 ) ) ;
#2150 = CARTESIAN_POINT ( 'NONE',  ( 0.4994740677989998900, 0.5435600000000000400, -0.3092102531213381500 ) ) ;
#2151 = CARTESIAN_POINT ( 'NONE',  ( 0.4541912470239822800, 0.5435600000000000400, -0.2950666297225400500 ) ) ;
#2152 = SURFACE_SIDE_STYLE ('',( #2321 ) ) ;
#2153 = STYLED_ITEM ( 'NONE', ( #4301 ), #2919 ) ;
#2154 = PLANE ( 'NONE',  #90 ) ;
#2155 = ORIENTED_EDGE ( 'NONE', *, *, #3416, .T. ) ;
#2156 = CARTESIAN_POINT ( 'NONE',  ( 0.2885599999999999800, 0.5500000000000000400, 0.0000000000000000000 ) ) ;
#2157 = CARTESIAN_POINT ( 'NONE',  ( 0.2999999999999999300, 0.02161099590235873700, -0.5385600000000000400 ) ) ;
#2158 = CARTESIAN_POINT ( 'NONE',  ( 1.050000000000000000, 0.01144000000000000100, -0.5385600000000000400 ) ) ;
#2159 = SURFACE_STYLE_FILL_AREA ( #3766 ) ;
#2160 = EDGE_CURVE ( 'NONE', #2762, #16, #2396, .T. ) ;
#2161 = ORIENTED_EDGE ( 'NONE', *, *, #3100, .T. ) ;
#2162 = AXIS2_PLACEMENT_3D ( 'NONE', #811, #4410, #3370 ) ;
#2163 = PRESENTATION_STYLE_ASSIGNMENT (( #3261 ) ) ;
#2164 = ORIENTED_EDGE ( 'NONE', *, *, #2801, .F. ) ;
#2165 = LINE ( 'NONE', #1124, #2603 ) ;
#2166 = EDGE_CURVE ( 'NONE', #493, #4487, #518, .T. ) ;
#2167 = UNCERTAINTY_MEASURE_WITH_UNIT (LENGTH_MEASURE( 1.000000000000000100E-005 ), #1867, 'distance_accuracy_value', 'NONE');
#2168 = ORIENTED_EDGE ( 'NONE', *, *, #207, .T. ) ;
#2169 = DIRECTION ( 'NONE',  ( -0.05596501978068185000, 0.0000000000000000000, 0.9984327301130245800 ) ) ;
#2170 = CARTESIAN_POINT ( 'NONE',  ( 1.038560000000000100, 0.01144000000000000100, -0.01144000000000000100 ) ) ;
#2171 =( LENGTH_UNIT ( ) NAMED_UNIT ( * ) SI_UNIT ( .MILLI., .METRE. ) );
#2172 = EDGE_LOOP ( 'NONE', ( #79, #1567, #3467, #3141 ) ) ;
#2173 = PRESENTATION_STYLE_ASSIGNMENT (( #3298 ) ) ;
#2174 = VECTOR ( 'NONE', #1947, 1000.000000000000000 ) ;
#2175 = DIRECTION ( 'NONE',  ( -1.000000000000000000, 0.0000000000000000000, 0.0000000000000000000 ) ) ;
#2176 = ORIENTED_EDGE ( 'NONE', *, *, #178, .F. ) ;
#2177 = CARTESIAN_POINT ( 'NONE',  ( 0.01143999999999993100, 0.5385600000000000400, -0.01144000000000000100 ) ) ;
#2178 = DIRECTION ( 'NONE',  ( 1.000000000000000000, 0.0000000000000000000, 0.0000000000000000000 ) ) ;
#2179 =( NAMED_UNIT ( * ) SI_UNIT ( $, .STERADIAN. ) SOLID_ANGLE_UNIT ( ) );
#2180 = AXIS2_PLACEMENT_3D ( 'NONE', #4113, #4100, #2018 ) ;
#2181 = ORIENTED_EDGE ( 'NONE', *, *, #352, .T. ) ;
#2182 = FACE_OUTER_BOUND ( 'NONE', #590, .T. ) ;
#2183 = CARTESIAN_POINT ( 'NONE',  ( 0.2885599999999999800, 0.0000000000000000000, -0.5500000000000000400 ) ) ;
#2184 = AXIS2_PLACEMENT_3D ( 'NONE', #1883, #4361, #4027 ) ;
#2185 = DIRECTION ( 'NONE',  ( 0.0000000000000000000, -0.0000000000000000000, -1.000000000000000000 ) ) ;
#2186 = CARTESIAN_POINT ( 'NONE',  ( 0.7505016993459099300, 0.5352093015767741500, -0.01479069842322597100 ) ) ;
#2187 = CARTESIAN_POINT ( 'NONE',  ( 0.2994983006540903300, 0.5352093015767741500, -0.01479069842322597100 ) ) ;
#2188 = ORIENTED_EDGE ( 'NONE', *, *, #2778, .T. ) ;
#2189 = EDGE_CURVE ( 'NONE', #487, #4193, #3105, .T. ) ;
#2190 = DIRECTION ( 'NONE',  ( 0.2793947940878429000, 0.0000000000000000000, -0.9601763114327556100 ) ) ;
#2191 = CARTESIAN_POINT ( 'NONE',  ( 0.2997321521107694200, 0.01579117005169389900, -0.5360989804523674800 ) ) ;
#2192 = FILL_AREA_STYLE ('',( #3561 ) ) ;
#2193 = STYLED_ITEM ( 'NONE', ( #3881 ), #3586 ) ;
#2194 = ADVANCED_FACE ( 'NONE', ( #4152 ), #4436, .F. ) ;
#2195 = FILL_AREA_STYLE ('',( #469 ) ) ;
#2196 = EDGE_CURVE ( 'NONE', #1329, #3207, #357, .T. ) ;
#2197 = DIRECTION ( 'NONE',  ( -1.000000000000000000, 0.0000000000000000000, 0.0000000000000000000 ) ) ;
#2198 = DIRECTION ( 'NONE',  ( 1.000000000000000000, 0.0000000000000000000, 0.0000000000000000000 ) ) ;
#2199 = DIRECTION ( 'NONE',  ( 1.000000000000000000, 0.0000000000000000000, 0.0000000000000000000 ) ) ;
#2200 = ORIENTED_EDGE ( 'NONE', *, *, #4525, .F. ) ;
#2201 = EDGE_CURVE ( 'NONE', #785, #113, #1521, .T. ) ;
#2202 = CARTESIAN_POINT ( 'NONE',  ( 0.2999824497279282600, 0.5379265631736702700, -0.5308739036180318800 ) ) ;
#2203 = CARTESIAN_POINT ( 'NONE',  ( 0.7614400000000002300, 0.0000000000000000000, 0.0000000000000000000 ) ) ;
#2204 = CARTESIAN_POINT ( 'NONE',  ( 0.7614400000000002300, 0.5385600000000000400, 0.0000000000000000000 ) ) ;
#2205 = ORIENTED_EDGE ( 'NONE', *, *, #841, .T. ) ;
#2206 = AXIS2_PLACEMENT_3D ( 'NONE', #2704, #1286, #248 ) ;
#2207 =( GEOMETRIC_REPRESENTATION_CONTEXT ( 3 ) GLOBAL_UNCERTAINTY_ASSIGNED_CONTEXT ( ( #4176 ) ) GLOBAL_UNIT_ASSIGNED_CONTEXT ( ( #2300, #231, #3754 ) ) REPRESENTATION_CONTEXT ( 'NONE', 'WORKASPACE' ) );
#2208 = EDGE_LOOP ( 'NONE', ( #2934, #2712, #2007 ) ) ;
#2209 = DIRECTION ( 'NONE',  ( -1.000000000000000000, 0.0000000000000000000, 0.0000000000000000000 ) ) ;
#2210 = VECTOR ( 'NONE', #4416, 1000.000000000000000 ) ;
#2211 = PLANE ( 'NONE',  #173 ) ;
#2212 = ORIENTED_EDGE ( 'NONE', *, *, #1471, .F. ) ;
#2213 = ADVANCED_FACE ( 'NONE', ( #2128 ), #1954, .T. ) ;
#2214 = CARTESIAN_POINT ( 'NONE',  ( 0.4409886340153633100, 0.5435600000000000400, -0.2490416194800628700 ) ) ;
#2215 = CARTESIAN_POINT ( 'NONE',  ( 1.038560000000000100, 0.5385600000000000400, -0.01144000000000000100 ) ) ;
#2216 = VECTOR ( 'NONE', #3497, 1000.000000000000000 ) ;
#2217 = ORIENTED_EDGE ( 'NONE', *, *, #1917, .T. ) ;
#2218 = CARTESIAN_POINT ( 'NONE',  ( 0.2885599999999999300, 0.5385600000000000400, -0.5385600000000000400 ) ) ;
#2219 = DIRECTION ( 'NONE',  ( 1.000000000000000000, 0.0000000000000000000, 0.0000000000000000000 ) ) ;
#2220 = DIRECTION ( 'NONE',  ( 0.0000000000000000000, -1.000000000000000000, 0.0000000000000000000 ) ) ;
#2221 = VERTEX_POINT ( 'NONE', #184 ) ;
#2222 =( NAMED_UNIT ( * ) SI_UNIT ( $, .STERADIAN. ) SOLID_ANGLE_UNIT ( ) );
#2223 = DIRECTION ( 'NONE',  ( 0.0000000000000000000, 1.000000000000000000, 0.0000000000000000000 ) ) ;
#2224 = UNCERTAINTY_MEASURE_WITH_UNIT (LENGTH_MEASURE( 1.000000000000000100E-005 ), #3215, 'distance_accuracy_value', 'NONE');
#2225 = ORIENTED_EDGE ( 'NONE', *, *, #1195, .T. ) ;
#2226 = DIRECTION ( 'NONE',  ( 0.0000000000000000000, -1.000000000000000000, 0.0000000000000000000 ) ) ;
#2227 = VERTEX_POINT ( 'NONE', #1245 ) ;
#2228 = EDGE_CURVE ( 'NONE', #323, #340, #1004, .T. ) ;
#2229 = FACE_OUTER_BOUND ( 'NONE', #1716, .T. ) ;
#2230 = FACE_OUTER_BOUND ( 'NONE', #3307, .T. ) ;
#2231 = CARTESIAN_POINT ( 'NONE',  ( 0.2999999999999999300, 0.02288000000000003900, -0.5385600000000000400 ) ) ;
#2232 = CARTESIAN_POINT ( 'NONE',  ( 0.2994983006540903300, 0.01479069842322600400, -0.01479069842322586600 ) ) ;
#2233 = ORIENTED_EDGE ( 'NONE', *, *, #1378, .F. ) ;
#2234 = CARTESIAN_POINT ( 'NONE',  ( 0.2995942064208097500, 0.5355223845629195600, -0.5348962185903070000 ) ) ;
#2235 = LINE ( 'NONE', #2596, #4025 ) ;
#2236 = PLANE ( 'NONE',  #601 ) ;
#2237 = AXIS2_PLACEMENT_3D ( 'NONE', #3997, #2265, #351 ) ;
#2238 = MECHANICAL_DESIGN_GEOMETRIC_PRESENTATION_REPRESENTATION (  '', ( #1809 ), #2930 ) ;
#2239 = ADVANCED_FACE ( 'NONE', ( #2678 ), #2006, .T. ) ;
#2240 = VERTEX_POINT ( 'NONE', #4077 ) ;
#2241 = CARTESIAN_POINT ( 'NONE',  ( 0.2999316151976898500, 0.5323177733764917800, -0.5373110132924372500 ) ) ;
#2242 = AXIS2_PLACEMENT_3D ( 'NONE', #3073, #4435, #2399 ) ;
#2243 = COLOUR_RGB ( '',0.7686274509803920900, 0.7686274509803920900, 0.7686274509803920900 ) ;
#2244 = DIRECTION ( 'NONE',  ( 0.0000000000000000000, 0.0000000000000000000, -1.000000000000000000 ) ) ;
#2245 = CARTESIAN_POINT ( 'NONE',  ( 0.5545887168147172200, 0.5435600000000000400, -0.3092102531213381500 ) ) ;
#2246 = CARTESIAN_POINT ( 'NONE',  ( 0.4462506104848485400, 0.5385600000000000400, -0.2675093720178338700 ) ) ;
#2247 = EDGE_CURVE ( 'NONE', #3743, #2407, #2566, .T. ) ;
#2248 = DIRECTION ( 'NONE',  ( 0.2740217765953990000, 0.0000000000000000000, -0.9617234872620618000 ) ) ;
#2249 = AXIS2_PLACEMENT_3D ( 'NONE', #3371, #2985, #163 ) ;
#2250 = ORIENTED_EDGE ( 'NONE', *, *, #524, .F. ) ;
#2251 = EDGE_CURVE ( 'NONE', #2905, #2694, #3487, .T. ) ;
#2252 = ORIENTED_EDGE ( 'NONE', *, *, #2341, .T. ) ;
#2253 = CARTESIAN_POINT ( 'NONE',  ( 0.7505016993459099300, 0.01479069842322593300, -0.5352093015767741500 ) ) ;
#2254 = ADVANCED_FACE ( 'NONE', ( #1734 ), #1000, .F. ) ;
#2255 = DIRECTION ( 'NONE',  ( 0.0000000000000000000, 0.0000000000000000000, -1.000000000000000000 ) ) ;
#2256 = FACE_OUTER_BOUND ( 'NONE', #3642, .T. ) ;
#2257 = ORIENTED_EDGE ( 'NONE', *, *, #1908, .T. ) ;
#2258 =( GEOMETRIC_REPRESENTATION_CONTEXT ( 3 ) GLOBAL_UNCERTAINTY_ASSIGNED_CONTEXT ( ( #4395 ) ) GLOBAL_UNIT_ASSIGNED_CONTEXT ( ( #226, #1655, #1674 ) ) REPRESENTATION_CONTEXT ( 'NONE', 'WORKASPACE' ) );
#2259 = FILL_AREA_STYLE ('',( #3964 ) ) ;
#2260 = CARTESIAN_POINT ( 'NONE',  ( 0.6697845221132360200, 0.5435600000000000400, -0.2948632901422433800 ) ) ;
#2261 = CARTESIAN_POINT ( 'NONE',  ( 0.7500000000000002200, 0.5385600000000000400, -0.5271199999999999200 ) ) ;
#2262 = ORIENTED_EDGE ( 'NONE', *, *, #1850, .T. ) ;
#2263 = PRESENTATION_STYLE_ASSIGNMENT (( #1733 ) ) ;
#2264 = EDGE_LOOP ( 'NONE', ( #1243, #2531, #444, #1953 ) ) ;
#2265 = DIRECTION ( 'NONE',  ( -0.0000000000000000000, 1.000000000000000000, 0.0000000000000000000 ) ) ;
#2266 = LINE ( 'NONE', #71, #3749 ) ;
#2267 = VERTEX_POINT ( 'NONE', #1402 ) ;
#2268 = DIRECTION ( 'NONE',  ( -0.0000000000000000000, 1.000000000000000000, -0.0000000000000000000 ) ) ;
#2269 =( NAMED_UNIT ( * ) SI_UNIT ( $, .STERADIAN. ) SOLID_ANGLE_UNIT ( ) );
#2270 = CARTESIAN_POINT ( 'NONE',  ( 0.6052034195819078200, 0.5435600000000000400, -0.2675093720176779900 ) ) ;
#2271 = AXIS2_PLACEMENT_3D ( 'NONE', #3119, #2045, #4484 ) ;
#2272 = LINE ( 'NONE', #1940, #3247 ) ;
#2273 = CARTESIAN_POINT ( 'NONE',  ( 1.050000000000000000, 0.5385600000000000400, -0.5385600000000000400 ) ) ;
#2274 = VECTOR ( 'NONE', #4065, 1000.000000000000000 ) ;
#2275 = ORIENTED_EDGE ( 'NONE', *, *, #2602, .T. ) ;
#2276 = DIRECTION ( 'NONE',  ( 0.0000000000000000000, 0.0000000000000000000, 1.000000000000000000 ) ) ;
#2277 = DIRECTION ( 'NONE',  ( -0.9610876102172832800, 0.0000000000000000000, -0.2762437428917284300 ) ) ;
#2278 = ORIENTED_EDGE ( 'NONE', *, *, #2279, .F. ) ;
#2279 = EDGE_CURVE ( 'NONE', #781, #2351, #3157, .T. ) ;
#2280 = FACE_OUTER_BOUND ( 'NONE', #1971, .T. ) ;
#2281 =( BOUNDED_CURVE ( )  B_SPLINE_CURVE ( 3, ( #1400, #2483, #2504, #2517 ),
 .UNSPECIFIED., .F., .F. ) 
 B_SPLINE_CURVE_WITH_KNOTS ( ( 4, 4 ),
 ( 1.570796326794896600, 1.868047687429716500 ),
 .UNSPECIFIED. ) 
 CURVE ( )  GEOMETRIC_REPRESENTATION_ITEM ( )  RATIONAL_B_SPLINE_CURVE ( ( 1.000000000000000000, 0.9926503465769137600, 0.9926503465769137600, 1.000000000000000000 ) ) 
 REPRESENTATION_ITEM ( '' )  );
#2282 = DIRECTION ( 'NONE',  ( 0.0000000000000000000, 1.000000000000000000, 0.0000000000000000000 ) ) ;
#2283 = ORIENTED_EDGE ( 'NONE', *, *, #4434, .T. ) ;
#2284 = VECTOR ( 'NONE', #2220, 1000.000000000000000 ) ;
#2285 = FACE_OUTER_BOUND ( 'NONE', #1551, .T. ) ;
#2286 = CARTESIAN_POINT ( 'NONE',  ( 0.7500000000000002200, 0.02288000000000003900, -0.5385600000000000400 ) ) ;
#2287 = AXIS2_PLACEMENT_3D ( 'NONE', #225, #2350, #2681 ) ;
#2288 = DIRECTION ( 'NONE',  ( 1.000000000000000000, 0.0000000000000000000, 0.0000000000000000000 ) ) ;
#2289 = DIRECTION ( 'NONE',  ( 0.0000000000000000000, 0.0000000000000000000, -1.000000000000000000 ) ) ;
#2290 = CARTESIAN_POINT ( 'NONE',  ( 0.7614400000000002300, 0.01144000000000000100, -0.01144000000000000100 ) ) ;
#2291 = CARTESIAN_POINT ( 'NONE',  ( 0.7500000000000002200, 0.5271199999999999200, -0.5385600000000000400 ) ) ;
#2292 = CARTESIAN_POINT ( 'NONE',  ( 0.2999999999999999300, 0.01144000000000004000, -0.5271199999999999200 ) ) ;
#2293 = CARTESIAN_POINT ( 'NONE',  ( 1.050000000000000000, 0.5385600000000000400, -0.5500000000000000400 ) ) ;
#2294 = VECTOR ( 'NONE', #2360, 1000.000000000000100 ) ;
#2295 = CARTESIAN_POINT ( 'NONE',  ( 0.5282604787187974400, 0.5435600000000000400, -0.2561256255860862000 ) ) ;
#2296 = PRESENTATION_LAYER_ASSIGNMENT (  '', '', ( #1809 ) ) ;
#2297 = AXIS2_PLACEMENT_3D ( 'NONE', #1470, #1815, #2882 ) ;
#2298 = COLOUR_RGB ( '',0.7686274509803920900, 0.7686274509803920900, 0.7686274509803920900 ) ;
#2299 =( NAMED_UNIT ( * ) PLANE_ANGLE_UNIT ( ) SI_UNIT ( $, .RADIAN. ) );
#2300 =( LENGTH_UNIT ( ) NAMED_UNIT ( * ) SI_UNIT ( .MILLI., .METRE. ) );
#2301 = CARTESIAN_POINT ( 'NONE',  ( 0.4074962297279055600, 0.5435600000000000400, -0.2349050000000000000 ) ) ;
#2302 = MANIFOLD_SOLID_BREP ( 'Scale1[3]', #2528 ) ;
#2303 = ORIENTED_EDGE ( 'NONE', *, *, #2740, .T. ) ;
#2304 = AXIS2_PLACEMENT_3D ( 'NONE', #3802, #3123, #617 ) ;
#2305 = SURFACE_STYLE_USAGE ( .BOTH. , #237 ) ;
#2306 = CARTESIAN_POINT ( 'NONE',  ( 0.6697845221132360200, 0.5435600000000000400, -0.2948632901422433800 ) ) ;
#2307 = LINE ( 'NONE', #4209, #1353 ) ;
#2308 = ORIENTED_EDGE ( 'NONE', *, *, #3353, .T. ) ;
#2309 = CARTESIAN_POINT ( 'NONE',  ( 0.5148300469017909100, 0.5435600000000000400, -0.3010570137547642400 ) ) ;
#2310 = EDGE_CURVE ( 'NONE', #1610, #3473, #136, .T. ) ;
#2311 = VECTOR ( 'NONE', #2884, 1000.000000000000000 ) ;
#2312 = CARTESIAN_POINT ( 'NONE',  ( 0.01143999999999993100, 0.5385600000000000400, -0.5385600000000000400 ) ) ;
#2313 = ORIENTED_EDGE ( 'NONE', *, *, #406, .F. ) ;
#2314 = PLANE ( 'NONE',  #2133 ) ;
#2315 = AXIS2_PLACEMENT_3D ( 'NONE', #3852, #1750, #2119 ) ;
#2316 = VERTEX_POINT ( 'NONE', #2823 ) ;
#2317 = CARTESIAN_POINT ( 'NONE',  ( 0.4157862745226992800, 0.5435600000000000400, -0.2349049999999999500 ) ) ;
#2318 = ORIENTED_EDGE ( 'NONE', *, *, #4180, .T. ) ;
#2319 = DIRECTION ( 'NONE',  ( -0.0000000000000000000, -0.0000000000000000000, 1.000000000000000000 ) ) ;
#2320 = DIRECTION ( 'NONE',  ( 0.0000000000000000000, 1.000000000000000000, 0.0000000000000000000 ) ) ;
#2321 = SURFACE_STYLE_FILL_AREA ( #4245 ) ;
#2322 = VERTEX_POINT ( 'NONE', #2440 ) ;
#2323 = ORIENTED_EDGE ( 'NONE', *, *, #2807, .T. ) ;
#2324 = EDGE_CURVE ( 'NONE', #3793, #1749, #2392, .T. ) ;
#2325 = CARTESIAN_POINT ( 'NONE',  ( 0.5309311526591329300, 0.5385600000000000400, -0.2349049999999999700 ) ) ;
#2326 = SURFACE_STYLE_FILL_AREA ( #19 ) ;
#2327 = ORIENTED_EDGE ( 'NONE', *, *, #443, .T. ) ;
#2328 =( GEOMETRIC_REPRESENTATION_CONTEXT ( 3 ) GLOBAL_UNCERTAINTY_ASSIGNED_CONTEXT ( ( #517 ) ) GLOBAL_UNIT_ASSIGNED_CONTEXT ( ( #1907, #3052, #1605 ) ) REPRESENTATION_CONTEXT ( 'NONE', 'WORKASPACE' ) );
#2329 = SURFACE_SIDE_STYLE ('',( #840 ) ) ;
#2330 = VERTEX_POINT ( 'NONE', #4216 ) ;
#2331 =( NAMED_UNIT ( * ) SI_UNIT ( $, .STERADIAN. ) SOLID_ANGLE_UNIT ( ) );
#2332 = VECTOR ( 'NONE', #3183, 1000.000000000000000 ) ;
#2333 = DIRECTION ( 'NONE',  ( 1.000000000000000000, 0.0000000000000000000, 0.0000000000000000000 ) ) ;
#2334 = EDGE_LOOP ( 'NONE', ( #1718, #880, #998, #3940 ) ) ;
#2335 = EDGE_CURVE ( 'NONE', #4452, #1019, #3661, .T. ) ;
#2336 = ADVANCED_FACE ( 'NONE', ( #1895 ), #1419, .F. ) ;
#2337 = VECTOR ( 'NONE', #1517, 1000.000000000000000 ) ;
#2338 = DIRECTION ( 'NONE',  ( 1.000000000000000000, 0.0000000000000000000, 0.0000000000000000000 ) ) ;
#2339 = ORIENTED_EDGE ( 'NONE', *, *, #766, .F. ) ;
#2340 = VECTOR ( 'NONE', #3343, 1000.000000000000000 ) ;
#2341 = EDGE_CURVE ( 'NONE', #16, #2037, #1951, .T. ) ;
#2342 = CARTESIAN_POINT ( 'NONE',  ( 0.2885599999999999800, 0.01144000000000000100, -0.5385600000000000400 ) ) ;
#2343 = SURFACE_STYLE_USAGE ( .BOTH. , #3706 ) ;
#2344 = VECTOR ( 'NONE', #3731, 1000.000000000000100 ) ;
#2345 = FILL_AREA_STYLE_COLOUR ( '', #3712 ) ;
#2346 = CARTESIAN_POINT ( 'NONE',  ( 0.7154139239656097700, 0.5385600000000000400, -0.3092102531213381500 ) ) ;
#2347 = CARTESIAN_POINT ( 'NONE',  ( 0.2999999999999999900, 0.5374222882447078400, -0.5374222882447078400 ) ) ;
#2348 = CARTESIAN_POINT ( 'NONE',  ( 0.3573540449120420900, 0.5435600000000000400, -0.3092102531213381500 ) ) ;
#2349 = PRESENTATION_LAYER_ASSIGNMENT (  '', '', ( #1870 ) ) ;
#2350 = DIRECTION ( 'NONE',  ( -0.9612861490927331300, 0.0000000000000000000, -0.2755520632520533400 ) ) ;
#2351 = VERTEX_POINT ( 'NONE', #1036 ) ;
#2352 = PRESENTATION_LAYER_ASSIGNMENT (  '', '', ( #2464 ) ) ;
#2353 = CARTESIAN_POINT ( 'NONE',  ( 0.7501684713375861300, 0.5362971191700607300, -0.5362971191700607300 ) ) ;
#2354 = CARTESIAN_POINT ( 'NONE',  ( 0.7500000000000002200, 0.01144000000000004000, -0.02288000000000008100 ) ) ;
#2355 = CARTESIAN_POINT ( 'NONE',  ( 0.0000000000000000000, 0.0000000000000000000, 0.0000000000000000000 ) ) ;
#2356 = UNCERTAINTY_MEASURE_WITH_UNIT (LENGTH_MEASURE( 1.000000000000000100E-005 ), #3360, 'distance_accuracy_value', 'NONE');
#2357 = ADVANCED_FACE ( 'NONE', ( #4471 ), #4527, .T. ) ;
#2358 = FACE_OUTER_BOUND ( 'NONE', #3460, .T. ) ;
#2359 = ORIENTED_EDGE ( 'NONE', *, *, #3542, .F. ) ;
#2360 = DIRECTION ( 'NONE',  ( 0.2759782365590801600, 0.0000000000000000000, -0.9611638845408936300 ) ) ;
#2361 = FILL_AREA_STYLE_COLOUR ( '', #42 ) ;
#2362 = ORIENTED_EDGE ( 'NONE', *, *, #4270, .T. ) ;
#2363 = EDGE_CURVE ( 'NONE', #2351, #1413, #404, .T. ) ;
#2364 = DIRECTION ( 'NONE',  ( 0.0000000000000000000, 0.0000000000000000000, 1.000000000000000000 ) ) ;
#2365 = DIRECTION ( 'NONE',  ( 0.0000000000000000000, 0.0000000000000000000, 1.000000000000000000 ) ) ;
#2366 = VERTEX_POINT ( 'NONE', #4524 ) ;
#2367 = FACE_OUTER_BOUND ( 'NONE', #2958, .T. ) ;
#2368 = VERTEX_POINT ( 'NONE', #2423 ) ;
#2369 = EDGE_CURVE ( 'NONE', #1595, #3207, #4256, .T. ) ;
#2370 = VERTEX_POINT ( 'NONE', #1717 ) ;
#2371 = CARTESIAN_POINT ( 'NONE',  ( 1.038560000000000100, 0.5385600000000000400, 0.0000000000000000000 ) ) ;
#2372 =( GEOMETRIC_REPRESENTATION_CONTEXT ( 3 ) GLOBAL_UNCERTAINTY_ASSIGNED_CONTEXT ( ( #684 ) ) GLOBAL_UNIT_ASSIGNED_CONTEXT ( ( #921, #2441, #2455 ) ) REPRESENTATION_CONTEXT ( 'NONE', 'WORKASPACE' ) );
#2373 = AXIS2_PLACEMENT_3D ( 'NONE', #2804, #741, #2835 ) ;
#2374 =( GEOMETRIC_REPRESENTATION_CONTEXT ( 3 ) GLOBAL_UNCERTAINTY_ASSIGNED_CONTEXT ( ( #2356 ) ) GLOBAL_UNIT_ASSIGNED_CONTEXT ( ( #3360, #529, #3004 ) ) REPRESENTATION_CONTEXT ( 'NONE', 'WORKASPACE' ) );
#2375 = SURFACE_STYLE_FILL_AREA ( #4056 ) ;
#2376 = VERTEX_POINT ( 'NONE', #2082 ) ;
#2377 =( NAMED_UNIT ( * ) PLANE_ANGLE_UNIT ( ) SI_UNIT ( $, .RADIAN. ) );
#2378 = CARTESIAN_POINT ( 'NONE',  ( 0.2999039613894642400, 0.5332209120377449100, -0.01312106662224138800 ) ) ;
#2379 = FILL_AREA_STYLE ('',( #1065 ) ) ;
#2380 = VERTEX_POINT ( 'NONE', #2204 ) ;
#2381 = ADVANCED_FACE ( 'NONE', ( #2621 ), #2560, .T. ) ;
#2382 = STYLED_ITEM ( 'NONE', ( #1319 ), #2938 ) ;
#2383 = ORIENTED_EDGE ( 'NONE', *, *, #3717, .T. ) ;
#2384 = EDGE_CURVE ( 'NONE', #285, #3285, #4357, .T. ) ;
#2385 = SURFACE_STYLE_USAGE ( .BOTH. , #2055 ) ;
#2386 = ORIENTED_EDGE ( 'NONE', *, *, #3602, .T. ) ;
#2387 = VECTOR ( 'NONE', #1670, 1000.000000000000000 ) ;
#2388 = CARTESIAN_POINT ( 'NONE',  ( 0.2999999999999999300, 0.02288000000000003900, -0.01144000000000004000 ) ) ;
#2389 = CARTESIAN_POINT ( 'NONE',  ( 0.2999999999999999300, 0.02288000000000003900, -0.01144000000000004000 ) ) ;
#2390 = ORIENTED_EDGE ( 'NONE', *, *, #3443, .F. ) ;
#2391 =( NAMED_UNIT ( * ) SI_UNIT ( $, .STERADIAN. ) SOLID_ANGLE_UNIT ( ) );
#2392 = LINE ( 'NONE', #1352, #186 ) ;
#2393 = COLOUR_RGB ( '',0.6470588235294118000, 0.5176470588235293500, 0.0000000000000000000 ) ;
#2394 = CARTESIAN_POINT ( 'NONE',  ( 0.3573540449120420900, 0.5385600000000000400, -0.3092102531213381500 ) ) ;
#2395 = EDGE_CURVE ( 'NONE', #4403, #3687, #1621, .T. ) ;
#2396 = LINE ( 'NONE', #489, #2340 ) ;
#2397 = SPHERICAL_SURFACE ( 'NONE', #2510, 0.01144000000000000100 ) ;
#2398 =( GEOMETRIC_REPRESENTATION_CONTEXT ( 3 ) GLOBAL_UNCERTAINTY_ASSIGNED_CONTEXT ( ( #4267 ) ) GLOBAL_UNIT_ASSIGNED_CONTEXT ( ( #2764, #618, #1686 ) ) REPRESENTATION_CONTEXT ( 'NONE', 'WORKASPACE' ) );
#2399 = DIRECTION ( 'NONE',  ( 1.000000000000000000, 0.0000000000000000000, 0.0000000000000000000 ) ) ;
#2400 = ADVANCED_FACE ( 'NONE', ( #4313 ), #457, .T. ) ;
#2401 = DIRECTION ( 'NONE',  ( -0.2764273280489743500, 0.0000000000000000000, 0.9610348236706641700 ) ) ;
#2402 = PRODUCT_DEFINITION_SHAPE ( 'NONE', 'NONE',  #1381 ) ;
#2403 =( NAMED_UNIT ( * ) PLANE_ANGLE_UNIT ( ) SI_UNIT ( $, .RADIAN. ) );
#2404 = AXIS2_PLACEMENT_3D ( 'NONE', #3444, #1338, #1754 ) ;
#2405 =( NAMED_UNIT ( * ) SI_UNIT ( $, .STERADIAN. ) SOLID_ANGLE_UNIT ( ) );
#2406 = LINE ( 'NONE', #3162, #3069 ) ;
#2407 = VERTEX_POINT ( 'NONE', #2551 ) ;
#2408 = CARTESIAN_POINT ( 'NONE',  ( 0.7499944619549805400, 0.01165709674265220200, -0.5296753631455539700 ) ) ;
#2409 = EDGE_CURVE ( 'NONE', #4552, #4182, #1276, .T. ) ;
#2410 = UNCERTAINTY_MEASURE_WITH_UNIT (LENGTH_MEASURE( 1.000000000000000100E-005 ), #4203, 'distance_accuracy_value', 'NONE');
#2411 = CIRCLE ( 'NONE', #2206, 0.01143999999999993100 ) ;
#2412 = ORIENTED_EDGE ( 'NONE', *, *, #1657, .F. ) ;
#2413 = MECHANICAL_DESIGN_GEOMETRIC_PRESENTATION_REPRESENTATION (  '', ( #4369 ), #3264 ) ;
#2414 = ORIENTED_EDGE ( 'NONE', *, *, #2196, .T. ) ;
#2415 = PLANE ( 'NONE',  #247 ) ;
#2416 = EDGE_CURVE ( 'NONE', #3816, #3404, #1673, .T. ) ;
#2417 = CARTESIAN_POINT ( 'NONE',  ( 0.7500008590875494300, 0.5289055114269289900, -0.01158019695108343900 ) ) ;
#2418 = VECTOR ( 'NONE', #3058, 1000.000000000000000 ) ;
#2419 = ORIENTED_EDGE ( 'NONE', *, *, #1678, .F. ) ;
#2420 = ADVANCED_FACE ( 'NONE', ( #2182 ), #399, .T. ) ;
#2421 =( NAMED_UNIT ( * ) SI_UNIT ( $, .STERADIAN. ) SOLID_ANGLE_UNIT ( ) );
#2422 = CARTESIAN_POINT ( 'NONE',  ( 1.050000000000000000, 0.5385600000000000400, 0.0000000000000000000 ) ) ;
#2423 = CARTESIAN_POINT ( 'NONE',  ( 0.2994983006540903900, 0.01479069842322593300, -0.5352093015767741500 ) ) ;
#2424 = EDGE_CURVE ( 'NONE', #384, #1659, #3260, .T. ) ;
#2425 = FACE_OUTER_BOUND ( 'NONE', #750, .T. ) ;
#2426 = EDGE_LOOP ( 'NONE', ( #3253, #2652, #1279, #2539 ) ) ;
#2427 = EDGE_LOOP ( 'NONE', ( #2278, #3812, #739 ) ) ;
#2428 = SPHERICAL_SURFACE ( 'NONE', #3286, 0.01144000000000000100 ) ;
#2429 = ORIENTED_EDGE ( 'NONE', *, *, #1850, .F. ) ;
#2430 = DIRECTION ( 'NONE',  ( -0.9999999968487352000, 0.0000000000000000000, -7.938847109670267000E-005 ) ) ;
#2431 =( GEOMETRIC_REPRESENTATION_CONTEXT ( 3 ) GLOBAL_UNCERTAINTY_ASSIGNED_CONTEXT ( ( #3896 ) ) GLOBAL_UNIT_ASSIGNED_CONTEXT ( ( #1035, #3925, #3524 ) ) REPRESENTATION_CONTEXT ( 'NONE', 'WORKASPACE' ) );
#2432 = PRESENTATION_LAYER_ASSIGNMENT (  '', '', ( #4316 ) ) ;
#2433 = LINE ( 'NONE', #3886, #1504 ) ;
#2434 = ORIENTED_EDGE ( 'NONE', *, *, #267, .F. ) ;
#2435 =( NAMED_UNIT ( * ) PLANE_ANGLE_UNIT ( ) SI_UNIT ( $, .RADIAN. ) );
#2436 = EDGE_LOOP ( 'NONE', ( #2803, #859, #1825, #1408 ) ) ;
#2437 = CIRCLE ( 'NONE', #4454, 0.01144000000000000100 ) ;
#2438 = CIRCLE ( 'NONE', #1740, 0.01144000000000000100 ) ;
#2439 = CARTESIAN_POINT ( 'NONE',  ( 0.2885599999999999800, 0.01144000000000000100, 0.0000000000000000000 ) ) ;
#2440 = CARTESIAN_POINT ( 'NONE',  ( 0.7500000000000002200, 0.5385600000000000400, -0.02288000000000008100 ) ) ;
#2441 =( NAMED_UNIT ( * ) PLANE_ANGLE_UNIT ( ) SI_UNIT ( $, .RADIAN. ) );
#2442 = ORIENTED_EDGE ( 'NONE', *, *, #2409, .F. ) ;
#2443 = PRESENTATION_STYLE_ASSIGNMENT (( #1861 ) ) ;
#2444 = CARTESIAN_POINT ( 'NONE',  ( 0.2999999999999999300, 0.01144000000000004000, -0.02288000000000008100 ) ) ;
#2445 = AXIS2_PLACEMENT_3D ( 'NONE', #4268, #2226, #2244 ) ;
#2446 = DIRECTION ( 'NONE',  ( 1.000000000000000000, 0.0000000000000000000, 0.0000000000000000000 ) ) ;
#2447 = FILL_AREA_STYLE ('',( #3062 ) ) ;
#2448 = VECTOR ( 'NONE', #503, 1000.000000000000000 ) ;
#2449 = CARTESIAN_POINT ( 'NONE',  ( 0.2999999999999999300, 0.0000000000000000000, -0.01144000000000004000 ) ) ;
#2450 = EDGE_CURVE ( 'NONE', #2368, #2240, #239, .T. ) ;
#2451 = CARTESIAN_POINT ( 'NONE',  ( 0.5961304075738757000, 0.5435600000000000400, -0.3092102531213381500 ) ) ;
#2452 =( NAMED_UNIT ( * ) SI_UNIT ( $, .STERADIAN. ) SOLID_ANGLE_UNIT ( ) );
#2453 = CIRCLE ( 'NONE', #2271, 0.01144000000000004000 ) ;
#2454 = CARTESIAN_POINT ( 'NONE',  ( 0.7502678478892308400, 0.01390101954763254200, -0.5342088299483061000 ) ) ;
#2455 =( NAMED_UNIT ( * ) SI_UNIT ( $, .STERADIAN. ) SOLID_ANGLE_UNIT ( ) );
#2456 = AXIS2_PLACEMENT_3D ( 'NONE', #3874, #702, #1708 ) ;
#2457 = AXIS2_PLACEMENT_3D ( 'NONE', #4137, #4482, #275 ) ;
#2458 = LINE ( 'NONE', #3935, #35 ) ;
#2459 = ORIENTED_EDGE ( 'NONE', *, *, #1318, .T. ) ;
#2460 = CARTESIAN_POINT ( 'NONE',  ( 0.7500000000000002200, 0.01144000000000000100, 0.0000000000000000000 ) ) ;
#2461 = CARTESIAN_POINT ( 'NONE',  ( 0.6737125909366049600, 0.5385600000000000400, -0.2349050000000000000 ) ) ;
#2462 =( NAMED_UNIT ( * ) SI_UNIT ( $, .STERADIAN. ) SOLID_ANGLE_UNIT ( ) );
#2463 = FACE_OUTER_BOUND ( 'NONE', #556, .T. ) ;
#2464 = STYLED_ITEM ( 'NONE', ( #4554 ), #3234 ) ;
#2465 = ORIENTED_EDGE ( 'NONE', *, *, #3563, .F. ) ;
#2466 = DIRECTION ( 'NONE',  ( 0.05596501978068187100, 0.0000000000000000000, -0.9984327301130246900 ) ) ;
#2467 = DIRECTION ( 'NONE',  ( 0.0000000000000000000, -1.000000000000000000, 0.0000000000000000000 ) ) ;
#2468 = B_SPLINE_CURVE_WITH_KNOTS ( 'NONE', 3,
 ( #638, #3502, #312, #4191, #3107, #4174, #1397, #3131, #1015, #1007 ),
 .UNSPECIFIED., .F., .F.,
 ( 4, 3, 3, 4 ),
 ( 0.0000000000000000000, 3.600817818562744900E-006, 7.182643422685424000E-006, 8.953374655983158500E-006 ),
 .UNSPECIFIED. ) ;
#2469 = LINE ( 'NONE', #1114, #2311 ) ;
#2470 =( LENGTH_UNIT ( ) NAMED_UNIT ( * ) SI_UNIT ( .MILLI., .METRE. ) );
#2471 = DIRECTION ( 'NONE',  ( 0.0000000000000000000, 0.0000000000000000000, -1.000000000000000000 ) ) ;
#2472 = CLOSED_SHELL ( 'NONE', ( #4422, #1003, #3452, #596, #4467, #2772, #1688, #939, #3025, #3966, #1167, #788, #1638, #4189, #1827, #2194, #1375, #958, #1663 ) ) ;
#2473 = EDGE_CURVE ( 'NONE', #1712, #2744, #3972, .T. ) ;
#2474 = AXIS2_PLACEMENT_3D ( 'NONE', #401, #490, #1560 ) ;
#2475 = SURFACE_STYLE_FILL_AREA ( #3448 ) ;
#2476 = ORIENTED_EDGE ( 'NONE', *, *, #2166, .T. ) ;
#2477 = CARTESIAN_POINT ( 'NONE',  ( 0.6052034195819078200, 0.5385600000000000400, -0.2675093720176779900 ) ) ;
#2478 = LINE ( 'NONE', #1628, #2755 ) ;
#2479 = ORIENTED_EDGE ( 'NONE', *, *, #2369, .F. ) ;
#2480 = EDGE_CURVE ( 'NONE', #3843, #3090, #1890, .T. ) ;
#2481 = DIRECTION ( 'NONE',  ( -1.000000000000000000, 0.0000000000000000000, 0.0000000000000000000 ) ) ;
#2482 = DIRECTION ( 'NONE',  ( -0.2746918797667152700, 0.0000000000000000000, 0.9615323037684320200 ) ) ;
#2483 = CARTESIAN_POINT ( 'NONE',  ( 0.7500000000000001100, 0.5374222882447078400, -0.01257771175529221800 ) ) ;
#2484 = VECTOR ( 'NONE', #1320, 1000.000000000000100 ) ;
#2485 = EDGE_LOOP ( 'NONE', ( #3780, #3634, #4235, #3086 ) ) ;
#2486 = DIRECTION ( 'NONE',  ( 0.2755265765475200500, 0.0000000000000000000, -0.9612934544747527800 ) ) ;
#2487 = PLANE ( 'NONE',  #3403 ) ;
#2488 = DIRECTION ( 'NONE',  ( -1.000000000000000000, 0.0000000000000000000, 0.0000000000000000000 ) ) ;
#2489 = AXIS2_PLACEMENT_3D ( 'NONE', #918, #4067, #2021 ) ;
#2490 = VECTOR ( 'NONE', #2577, 1000.000000000000000 ) ;
#2491 = COLOUR_RGB ( '',0.7686274509803920900, 0.7686274509803920900, 0.7686274509803920900 ) ;
#2492 = ORIENTED_EDGE ( 'NONE', *, *, #2883, .F. ) ;
#2493 = FILL_AREA_STYLE ('',( #698 ) ) ;
#2494 = ORIENTED_EDGE ( 'NONE', *, *, #4525, .T. ) ;
#2495 = SURFACE_STYLE_FILL_AREA ( #913 ) ;
#2496 = COLOUR_RGB ( '',0.7921568627450980000, 0.8196078431372548800, 0.9333333333333333500 ) ;
#2497 = CARTESIAN_POINT ( 'NONE',  ( 0.7500960386105358600, 0.01677908796225506500, -0.01312106662224136200 ) ) ;
#2498 = SURFACE_STYLE_FILL_AREA ( #4196 ) ;
#2499 = AXIS2_PLACEMENT_3D ( 'NONE', #294, #3814, #2430 ) ;
#2500 = ORIENTED_EDGE ( 'NONE', *, *, #2409, .T. ) ;
#2501 = UNCERTAINTY_MEASURE_WITH_UNIT (LENGTH_MEASURE( 1.000000000000000100E-005 ), #3528, 'distance_accuracy_value', 'NONE');
#2502 = VECTOR ( 'NONE', #3008, 1000.000000000000000 ) ;
#2503 = CARTESIAN_POINT ( 'NONE',  ( 0.7500175502720719500, 0.5379265631736702700, -0.01912609638196813300 ) ) ;
#2504 = CARTESIAN_POINT ( 'NONE',  ( 0.7501684713375861300, 0.5362971191700607300, -0.01370288082993924500 ) ) ;
#2505 = EDGE_CURVE ( 'NONE', #2537, #4552, #2235, .T. ) ;
#2506 = CARTESIAN_POINT ( 'NONE',  ( 0.7614400000000002300, 0.01144000000000000100, 0.0000000000000000000 ) ) ;
#2507 = FILL_AREA_STYLE ('',( #3172 ) ) ;
#2508 = DIRECTION ( 'NONE',  ( 0.0000000000000000000, 0.0000000000000000000, -1.000000000000000000 ) ) ;
#2509 =( NAMED_UNIT ( * ) SI_UNIT ( $, .STERADIAN. ) SOLID_ANGLE_UNIT ( ) );
#2510 = AXIS2_PLACEMENT_3D ( 'NONE', #1629, #195, #1566 ) ;
#2511 = VECTOR ( 'NONE', #3756, 1000.000000000000000 ) ;
#2512 = CARTESIAN_POINT ( 'NONE',  ( 0.5282604787187974400, 0.5385600000000000400, -0.2561256255860862000 ) ) ;
#2513 = EDGE_CURVE ( 'NONE', #238, #2771, #4144, .T. ) ;
#2514 = COLOUR_RGB ( '',0.7686274509803920900, 0.7686274509803920900, 0.7686274509803920900 ) ;
#2515 = FILL_AREA_STYLE ('',( #4511 ) ) ;
#2516 =( NAMED_UNIT ( * ) PLANE_ANGLE_UNIT ( ) SI_UNIT ( $, .RADIAN. ) );
#2517 = CARTESIAN_POINT ( 'NONE',  ( 0.7505016993459099300, 0.5352093015767741500, -0.01479069842322597100 ) ) ;
#2518 = EDGE_CURVE ( 'NONE', #160, #4529, #354, .T. ) ;
#2519 = FILL_AREA_STYLE_COLOUR ( '', #4377 ) ;
#2520 = CARTESIAN_POINT ( 'NONE',  ( 0.2999999999999999300, 0.02288000000000003900, -0.5385600000000000400 ) ) ;
#2521 = FILL_AREA_STYLE_COLOUR ( '', #836 ) ;
#2522 = ORIENTED_EDGE ( 'NONE', *, *, #1799, .T. ) ;
#2523 = AXIS2_PLACEMENT_3D ( 'NONE', #494, #1962, #2644 ) ;
#2524 = SURFACE_SIDE_STYLE ('',( #3799 ) ) ;
#2525 = AXIS2_PLACEMENT_3D ( 'NONE', #1155, #130, #3650 ) ;
#2526 =( LENGTH_UNIT ( ) NAMED_UNIT ( * ) SI_UNIT ( .MILLI., .METRE. ) );
#2527 = VECTOR ( 'NONE', #3079, 1000.000000000000000 ) ;
#2528 = CLOSED_SHELL ( 'NONE', ( #2254, #1331, #3930, #2734, #2599, #2020, #2066, #2751, #3111, #54, #3255, #4087, #233 ) ) ;
#2529 = ADVANCED_FACE ( 'NONE', ( #1158 ), #733, .T. ) ;
#2530 = CARTESIAN_POINT ( 'NONE',  ( 0.6091224510906072500, 0.5435600000000000400, -0.2812433791288636000 ) ) ;
#2531 = ORIENTED_EDGE ( 'NONE', *, *, #1185, .F. ) ;
#2532 = DIRECTION ( 'NONE',  ( -0.9612934544747527800, 0.0000000000000000000, -0.2755265765475200000 ) ) ;
#2533 =( NAMED_UNIT ( * ) SI_UNIT ( $, .STERADIAN. ) SOLID_ANGLE_UNIT ( ) );
#2534 = CARTESIAN_POINT ( 'NONE',  ( 0.01143999999999993100, 0.0000000000000000000, -0.5385600000000000400 ) ) ;
#2535 =( NAMED_UNIT ( * ) PLANE_ANGLE_UNIT ( ) SI_UNIT ( $, .RADIAN. ) );
#2536 = FACE_OUTER_BOUND ( 'NONE', #4287, .T. ) ;
#2537 = VERTEX_POINT ( 'NONE', #799 ) ;
#2538 = ORIENTED_EDGE ( 'NONE', *, *, #731, .T. ) ;
#2539 = ORIENTED_EDGE ( 'NONE', *, *, #4531, .F. ) ;
#2540 = SURFACE_STYLE_FILL_AREA ( #3321 ) ;
#2541 = ORIENTED_EDGE ( 'NONE', *, *, #2384, .T. ) ;
#2542 = CARTESIAN_POINT ( 'NONE',  ( 0.4074962297279055600, 0.5385600000000000400, -0.2349050000000000000 ) ) ;
#2543 = EDGE_CURVE ( 'NONE', #285, #2380, #3655, .T. ) ;
#2544 = EDGE_LOOP ( 'NONE', ( #3999, #1672, #4075 ) ) ;
#2545 = CARTESIAN_POINT ( 'NONE',  ( 0.01144000000000000100, 0.01144000000000000100, -0.01144000000000000100 ) ) ;
#2546 = EDGE_LOOP ( 'NONE', ( #813, #4021, #2662, #1370 ) ) ;
#2547 = PLANE ( 'NONE',  #3161 ) ;
#2548 = CARTESIAN_POINT ( 'NONE',  ( 0.2999593366536778000, 0.5375097766565146700, -0.5320737292624467800 ) ) ;
#2549 = ORIENTED_EDGE ( 'NONE', *, *, #4351, .T. ) ;
#2550 = CARTESIAN_POINT ( 'NONE',  ( 0.5545887168147172200, 0.5435600000000000400, -0.3092102531213381500 ) ) ;
#2551 = CARTESIAN_POINT ( 'NONE',  ( 0.7500000000000002200, 0.5271199999999999200, -0.5385600000000000400 ) ) ;
#2552 =( GEOMETRIC_REPRESENTATION_CONTEXT ( 3 ) GLOBAL_UNCERTAINTY_ASSIGNED_CONTEXT ( ( #1873 ) ) GLOBAL_UNIT_ASSIGNED_CONTEXT ( ( #3490, #2435, #2462 ) ) REPRESENTATION_CONTEXT ( 'NONE', 'WORKASPACE' ) );
#2553 = STYLED_ITEM ( 'NONE', ( #4505 ), #416 ) ;
#2554 = ADVANCED_FACE ( 'NONE', ( #133 ), #2236, .F. ) ;
#2555 = ORIENTED_EDGE ( 'NONE', *, *, #2634, .T. ) ;
#2556 = VECTOR ( 'NONE', #3936, 1000.000000000000000 ) ;
#2557 = CARTESIAN_POINT ( 'NONE',  ( 0.4371683351698946200, 0.5435600000000000400, -0.3092102531213381500 ) ) ;
#2558 = ORIENTED_EDGE ( 'NONE', *, *, #3211, .T. ) ;
#2559 = UNCERTAINTY_MEASURE_WITH_UNIT (LENGTH_MEASURE( 1.000000000000000100E-005 ), #3705, 'distance_accuracy_value', 'NONE');
#2560 = CYLINDRICAL_SURFACE ( 'NONE', #4430, 0.01144000000000004000 ) ;
#2561 = LINE ( 'NONE', #1010, #4253 ) ;
#2562 =( GEOMETRIC_REPRESENTATION_CONTEXT ( 3 ) GLOBAL_UNCERTAINTY_ASSIGNED_CONTEXT ( ( #2167 ) ) GLOBAL_UNIT_ASSIGNED_CONTEXT ( ( #1867, #3980, #1187 ) ) REPRESENTATION_CONTEXT ( 'NONE', 'WORKASPACE' ) );
#2563 = DIRECTION ( 'NONE',  ( -0.7059037656364479700, 0.0000000000000000000, 0.7083077534943993400 ) ) ;
#2564 = SURFACE_STYLE_USAGE ( .BOTH. , #95 ) ;
#2565 = CARTESIAN_POINT ( 'NONE',  ( 0.4880454796612420100, 0.5435600000000000400, -0.2950666297225400500 ) ) ;
#2566 = LINE ( 'NONE', #1974, #407 ) ;
#2567 = PRESENTATION_STYLE_ASSIGNMENT (( #4404 ) ) ;
#2568 = EDGE_CURVE ( 'NONE', #3029, #174, #502, .T. ) ;
#2569 = DIRECTION ( 'NONE',  ( 0.0000000000000000000, 0.0000000000000000000, -1.000000000000000000 ) ) ;
#2570 = SURFACE_SIDE_STYLE ('',( #2600 ) ) ;
#2571 = DIRECTION ( 'NONE',  ( 0.0000000000000000000, -1.000000000000000000, 0.0000000000000000000 ) ) ;
#2572 = SURFACE_STYLE_FILL_AREA ( #1862 ) ;
#2573 = PRESENTATION_LAYER_ASSIGNMENT (  '', '', ( #3440 ) ) ;
#2574 = SURFACE_STYLE_FILL_AREA ( #26 ) ;
#2575 = EDGE_CURVE ( 'NONE', #1705, #3256, #3257, .T. ) ;
#2576 = ADVANCED_FACE ( 'NONE', ( #1668 ), #4426, .F. ) ;
#2577 = DIRECTION ( 'NONE',  ( 0.0000000000000000000, -1.000000000000000000, 0.0000000000000000000 ) ) ;
#2578 = FILL_AREA_STYLE_COLOUR ( '', #3824 ) ;
#2579 = ORIENTED_EDGE ( 'NONE', *, *, #2160, .F. ) ;
#2580 = EDGE_CURVE ( 'NONE', #4132, #3233, #1384, .T. ) ;
#2581 = CARTESIAN_POINT ( 'NONE',  ( 0.2999991409124508300, 0.01158019695108343200, -0.5289055114269292100 ) ) ;
#2582 = ORIENTED_EDGE ( 'NONE', *, *, #4501, .T. ) ;
#2583 = SURFACE_STYLE_FILL_AREA ( #865 ) ;
#2584 = AXIS2_PLACEMENT_3D ( 'NONE', #2355, #579, #564 ) ;
#2585 = VERTEX_POINT ( 'NONE', #4082 ) ;
#2586 = CARTESIAN_POINT ( 'NONE',  ( 0.4462506104848485400, 0.5435600000000000400, -0.2675093720178338700 ) ) ;
#2587 = LINE ( 'NONE', #4261, #2645 ) ;
#2588 = FILL_AREA_STYLE_COLOUR ( '', #3209 ) ;
#2589 = EDGE_LOOP ( 'NONE', ( #1997, #3806, #3050, #1184 ) ) ;
#2590 = CARTESIAN_POINT ( 'NONE',  ( 0.5999319539321355000, 0.5435600000000000400, -0.2490443306742744500 ) ) ;
#2591 = DIRECTION ( 'NONE',  ( 1.000000000000000000, 0.0000000000000000000, -0.0000000000000000000 ) ) ;
#2592 = AXIS2_PLACEMENT_3D ( 'NONE', #4250, #3560, #37 ) ;
#2593 = ORIENTED_EDGE ( 'NONE', *, *, #2416, .F. ) ;
#2594 = CARTESIAN_POINT ( 'NONE',  ( 0.6512914651540090400, 0.5435600000000000400, -0.3092102531213381500 ) ) ;
#2595 = ORIENTED_EDGE ( 'NONE', *, *, #1917, .F. ) ;
#2596 = CARTESIAN_POINT ( 'NONE',  ( 1.050000000000000000, 0.0000000000000000000, -0.01144000000000000100 ) ) ;
#2597 = CARTESIAN_POINT ( 'NONE',  ( 0.7505016993459099300, 0.5352093015767741500, -0.5352093015767741500 ) ) ;
#2598 = COLOUR_RGB ( '',0.7686274509803920900, 0.7686274509803920900, 0.7686274509803920900 ) ;
#2599 = ADVANCED_FACE ( 'NONE', ( #1043 ), #221, .F. ) ;
#2600 = SURFACE_STYLE_FILL_AREA ( #448 ) ;
#2601 = VERTEX_POINT ( 'NONE', #2976 ) ;
#2602 = EDGE_CURVE ( 'NONE', #70, #1105, #1444, .T. ) ;
#2603 = VECTOR ( 'NONE', #4400, 1000.000000000000000 ) ;
#2604 = DIRECTION ( 'NONE',  ( -0.2762033010289141100, 0.0000000000000000000, 0.9610992334305189500 ) ) ;
#2605 = ORIENTED_EDGE ( 'NONE', *, *, #4210, .F. ) ;
#2606 = ORIENTED_EDGE ( 'NONE', *, *, #845, .T. ) ;
#2607 = EDGE_CURVE ( 'NONE', #1108, #1296, #963, .T. ) ;
#2608 = LINE ( 'NONE', #1273, #4522 ) ;
#2609 = LINE ( 'NONE', #2460, #4513 ) ;
#2610 = CARTESIAN_POINT ( 'NONE',  ( 0.6512914651540090400, 0.5385600000000000400, -0.3092102531213381500 ) ) ;
#2611 = CARTESIAN_POINT ( 'NONE',  ( 0.7614400000000002300, 0.0000000000000000000, -0.01144000000000000100 ) ) ;
#2612 = LINE ( 'NONE', #314, #4185 ) ;
#2613 = UNCERTAINTY_MEASURE_WITH_UNIT (LENGTH_MEASURE( 1.000000000000000100E-005 ), #2811, 'distance_accuracy_value', 'NONE');
#2614 = ORIENTED_EDGE ( 'NONE', *, *, #1719, .T. ) ;
#2615 = SURFACE_SIDE_STYLE ('',( #2583 ) ) ;
#2616 = CARTESIAN_POINT ( 'NONE',  ( 0.2999968528092915000, 0.01176689098586437300, -0.5300870249090693400 ) ) ;
#2617 = CARTESIAN_POINT ( 'NONE',  ( 0.3694283491830324700, 0.5435600000000000400, -0.2775236204091264800 ) ) ;
#2618 = AXIS2_PLACEMENT_3D ( 'NONE', #1554, #1916, #2963 ) ;
#2619 =( GEOMETRIC_REPRESENTATION_CONTEXT ( 3 ) GLOBAL_UNCERTAINTY_ASSIGNED_CONTEXT ( ( #537 ) ) GLOBAL_UNIT_ASSIGNED_CONTEXT ( ( #3020, #1589, #153 ) ) REPRESENTATION_CONTEXT ( 'NONE', 'WORKASPACE' ) );
#2620 = AXIS2_PLACEMENT_3D ( 'NONE', #2899, #1802, #2199 ) ;
#2621 = FACE_OUTER_BOUND ( 'NONE', #2060, .T. ) ;
#2622 = LINE ( 'NONE', #2836, #3662 ) ;
#2623 = CARTESIAN_POINT ( 'NONE',  ( 0.5282604787187974400, 0.5435600000000000400, -0.2561256255860862000 ) ) ;
#2624 = VERTEX_POINT ( 'NONE', #3710 ) ;
#2625 = STYLED_ITEM ( 'NONE', ( #1816 ), #3091 ) ;
#2626 = FILL_AREA_STYLE_COLOUR ( '', #115 ) ;
#2627 = DIRECTION ( 'NONE',  ( -1.000000000000000000, 0.0000000000000000000, -0.0000000000000000000 ) ) ;
#2628 = CARTESIAN_POINT ( 'NONE',  ( 0.5660212380781566300, 0.5435600000000000400, -0.3013755790968982200 ) ) ;
#2629 = EDGE_CURVE ( 'NONE', #3955, #2873, #944, .T. ) ;
#2630 = CARTESIAN_POINT ( 'NONE',  ( 0.2885599999999999300, 0.5385600000000000400, -0.5385600000000000400 ) ) ;
#2631 = CARTESIAN_POINT ( 'NONE',  ( 0.01143999999999993100, 0.5500000000000000400, -0.5385600000000000400 ) ) ;
#2632 = MECHANICAL_DESIGN_GEOMETRIC_PRESENTATION_REPRESENTATION (  '', ( #552 ), #1106 ) ;
#2633 = CARTESIAN_POINT ( 'NONE',  ( 0.6410101640546493900, 0.5435600000000000400, -0.2812433791288636000 ) ) ;
#2634 = EDGE_CURVE ( 'NONE', #3522, #3601, #782, .T. ) ;
#2635 = COLOUR_RGB ( '',0.7686274509803920900, 0.7686274509803920900, 0.7686274509803920900 ) ;
#2636 = ORIENTED_EDGE ( 'NONE', *, *, #4373, .T. ) ;
#2637 = CARTESIAN_POINT ( 'NONE',  ( 0.7500683848023103100, 0.01768222662350839000, -0.5373110132924373600 ) ) ;
#2638 = DIRECTION ( 'NONE',  ( -0.7145695586381790600, 0.0000000000000000000, 0.6995643972270444400 ) ) ;
#2639 = CARTESIAN_POINT ( 'NONE',  ( 0.3848875796061398400, 0.5435600000000000400, -0.2349050000000000000 ) ) ;
#2640 = VECTOR ( 'NONE', #3442, 1000.000000000000000 ) ;
#2641 = ORIENTED_EDGE ( 'NONE', *, *, #817, .F. ) ;
#2642 = STYLED_ITEM ( 'NONE', ( #721 ), #126 ) ;
#2643 = FILL_AREA_STYLE_COLOUR ( '', #4419 ) ;
#2644 = DIRECTION ( 'NONE',  ( -0.9999891854650020400, 0.0000000000000000000, -0.004650693823683970000 ) ) ;
#2645 = VECTOR ( 'NONE', #2175, 1000.000000000000000 ) ;
#2646 = ORIENTED_EDGE ( 'NONE', *, *, #3503, .T. ) ;
#2647 = AXIS2_PLACEMENT_3D ( 'NONE', #309, #673, #3486 ) ;
#2648 = EDGE_LOOP ( 'NONE', ( #131, #3696, #2252, #3889 ) ) ;
#2649 = SURFACE_SIDE_STYLE ('',( #2650 ) ) ;
#2650 = SURFACE_STYLE_FILL_AREA ( #4037 ) ;
#2651 = EDGE_CURVE ( 'NONE', #1760, #3953, #2437, .T. ) ;
#2652 = ORIENTED_EDGE ( 'NONE', *, *, #1318, .F. ) ;
#2653 = CARTESIAN_POINT ( 'NONE',  ( 0.4958358707841643000, 0.5435600000000000400, -0.2349049999999999700 ) ) ;
#2654 = ORIENTED_EDGE ( 'NONE', *, *, #122, .F. ) ;
#2655 = STYLED_ITEM ( 'NONE', ( #1525 ), #3671 ) ;
#2656 = DIRECTION ( 'NONE',  ( 1.000000000000000000, 0.0000000000000000000, 0.0000000000000000000 ) ) ;
#2657 = SPHERICAL_SURFACE ( 'NONE', #464, 0.01144000000000000100 ) ;
#2658 = CARTESIAN_POINT ( 'NONE',  ( 0.7500960386105358600, 0.5332209120377449100, -0.5368789333777586000 ) ) ;
#2659 = ORIENTED_EDGE ( 'NONE', *, *, #443, .F. ) ;
#2660 = PLANE ( 'NONE',  #4048 ) ;
#2661 = VERTEX_POINT ( 'NONE', #2014 ) ;
#2662 = ORIENTED_EDGE ( 'NONE', *, *, #1711, .F. ) ;
#2663 = LINE ( 'NONE', #3922, #1939 ) ;
#2664 = DIRECTION ( 'NONE',  ( -1.000000000000000000, 0.0000000000000000000, 0.0000000000000000000 ) ) ;
#2665 = EDGE_CURVE ( 'NONE', #2775, #3193, #2831, .T. ) ;
#2666 = ORIENTED_EDGE ( 'NONE', *, *, #4248, .F. ) ;
#2667 = CARTESIAN_POINT ( 'NONE',  ( 0.2999999999999999300, 0.01144000000000004000, -0.02288000000000008100 ) ) ;
#2668 = ORIENTED_EDGE ( 'NONE', *, *, #2861, .T. ) ;
#2669 = FACE_OUTER_BOUND ( 'NONE', #1976, .T. ) ;
#2670 = FACE_OUTER_BOUND ( 'NONE', #2648, .T. ) ;
#2671 = DIRECTION ( 'NONE',  ( 0.0000000000000000000, -0.0000000000000000000, -1.000000000000000000 ) ) ;
#2672 = EDGE_CURVE ( 'NONE', #106, #3993, #3143, .T. ) ;
#2673 = FILL_AREA_STYLE_COLOUR ( '', #2865 ) ;
#2674 = CARTESIAN_POINT ( 'NONE',  ( 0.5747576101742125600, 0.5435600000000000400, -0.2349049999999999700 ) ) ;
#2675 = DIRECTION ( 'NONE',  ( -0.0000000000000000000, 1.000000000000000000, -0.0000000000000000000 ) ) ;
#2676 = ORIENTED_EDGE ( 'NONE', *, *, #4210, .T. ) ;
#2677 = DIRECTION ( 'NONE',  ( 0.0000000000000000000, 0.0000000000000000000, 1.000000000000000000 ) ) ;
#2678 = FACE_OUTER_BOUND ( 'NONE', #4385, .T. ) ;
#2679 = MECHANICAL_DESIGN_GEOMETRIC_PRESENTATION_REPRESENTATION (  '', ( #3868 ), #2619 ) ;
#2680 = AXIS2_PLACEMENT_3D ( 'NONE', #3049, #929, #2685 ) ;
#2681 = DIRECTION ( 'NONE',  ( -0.2755520632520533400, 0.0000000000000000000, 0.9612861490927331300 ) ) ;
#2682 = LINE ( 'NONE', #2246, #2448 ) ;
#2683 = CARTESIAN_POINT ( 'NONE',  ( 0.7500000000000001100, 0.5374222882447078400, -0.5374222882447078400 ) ) ;
#2684 = CARTESIAN_POINT ( 'NONE',  ( 0.5309311526591329300, 0.5385600000000000400, -0.2349049999999999700 ) ) ;
#2685 = DIRECTION ( 'NONE',  ( 0.0000000000000000000, 0.0000000000000000000, -1.000000000000000000 ) ) ;
#2686 = ADVANCED_FACE ( 'NONE', ( #1271 ), #2660, .F. ) ;
#2687 = DIRECTION ( 'NONE',  ( -1.000000000000000000, 0.0000000000000000000, 0.0000000000000000000 ) ) ;
#2688 = CARTESIAN_POINT ( 'NONE',  ( 0.2999999999999999300, 0.01144000000000004000, -0.01144000000000004000 ) ) ;
#2689 = PLANE ( 'NONE',  #322 ) ;
#2690 = ORIENTED_EDGE ( 'NONE', *, *, #3268, .T. ) ;
#2691 = PLANE ( 'NONE',  #3114 ) ;
#2692 = MECHANICAL_DESIGN_GEOMETRIC_PRESENTATION_REPRESENTATION (  '', ( #1822 ), #1441 ) ;
#2693 = CARTESIAN_POINT ( 'NONE',  ( 0.4781387753146238400, 0.5435600000000000400, -0.2675093720178338700 ) ) ;
#2694 = VERTEX_POINT ( 'NONE', #4409 ) ;
#2695 = EDGE_CURVE ( 'NONE', #3090, #1882, #345, .T. ) ;
#2696 = ORIENTED_EDGE ( 'NONE', *, *, #1037, .T. ) ;
#2697 =( NAMED_UNIT ( * ) SI_UNIT ( $, .STERADIAN. ) SOLID_ANGLE_UNIT ( ) );
#2698 = DIRECTION ( 'NONE',  ( 0.0000000000000000000, 0.0000000000000000000, 1.000000000000000000 ) ) ;
#2699 = UNCERTAINTY_MEASURE_WITH_UNIT (LENGTH_MEASURE( 1.000000000000000100E-005 ), #4241, 'distance_accuracy_value', 'NONE');
#2700 =( GEOMETRIC_REPRESENTATION_CONTEXT ( 3 ) GLOBAL_UNCERTAINTY_ASSIGNED_CONTEXT ( ( #2613 ) ) GLOBAL_UNIT_ASSIGNED_CONTEXT ( ( #2811, #3194, #4237 ) ) REPRESENTATION_CONTEXT ( 'NONE', 'WORKASPACE' ) );
#2701 = AXIS2_PLACEMENT_3D ( 'NONE', #3891, #372, #1761 ) ;
#2702 = VECTOR ( 'NONE', #2467, 1000.000000000000000 ) ;
#2703 = ORIENTED_EDGE ( 'NONE', *, *, #623, .T. ) ;
#2704 = CARTESIAN_POINT ( 'NONE',  ( 1.038560000000000100, 0.01144000000000000100, -0.5385600000000000400 ) ) ;
#2705 = DIRECTION ( 'NONE',  ( 0.0000000000000000000, 0.0000000000000000000, -1.000000000000000000 ) ) ;
#2706 = CARTESIAN_POINT ( 'NONE',  ( 0.2994983006540903300, 0.01479069842322600400, -0.01479069842322586600 ) ) ;
#2707 = ORIENTED_EDGE ( 'NONE', *, *, #3804, .T. ) ;
#2708 = SURFACE_STYLE_USAGE ( .BOTH. , #254 ) ;
#2709 = ADVANCED_FACE ( 'NONE', ( #2229 ), #1250, .F. ) ;
#2710 = STYLED_ITEM ( 'NONE', ( #602 ), #3275 ) ;
#2711 = LINE ( 'NONE', #1129, #4393 ) ;
#2712 = ORIENTED_EDGE ( 'NONE', *, *, #3357, .T. ) ;
#2713 = FILL_AREA_STYLE_COLOUR ( '', #3517 ) ;
#2714 =( LENGTH_UNIT ( ) NAMED_UNIT ( * ) SI_UNIT ( .MILLI., .METRE. ) );
#2715 = DIRECTION ( 'NONE',  ( 1.000000000000000000, -0.0000000000000000000, -0.0000000000000000000 ) ) ;
#2716 = ORIENTED_EDGE ( 'NONE', *, *, #1773, .T. ) ;
#2717 = DIRECTION ( 'NONE',  ( -0.3725077383644723700, 0.0000000000000000000, -0.9280290862136734200 ) ) ;
#2718 = MECHANICAL_DESIGN_GEOMETRIC_PRESENTATION_REPRESENTATION (  '', ( #376 ), #580 ) ;
#2719 = ORIENTED_EDGE ( 'NONE', *, *, #2967, .F. ) ;
#2720 = DIRECTION ( 'NONE',  ( 0.0000000000000000000, 1.000000000000000000, 0.0000000000000000000 ) ) ;
#2721 = VECTOR ( 'NONE', #3129, 1000.000000000000000 ) ;
#2722 = PRESENTATION_STYLE_ASSIGNMENT (( #1758 ) ) ;
#2723 = PRESENTATION_STYLE_ASSIGNMENT (( #4432 ) ) ;
#2724 = DIRECTION ( 'NONE',  ( 0.0000000000000000000, 1.000000000000000000, 0.0000000000000000000 ) ) ;
#2725 =( NAMED_UNIT ( * ) SI_UNIT ( $, .STERADIAN. ) SOLID_ANGLE_UNIT ( ) );
#2726 = EDGE_LOOP ( 'NONE', ( #1583, #3906, #4326, #2558 ) ) ;
#2727 = EDGE_CURVE ( 'NONE', #1659, #2227, #2608, .T. ) ;
#2728 = VECTOR ( 'NONE', #1926, 1000.000000000000000 ) ;
#2729 = LINE ( 'NONE', #558, #1786 ) ;
#2730 = FILL_AREA_STYLE_COLOUR ( '', #52 ) ;
#2731 = CYLINDRICAL_SURFACE ( 'NONE', #201, 0.01144000000000004000 ) ;
#2732 = STYLED_ITEM ( 'NONE', ( #1246 ), #620 ) ;
#2733 = CARTESIAN_POINT ( 'NONE',  ( 0.7499999999999820100, 0.01143999999999902000, -0.02228299758247092800 ) ) ;
#2734 = ADVANCED_FACE ( 'NONE', ( #4249 ), #4359, .F. ) ;
#2735 = FACE_OUTER_BOUND ( 'NONE', #227, .T. ) ;
#2736 = DIRECTION ( 'NONE',  ( 1.000000000000000000, 0.0000000000000000000, 0.0000000000000000000 ) ) ;
#2737 =( GEOMETRIC_REPRESENTATION_CONTEXT ( 3 ) GLOBAL_UNCERTAINTY_ASSIGNED_CONTEXT ( ( #2224 ) ) GLOBAL_UNIT_ASSIGNED_CONTEXT ( ( #3215, #1049, #1411 ) ) REPRESENTATION_CONTEXT ( 'NONE', 'WORKASPACE' ) );
#2738 = SURFACE_STYLE_USAGE ( .BOTH. , #266 ) ;
#2739 = DIRECTION ( 'NONE',  ( 0.0000000000000000000, -1.000000000000000000, 3.405901710987571100E-015 ) ) ;
#2740 = EDGE_CURVE ( 'NONE', #4347, #3070, #672, .T. ) ;
#2741 = PRESENTATION_LAYER_ASSIGNMENT (  '', '', ( #2193 ) ) ;
#2742 = DIRECTION ( 'NONE',  ( 0.0000000000000000000, 1.000000000000000000, -0.0000000000000000000 ) ) ;
#2743 = LINE ( 'NONE', #2477, #3888 ) ;
#2744 = VERTEX_POINT ( 'NONE', #3364 ) ;
#2745 = CARTESIAN_POINT ( 'NONE',  ( 0.2999999999999999300, 0.5385600000000000400, -0.5500000000000000400 ) ) ;
#2746 = EDGE_CURVE ( 'NONE', #648, #1608, #1724, .T. ) ;
#2747 = CARTESIAN_POINT ( 'NONE',  ( 0.3694283491830324700, 0.5385600000000000400, -0.2775236204091264800 ) ) ;
#2748 = FACE_OUTER_BOUND ( 'NONE', #671, .T. ) ;
#2749 = VERTEX_POINT ( 'NONE', #1312 ) ;
#2750 = CARTESIAN_POINT ( 'NONE',  ( 0.3000055380450196200, 0.5296753631455539700, -0.01165709674265224200 ) ) ;
#2751 = ADVANCED_FACE ( 'NONE', ( #2669 ), #3795, .F. ) ;
#2752 = VERTEX_POINT ( 'NONE', #1739 ) ;
#2753 = EDGE_CURVE ( 'NONE', #1557, #4089, #4307, .T. ) ;
#2754 = UNCERTAINTY_MEASURE_WITH_UNIT (LENGTH_MEASURE( 1.000000000000000100E-005 ), #4002, 'distance_accuracy_value', 'NONE');
#2755 = VECTOR ( 'NONE', #1257, 1000.000000000000000 ) ;
#2756 = VERTEX_POINT ( 'NONE', #4479 ) ;
#2757 = DIRECTION ( 'NONE',  ( 0.0000000000000000000, 0.0000000000000000000, 1.000000000000000000 ) ) ;
#2758 = AXIS2_PLACEMENT_3D ( 'NONE', #2273, #203, #2677 ) ;
#2759 = VECTOR ( 'NONE', #1633, 1000.000000000000000 ) ;
#2760 = CARTESIAN_POINT ( 'NONE',  ( 0.7501684713375861300, 0.01370288082993921200, -0.5362971191700607300 ) ) ;
#2761 = PRESENTATION_STYLE_ASSIGNMENT (( #790 ) ) ;
#2762 = VERTEX_POINT ( 'NONE', #1358 ) ;
#2763 = CARTESIAN_POINT ( 'NONE',  ( 1.038560000000000100, 0.5385600000000000400, -0.5385600000000000400 ) ) ;
#2764 =( LENGTH_UNIT ( ) NAMED_UNIT ( * ) SI_UNIT ( .MILLI., .METRE. ) );
#2765 = COLOUR_RGB ( '',0.7686274509803920900, 0.7686274509803920900, 0.7686274509803920900 ) ;
#2766 = ORIENTED_EDGE ( 'NONE', *, *, #524, .T. ) ;
#2767 = CARTESIAN_POINT ( 'NONE',  ( 0.4541912470239822800, 0.5435600000000000400, -0.2950666297225400500 ) ) ;
#2768 = CARTESIAN_POINT ( 'NONE',  ( 0.7500175502720719500, 0.01207343682632976500, -0.5308739036180318800 ) ) ;
#2769 = ORIENTED_EDGE ( 'NONE', *, *, #2363, .F. ) ;
#2770 = ORIENTED_EDGE ( 'NONE', *, *, #1479, .F. ) ;
#2771 = VERTEX_POINT ( 'NONE', #4492 ) ;
#2772 = ADVANCED_FACE ( 'NONE', ( #827 ), #1376, .F. ) ;
#2773 = PLANE ( 'NONE',  #3213 ) ;
#2774 = DIRECTION ( 'NONE',  ( 0.0000000000000000000, 0.0000000000000000000, -1.000000000000000000 ) ) ;
#2775 = VERTEX_POINT ( 'NONE', #3103 ) ;
#2776 = DIRECTION ( 'NONE',  ( -0.7059037656364479700, 0.0000000000000000000, 0.7083077534943993400 ) ) ;
#2777 = DIRECTION ( 'NONE',  ( 0.9999999968487352000, 0.0000000000000000000, 7.938847109670267000E-005 ) ) ;
#2778 = EDGE_CURVE ( 'NONE', #1693, #3, #4407, .T. ) ;
#2779 = DIRECTION ( 'NONE',  ( 0.0000000000000000000, -0.0000000000000000000, -1.000000000000000000 ) ) ;
#2780 = PRESENTATION_STYLE_ASSIGNMENT (( #1623 ) ) ;
#2781 =( NAMED_UNIT ( * ) PLANE_ANGLE_UNIT ( ) SI_UNIT ( $, .RADIAN. ) );
#2782 = VECTOR ( 'NONE', #2863, 1000.000000000000100 ) ;
#2783 = STYLED_ITEM ( 'NONE', ( #3954 ), #1875 ) ;
#2784 = PRESENTATION_LAYER_ASSIGNMENT (  '', '', ( #2553 ) ) ;
#2785 = LINE ( 'NONE', #4112, #3664 ) ;
#2786 = CARTESIAN_POINT ( 'NONE',  ( 0.01143999999999993100, 0.5500000000000000400, -0.5500000000000000400 ) ) ;
#2787 = AXIS2_PLACEMENT_3D ( 'NONE', #2215, #546, #418 ) ;
#2788 = DIRECTION ( 'NONE',  ( 0.0000000000000000000, 0.0000000000000000000, -1.000000000000000000 ) ) ;
#2789 = ADVANCED_FACE ( 'NONE', ( #614 ), #634, .F. ) ;
#2790 = DIRECTION ( 'NONE',  ( 1.000000000000000000, 0.0000000000000000000, 0.0000000000000000000 ) ) ;
#2791 = CARTESIAN_POINT ( 'NONE',  ( 1.038560000000000100, 0.0000000000000000000, -0.5500000000000000400 ) ) ;
#2792 = ORIENTED_EDGE ( 'NONE', *, *, #3536, .T. ) ;
#2793 = CARTESIAN_POINT ( 'NONE',  ( 0.4371683351698946200, 0.5435600000000000400, -0.3092102531213381500 ) ) ;
#2794 = EDGE_CURVE ( 'NONE', #3170, #4132, #4462, .T. ) ;
#2795 = ORIENTED_EDGE ( 'NONE', *, *, #1001, .T. ) ;
#2796 = MECHANICAL_DESIGN_GEOMETRIC_PRESENTATION_REPRESENTATION (  '', ( #3910 ), #3344 ) ;
#2797 = CARTESIAN_POINT ( 'NONE',  ( 0.0000000000000000000, 0.0000000000000000000, 0.0000000000000000000 ) ) ;
#2798 = ORIENTED_EDGE ( 'NONE', *, *, #94, .F. ) ;
#2799 = PLANE ( 'NONE',  #3484 ) ;
#2800 = CARTESIAN_POINT ( 'NONE',  ( 0.2999999999999999300, 0.02288000000000003900, -0.5271199999999999200 ) ) ;
#2801 = EDGE_CURVE ( 'NONE', #2585, #1545, #4348, .T. ) ;
#2802 = SURFACE_STYLE_USAGE ( .BOTH. , #996 ) ;
#2803 = ORIENTED_EDGE ( 'NONE', *, *, #1657, .T. ) ;
#2804 = CARTESIAN_POINT ( 'NONE',  ( 0.2885599999999999300, 0.01144000000000000100, -0.01144000000000000100 ) ) ;
#2805 = CARTESIAN_POINT ( 'NONE',  ( 0.5961304075738757000, 0.5435600000000000400, -0.3092102531213381500 ) ) ;
#2806 = FILL_AREA_STYLE_COLOUR ( '', #889 ) ;
#2807 = EDGE_CURVE ( 'NONE', #1496, #4405, #2663, .T. ) ;
#2808 = ORIENTED_EDGE ( 'NONE', *, *, #4380, .T. ) ;
#2809 = FACE_OUTER_BOUND ( 'NONE', #176, .T. ) ;
#2810 = EDGE_LOOP ( 'NONE', ( #4557, #2792, #3449, #1510 ) ) ;
#2811 =( LENGTH_UNIT ( ) NAMED_UNIT ( * ) SI_UNIT ( .MILLI., .METRE. ) );
#2812 = ORIENTED_EDGE ( 'NONE', *, *, #2672, .T. ) ;
#2813 = APPLICATION_PROTOCOL_DEFINITION ( 'draft international standard', 'automotive_design', 1998, #358 ) ;
#2814 = CARTESIAN_POINT ( 'NONE',  ( 0.7614400000000002300, 0.01144000000000000100, 0.0000000000000000000 ) ) ;
#2815 = EDGE_LOOP ( 'NONE', ( #3347, #1982, #3351, #4292 ) ) ;
#2816 = CARTESIAN_POINT ( 'NONE',  ( 0.7500000000000002200, 0.5385600000000000400, -0.02161099590235877200 ) ) ;
#2817 = DIRECTION ( 'NONE',  ( 0.0000000000000000000, 0.0000000000000000000, 1.000000000000000000 ) ) ;
#2818 = SURFACE_STYLE_USAGE ( .BOTH. , #21 ) ;
#2819 = ORIENTED_EDGE ( 'NONE', *, *, #2251, .T. ) ;
#2820 = PRESENTATION_STYLE_ASSIGNMENT (( #512 ) ) ;
#2821 = DIRECTION ( 'NONE',  ( -1.000000000000000000, 0.0000000000000000000, 0.0000000000000000000 ) ) ;
#2822 = CARTESIAN_POINT ( 'NONE',  ( 0.3000055380450196700, 0.02032463685444605900, -0.5383429032573477900 ) ) ;
#2823 = CARTESIAN_POINT ( 'NONE',  ( 0.3686929376419000900, 0.5385600000000000400, -0.2752507357681145400 ) ) ;
#2824 =( GEOMETRIC_REPRESENTATION_CONTEXT ( 3 ) GLOBAL_UNCERTAINTY_ASSIGNED_CONTEXT ( ( #39 ) ) GLOBAL_UNIT_ASSIGNED_CONTEXT ( ( #710, #5, #3221 ) ) REPRESENTATION_CONTEXT ( 'NONE', 'WORKASPACE' ) );
#2825 = EDGE_LOOP ( 'NONE', ( #3847, #1535, #2918, #1150 ) ) ;
#2826 = DIRECTION ( 'NONE',  ( 1.000000000000000000, 0.0000000000000000000, 0.0000000000000000000 ) ) ;
#2827 = VERTEX_POINT ( 'NONE', #4271 ) ;
#2828 = EDGE_CURVE ( 'NONE', #2322, #4312, #3899, .T. ) ;
#2829 = FACE_OUTER_BOUND ( 'NONE', #2962, .T. ) ;
#2830 = SURFACE_STYLE_USAGE ( .BOTH. , #651 ) ;
#2831 =( BOUNDED_CURVE ( )  B_SPLINE_CURVE ( 3, ( #3038, #2347, #886, #192 ),
 .UNSPECIFIED., .F., .F. ) 
 B_SPLINE_CURVE_WITH_KNOTS ( ( 4, 4 ),
 ( 4.712388980384689700, 5.009640341019510500 ),
 .UNSPECIFIED. ) 
 CURVE ( )  GEOMETRIC_REPRESENTATION_ITEM ( )  RATIONAL_B_SPLINE_CURVE ( ( 1.000000000000000000, 0.9926503465769136400, 0.9926503465769136400, 1.000000000000000000 ) ) 
 REPRESENTATION_ITEM ( '' )  );
#2832 = CIRCLE ( 'NONE', #2297, 0.01143999999999998500 ) ;
#2833 = FILL_AREA_STYLE ('',( #1453 ) ) ;
#2834 = EDGE_CURVE ( 'NONE', #2694, #3791, #119, .T. ) ;
#2835 = DIRECTION ( 'NONE',  ( -4.738645858765316500E-015, 1.000000000000000000, 0.0000000000000000000 ) ) ;
#2836 = CARTESIAN_POINT ( 'NONE',  ( 0.3360000000000000800, 0.5435600000000000400, -0.2349050000000000000 ) ) ;
#2837 = CARTESIAN_POINT ( 'NONE',  ( 0.2999999999999999300, 0.01144000000000004000, -0.02288000000000008100 ) ) ;
#2838 = FACE_OUTER_BOUND ( 'NONE', #1193, .T. ) ;
#2839 = SURFACE_STYLE_USAGE ( .BOTH. , #3918 ) ;
#2840 = MECHANICAL_DESIGN_GEOMETRIC_PRESENTATION_REPRESENTATION (  '', ( #394 ), #3453 ) ;
#2841 = AXIS2_PLACEMENT_3D ( 'NONE', #693, #2131, #4547 ) ;
#2842 = CARTESIAN_POINT ( 'NONE',  ( 0.7504057935791905700, 0.01510378140969297100, -0.01447761543708048700 ) ) ;
#2843 = SPHERICAL_SURFACE ( 'NONE', #2929, 0.01144000000000000100 ) ;
#2844 = DIRECTION ( 'NONE',  ( -0.2763173343569957400, 0.0000000000000000000, 0.9610664548998910700 ) ) ;
#2845 = FACE_OUTER_BOUND ( 'NONE', #304, .T. ) ;
#2846 = AXIS2_PLACEMENT_3D ( 'NONE', #563, #4366, #3720 ) ;
#2847 = EDGE_LOOP ( 'NONE', ( #2303, #508, #4171, #1635 ) ) ;
#2848 = DIRECTION ( 'NONE',  ( 1.000000000000000000, -0.0000000000000000000, 0.0000000000000000000 ) ) ;
#2849 = DIRECTION ( 'NONE',  ( 0.0000000000000000000, 0.0000000000000000000, -1.000000000000000000 ) ) ;
#2850 = DIRECTION ( 'NONE',  ( 0.0000000000000000000, -1.000000000000000000, 0.0000000000000000000 ) ) ;
#2851 = LINE ( 'NONE', #521, #1859 ) ;
#2852 = CARTESIAN_POINT ( 'NONE',  ( 0.01143999999999993100, 0.01144000000000000100, 0.0000000000000000000 ) ) ;
#2853 = CARTESIAN_POINT ( 'NONE',  ( 0.7614400000000002300, 0.5385600000000000400, -0.5385600000000000400 ) ) ;
#2854 = ORIENTED_EDGE ( 'NONE', *, *, #2634, .F. ) ;
#2855 = EDGE_CURVE ( 'NONE', #3989, #2316, #2433, .T. ) ;
#2856 = PRESENTATION_LAYER_ASSIGNMENT (  '', '', ( #3469 ) ) ;
#2857 = ORIENTED_EDGE ( 'NONE', *, *, #561, .T. ) ;
#2858 = MANIFOLD_SOLID_BREP ( 'Scale1[1]', #2472 ) ;
#2859 = PLANE ( 'NONE',  #393 ) ;
#2860 = ORIENTED_EDGE ( 'NONE', *, *, #3100, .F. ) ;
#2861 = EDGE_CURVE ( 'NONE', #1329, #1595, #3251, .T. ) ;
#2862 = FILL_AREA_STYLE ('',( #2881 ) ) ;
#2863 = DIRECTION ( 'NONE',  ( 0.2763139702539145800, 0.0000000000000000000, -0.9610674221107063900 ) ) ;
#2864 = LINE ( 'NONE', #2039, #2759 ) ;
#2865 = COLOUR_RGB ( '',0.7686274509803920900, 0.7686274509803920900, 0.7686274509803920900 ) ;
#2866 = VERTEX_POINT ( 'NONE', #2151 ) ;
#2867 = DIRECTION ( 'NONE',  ( -0.3829140317376895600, 0.0000000000000000000, -0.9237839814038711900 ) ) ;
#2868 = SURFACE_STYLE_USAGE ( .BOTH. , #1066 ) ;
#2869 = CARTESIAN_POINT ( 'NONE',  ( 0.01143999999999993100, 0.0000000000000000000, -0.5500000000000000400 ) ) ;
#2870 = AXIS2_PLACEMENT_3D ( 'NONE', #3434, #3892, #979 ) ;
#2871 = ADVANCED_FACE ( 'NONE', ( #553 ), #4399, .T. ) ;
#2872 = ORIENTED_EDGE ( 'NONE', *, *, #2746, .T. ) ;
#2873 = VERTEX_POINT ( 'NONE', #3181 ) ;
#2874 = DIRECTION ( 'NONE',  ( 1.000000000000000000, 0.0000000000000000000, 0.0000000000000000000 ) ) ;
#2875 = ORIENTED_EDGE ( 'NONE', *, *, #207, .F. ) ;
#2876 =( LENGTH_UNIT ( ) NAMED_UNIT ( * ) SI_UNIT ( .MILLI., .METRE. ) );
#2877 =( GEOMETRIC_REPRESENTATION_CONTEXT ( 3 ) GLOBAL_UNCERTAINTY_ASSIGNED_CONTEXT ( ( #2083 ) ) GLOBAL_UNIT_ASSIGNED_CONTEXT ( ( #1520, #1169, #460 ) ) REPRESENTATION_CONTEXT ( 'NONE', 'WORKASPACE' ) );
#2878 = CARTESIAN_POINT ( 'NONE',  ( 0.5747576101742125600, 0.5385600000000000400, -0.2349049999999999700 ) ) ;
#2879 = VERTEX_POINT ( 'NONE', #1094 ) ;
#2880 = SURFACE_STYLE_FILL_AREA ( #2833 ) ;
#2881 = FILL_AREA_STYLE_COLOUR ( '', #3591 ) ;
#2882 = DIRECTION ( 'NONE',  ( 1.000000000000000000, 0.0000000000000000000, -3.405901710987575800E-015 ) ) ;
#2883 = EDGE_CURVE ( 'NONE', #1019, #3421, #4138, .T. ) ;
#2884 = DIRECTION ( 'NONE',  ( 0.0000000000000000000, -1.000000000000000000, 0.0000000000000000000 ) ) ;
#2885 = DIRECTION ( 'NONE',  ( 1.000000000000000000, 0.0000000000000000000, 0.0000000000000000000 ) ) ;
#2886 = PRESENTATION_STYLE_ASSIGNMENT (( #720 ) ) ;
#2887 = DIRECTION ( 'NONE',  ( 0.0000000000000000000, -1.000000000000000000, 0.0000000000000000000 ) ) ;
#2888 = AXIS2_PLACEMENT_3D ( 'NONE', #4383, #3399, #1285 ) ;
#2889 = VERTEX_POINT ( 'NONE', #4244 ) ;
#2890 = COLOUR_RGB ( '',0.7686274509803920900, 0.7686274509803920900, 0.7686274509803920900 ) ;
#2891 = CYLINDRICAL_SURFACE ( 'NONE', #2888, 0.01143999999999998500 ) ;
#2892 = DIRECTION ( 'NONE',  ( 0.0000000000000000000, 0.0000000000000000000, 1.000000000000000000 ) ) ;
#2893 = EDGE_CURVE ( 'NONE', #2370, #4347, #2113, .T. ) ;
#2894 = B_SPLINE_CURVE_WITH_KNOTS ( 'NONE', 3,
 ( #940, #3699, #2408, #2768, #4217, #2132, #2454, #350, #331, #7 ),
 .UNSPECIFIED., .F., .F.,
 ( 4, 3, 3, 4 ),
 ( 0.0000000000000000000, 3.807012292923933200E-006, 7.621886349125305100E-006, 8.963476866336239400E-006 ),
 .UNSPECIFIED. ) ;
#2895 = CYLINDRICAL_SURFACE ( 'NONE', #535, 0.01144000000000000100 ) ;
#2896 = LINE ( 'NONE', #1255, #3110 ) ;
#2897 = ADVANCED_FACE ( 'NONE', ( #4512 ), #3697, .T. ) ;
#2898 = SURFACE_SIDE_STYLE ('',( #3643 ) ) ;
#2899 = CARTESIAN_POINT ( 'NONE',  ( 0.01144000000000000100, 0.01144000000000000100, -0.01144000000000000100 ) ) ;
#2900 = EDGE_CURVE ( 'NONE', #478, #2407, #175, .T. ) ;
#2901 = DIRECTION ( 'NONE',  ( 1.000000000000000000, 0.0000000000000000000, 0.0000000000000000000 ) ) ;
#2902 = CARTESIAN_POINT ( 'NONE',  ( 0.4958358707841643000, 0.5435600000000000400, -0.2349049999999999700 ) ) ;
#2903 = CARTESIAN_POINT ( 'NONE',  ( 0.7502476055771925000, 0.5343798165902121600, -0.01396121343666403100 ) ) ;
#2904 = PRESENTATION_STYLE_ASSIGNMENT (( #777 ) ) ;
#2905 = VERTEX_POINT ( 'NONE', #1180 ) ;
#2906 = CARTESIAN_POINT ( 'NONE',  ( 0.7614400000000002300, 0.01144000000000000100, -0.01144000000000000100 ) ) ;
#2907 = CIRCLE ( 'NONE', #2457, 0.01144000000000004000 ) ;
#2908 = ORIENTED_EDGE ( 'NONE', *, *, #2201, .T. ) ;
#2909 = SURFACE_STYLE_USAGE ( .BOTH. , #436 ) ;
#2910 = DIRECTION ( 'NONE',  ( 0.9610348236706642800, 0.0000000000000000000, 0.2764273280489743500 ) ) ;
#2911 =( NAMED_UNIT ( * ) PLANE_ANGLE_UNIT ( ) SI_UNIT ( $, .RADIAN. ) );
#2912 = CIRCLE ( 'NONE', #4009, 0.01144000000000000100 ) ;
#2913 = VERTEX_POINT ( 'NONE', #1154 ) ;
#2914 = DIRECTION ( 'NONE',  ( -1.000000000000000000, 0.0000000000000000000, 0.0000000000000000000 ) ) ;
#2915 = DIRECTION ( 'NONE',  ( -0.0000000000000000000, -1.000000000000000000, -0.0000000000000000000 ) ) ;
#2916 = FILL_AREA_STYLE_COLOUR ( '', #4031 ) ;
#2917 = LINE ( 'NONE', #1779, #755 ) ;
#2918 = ORIENTED_EDGE ( 'NONE', *, *, #4330, .F. ) ;
#2919 = ADVANCED_FACE ( 'NONE', ( #667 ), #437, .T. ) ;
#2920 = AXIS2_PLACEMENT_3D ( 'NONE', #459, #1151, #2197 ) ;
#2921 = COLOUR_RGB ( '',0.7686274509803920900, 0.7686274509803920900, 0.7686274509803920900 ) ;
#2922 = ORIENTED_EDGE ( 'NONE', *, *, #841, .F. ) ;
#2923 = CARTESIAN_POINT ( 'NONE',  ( 0.3694283491830324700, 0.5435600000000000400, -0.2775236204091264800 ) ) ;
#2924 = EDGE_CURVE ( 'NONE', #384, #1882, #3530, .T. ) ;
#2925 = EDGE_LOOP ( 'NONE', ( #1807, #4306, #1428 ) ) ;
#2926 =( NAMED_UNIT ( * ) PLANE_ANGLE_UNIT ( ) SI_UNIT ( $, .RADIAN. ) );
#2927 = DIRECTION ( 'NONE',  ( 1.000000000000000000, 0.0000000000000000000, -0.0000000000000000000 ) ) ;
#2928 = CARTESIAN_POINT ( 'NONE',  ( 0.2997523944228078800, 0.01396121343666401900, -0.5343798165902121600 ) ) ;
#2929 = AXIS2_PLACEMENT_3D ( 'NONE', #2906, #2223, #1120 ) ;
#2930 =( GEOMETRIC_REPRESENTATION_CONTEXT ( 3 ) GLOBAL_UNCERTAINTY_ASSIGNED_CONTEXT ( ( #3624 ) ) GLOBAL_UNIT_ASSIGNED_CONTEXT ( ( #1222, #4406, #2331 ) ) REPRESENTATION_CONTEXT ( 'NONE', 'WORKASPACE' ) );
#2931 = ORIENTED_EDGE ( 'NONE', *, *, #3118, .T. ) ;
#2932 = PRESENTATION_STYLE_ASSIGNMENT (( #2818 ) ) ;
#2933 = SURFACE_SIDE_STYLE ('',( #146 ) ) ;
#2934 = ORIENTED_EDGE ( 'NONE', *, *, #4537, .F. ) ;
#2935 = SURFACE_STYLE_FILL_AREA ( #3636 ) ;
#2936 = PRESENTATION_LAYER_ASSIGNMENT (  '', '', ( #804 ) ) ;
#2937 = DIRECTION ( 'NONE',  ( 0.0000000000000000000, -1.000000000000000000, 0.0000000000000000000 ) ) ;
#2938 = ADVANCED_FACE ( 'NONE', ( #1553 ), #2428, .T. ) ;
#2939 = CARTESIAN_POINT ( 'NONE',  ( 0.4010074378511139800, 0.5435600000000000400, -0.3092102531213381500 ) ) ;
#2940 = SURFACE_STYLE_USAGE ( .BOTH. , #808 ) ;
#2941 = VERTEX_POINT ( 'NONE', #81 ) ;
#2942 = VECTOR ( 'NONE', #2675, 1000.000000000000000 ) ;
#2943 = CARTESIAN_POINT ( 'NONE',  ( -6.967927563075477400E-005, 0.5435599999999998200, 0.01497545632595000600 ) ) ;
#2944 = CARTESIAN_POINT ( 'NONE',  ( 0.3694283491830324700, 0.5385600000000000400, -0.2775236204091264800 ) ) ;
#2945 = VECTOR ( 'NONE', #3948, 1000.000000000000100 ) ;
#2946 = CIRCLE ( 'NONE', #812, 0.01144000000000004000 ) ;
#2947 = DIRECTION ( 'NONE',  ( -0.0000000000000000000, -0.0000000000000000000, 1.000000000000000000 ) ) ;
#2948 = PRESENTATION_LAYER_ASSIGNMENT (  '', '', ( #1703 ) ) ;
#2949 = FACE_OUTER_BOUND ( 'NONE', #4214, .T. ) ;
#2950 = DIRECTION ( 'NONE',  ( -2.459231407381525800E-015, 0.0000000000000000000, -1.000000000000000000 ) ) ;
#2951 = EDGE_CURVE ( 'NONE', #3256, #211, #3585, .T. ) ;
#2952 = CARTESIAN_POINT ( 'NONE',  ( 0.7499999999999820100, 0.02228299758247093500, -0.5385600000000009300 ) ) ;
#2953 = DIRECTION ( 'NONE',  ( -1.000000000000000000, 0.0000000000000000000, 0.0000000000000000000 ) ) ;
#2954 = CARTESIAN_POINT ( 'NONE',  ( 1.050000000000000000, 0.0000000000000000000, -0.5500000000000000400 ) ) ;
#2955 =( GEOMETRIC_REPRESENTATION_CONTEXT ( 3 ) GLOBAL_UNCERTAINTY_ASSIGNED_CONTEXT ( ( #402 ) ) GLOBAL_UNIT_ASSIGNED_CONTEXT ( ( #3057, #937, #3402 ) ) REPRESENTATION_CONTEXT ( 'NONE', 'WORKASPACE' ) );
#2956 = CYLINDRICAL_SURFACE ( 'NONE', #4507, 0.01143999999999998500 ) ;
#2957 =( NAMED_UNIT ( * ) SI_UNIT ( $, .STERADIAN. ) SOLID_ANGLE_UNIT ( ) );
#2958 = EDGE_LOOP ( 'NONE', ( #3833, #1317, #387, #4252 ) ) ;
#2959 = FILL_AREA_STYLE_COLOUR ( '', #1272 ) ;
#2960 = VECTOR ( 'NONE', #2248, 1000.000000000000200 ) ;
#2961 =( GEOMETRIC_REPRESENTATION_CONTEXT ( 3 ) GLOBAL_UNCERTAINTY_ASSIGNED_CONTEXT ( ( #2027 ) ) GLOBAL_UNIT_ASSIGNED_CONTEXT ( ( #3227, #18, #2138 ) ) REPRESENTATION_CONTEXT ( 'NONE', 'WORKASPACE' ) );
#2962 = EDGE_LOOP ( 'NONE', ( #4051, #499, #4495, #3104, #260, #161 ) ) ;
#2963 = DIRECTION ( 'NONE',  ( 0.0000000000000000000, 0.0000000000000000000, 1.000000000000000000 ) ) ;
#2964 = LINE ( 'NONE', #4274, #2702 ) ;
#2965 =( NAMED_UNIT ( * ) SI_UNIT ( $, .STERADIAN. ) SOLID_ANGLE_UNIT ( ) );
#2966 = ORIENTED_EDGE ( 'NONE', *, *, #2753, .T. ) ;
#2967 = EDGE_CURVE ( 'NONE', #43, #1515, #2981, .T. ) ;
#2968 = FILL_AREA_STYLE_COLOUR ( '', #1792 ) ;
#2969 = CARTESIAN_POINT ( 'NONE',  ( 0.2997523944228077700, 0.01562018340978794100, -0.01396121343666394500 ) ) ;
#2970 = PLANE ( 'NONE',  #960 ) ;
#2971 = MECHANICAL_DESIGN_GEOMETRIC_PRESENTATION_REPRESENTATION (  '', ( #2193 ), #1371 ) ;
#2972 = LINE ( 'NONE', #3043, #1309 ) ;
#2973 = EDGE_LOOP ( 'NONE', ( #3959, #270, #722, #2383 ) ) ;
#2974 = DIRECTION ( 'NONE',  ( 0.0000000000000000000, 0.0000000000000000000, -1.000000000000000000 ) ) ;
#2975 = UNCERTAINTY_MEASURE_WITH_UNIT (LENGTH_MEASURE( 1.000000000000000100E-005 ), #2977, 'distance_accuracy_value', 'NONE');
#2976 = CARTESIAN_POINT ( 'NONE',  ( 0.7614400000000002300, 0.0000000000000000000, -0.5385600000000000400 ) ) ;
#2977 =( LENGTH_UNIT ( ) NAMED_UNIT ( * ) SI_UNIT ( .MILLI., .METRE. ) );
#2978 = VECTOR ( 'NONE', #909, 1000.000000000000000 ) ;
#2979 = ORIENTED_EDGE ( 'NONE', *, *, #3946, .T. ) ;
#2980 = EDGE_CURVE ( 'NONE', #2771, #337, #390, .T. ) ;
#2981 = LINE ( 'NONE', #2214, #4078 ) ;
#2982 = CARTESIAN_POINT ( 'NONE',  ( 0.7112903907351556500, 0.5435600000000000400, -0.2948616750556482000 ) ) ;
#2983 = LINE ( 'NONE', #1999, #1264 ) ;
#2984 = ORIENTED_EDGE ( 'NONE', *, *, #2079, .F. ) ;
#2985 = DIRECTION ( 'NONE',  ( 1.000000000000000000, 0.0000000000000000000, 0.0000000000000000000 ) ) ;
#2986 = EDGE_LOOP ( 'NONE', ( #995, #2769, #3133, #2212, #204, #3199 ) ) ;
#2987 = EDGE_CURVE ( 'NONE', #526, #1337, #1372, .T. ) ;
#2988 =( NAMED_UNIT ( * ) SI_UNIT ( $, .STERADIAN. ) SOLID_ANGLE_UNIT ( ) );
#2989 = DIRECTION ( 'NONE',  ( 1.000000000000000000, 0.0000000000000000000, 0.0000000000000000000 ) ) ;
#2990 = EDGE_LOOP ( 'NONE', ( #2094, #292, #805, #1323 ) ) ;
#2991 = ORIENTED_EDGE ( 'NONE', *, *, #4447, .F. ) ;
#2992 = DIRECTION ( 'NONE',  ( -1.000000000000000000, 0.0000000000000000000, 0.0000000000000000000 ) ) ;
#2993 = FACE_OUTER_BOUND ( 'NONE', #1821, .T. ) ;
#2994 = CARTESIAN_POINT ( 'NONE',  ( 0.5660212380781566300, 0.5435600000000000400, -0.3013755790968982200 ) ) ;
#2995 = AXIS2_PLACEMENT_3D ( 'NONE', #2439, #329, #2790 ) ;
#2996 = MECHANICAL_DESIGN_GEOMETRIC_PRESENTATION_REPRESENTATION (  '', ( #3306 ), #1006 ) ;
#2997 = VECTOR ( 'NONE', #665, 1000.000000000000000 ) ;
#2998 = VECTOR ( 'NONE', #249, 1000.000000000000000 ) ;
#2999 = CARTESIAN_POINT ( 'NONE',  ( 0.5999319539321355000, 0.5435600000000000400, -0.2490443306742744500 ) ) ;
#3000 = LINE ( 'NONE', #531, #2073 ) ;
#3001 = SURFACE_STYLE_USAGE ( .BOTH. , #1196 ) ;
#3002 =( NAMED_UNIT ( * ) PLANE_ANGLE_UNIT ( ) SI_UNIT ( $, .RADIAN. ) );
#3003 = DIRECTION ( 'NONE',  ( -1.000000000000000000, 0.0000000000000000000, 0.0000000000000000000 ) ) ;
#3004 =( NAMED_UNIT ( * ) SI_UNIT ( $, .STERADIAN. ) SOLID_ANGLE_UNIT ( ) );
#3005 = LINE ( 'NONE', #903, #2344 ) ;
#3006 = CARTESIAN_POINT ( 'NONE',  ( 0.6909462981555399800, 0.5435600000000000400, -0.2948632901420590300 ) ) ;
#3007 = CARTESIAN_POINT ( 'NONE',  ( 0.6471948503523864400, 0.5385600000000000400, -0.2949683489253425200 ) ) ;
#3008 = DIRECTION ( 'NONE',  ( 1.000000000000000000, 0.0000000000000000000, -0.0000000000000000000 ) ) ;
#3009 = CARTESIAN_POINT ( 'NONE',  ( 0.7154139239656097700, 0.5435600000000000400, -0.3092102531213381500 ) ) ;
#3010 = DIRECTION ( 'NONE',  ( 1.000000000000000000, 0.0000000000000000000, 0.0000000000000000000 ) ) ;
#3011 = EDGE_CURVE ( 'NONE', #1105, #1557, #2054, .T. ) ;
#3012 = EDGE_LOOP ( 'NONE', ( #649, #3525, #3747, #2116, #2795, #1894, #3210, #873 ) ) ;
#3013 = FILL_AREA_STYLE_COLOUR ( '', #3981 ) ;
#3014 = SURFACE_SIDE_STYLE ('',( #1709 ) ) ;
#3015 = CARTESIAN_POINT ( 'NONE',  ( 0.2999999999999999300, 0.5385600000000000400, -0.02288000000000008100 ) ) ;
#3016 = VECTOR ( 'NONE', #2992, 1000.000000000000000 ) ;
#3017 = ORIENTED_EDGE ( 'NONE', *, *, #434, .F. ) ;
#3018 = AXIS2_PLACEMENT_3D ( 'NONE', #3120, #1050, #3876 ) ;
#3019 =( LENGTH_UNIT ( ) NAMED_UNIT ( * ) SI_UNIT ( .MILLI., .METRE. ) );
#3020 =( LENGTH_UNIT ( ) NAMED_UNIT ( * ) SI_UNIT ( .MILLI., .METRE. ) );
#3021 = CARTESIAN_POINT ( 'NONE',  ( 0.01144000000000000100, 0.5385600000000000400, -0.5385600000000000400 ) ) ;
#3022 = CARTESIAN_POINT ( 'NONE',  ( 0.2885599999999999300, 0.5385600000000000400, 0.0000000000000000000 ) ) ;
#3023 = VERTEX_POINT ( 'NONE', #783 ) ;
#3024 = PLANE ( 'NONE',  #2287 ) ;
#3025 = ADVANCED_FACE ( 'NONE', ( #1660 ), #3605, .F. ) ;
#3026 = CARTESIAN_POINT ( 'NONE',  ( 0.5309311526591329300, 0.5435600000000000400, -0.2349049999999999700 ) ) ;
#3027 = MECHANICAL_DESIGN_GEOMETRIC_PRESENTATION_REPRESENTATION (  '', ( #4520 ), #891 ) ;
#3028 = LINE ( 'NONE', #557, #2210 ) ;
#3029 = VERTEX_POINT ( 'NONE', #3282 ) ;
#3030 = CARTESIAN_POINT ( 'NONE',  ( 1.050000000000000000, 0.5385600000000000400, 0.0000000000000000000 ) ) ;
#3031 = EDGE_CURVE ( 'NONE', #1647, #2752, #2165, .T. ) ;
#3032 = EDGE_LOOP ( 'NONE', ( #4305, #4081, #713, #4030 ) ) ;
#3033 = DIRECTION ( 'NONE',  ( 0.0000000000000000000, -1.000000000000000000, 0.0000000000000000000 ) ) ;
#3034 = UNCERTAINTY_MEASURE_WITH_UNIT (LENGTH_MEASURE( 1.000000000000000100E-005 ), #325, 'distance_accuracy_value', 'NONE');
#3035 = COLOUR_RGB ( '',0.7686274509803920900, 0.7686274509803920900, 0.7686274509803920900 ) ;
#3036 = VECTOR ( 'NONE', #3559, 1000.000000000000100 ) ;
#3037 = ORIENTED_EDGE ( 'NONE', *, *, #1938, .F. ) ;
#3038 = CARTESIAN_POINT ( 'NONE',  ( 0.2999999999999999300, 0.5385600000000000400, -0.5385600000000000400 ) ) ;
#3039 = DIRECTION ( 'NONE',  ( 0.0000000000000000000, -1.000000000000000000, 0.0000000000000000000 ) ) ;
#3040 = CARTESIAN_POINT ( 'NONE',  ( 1.038560000000000100, 0.0000000000000000000, -0.01144000000000000100 ) ) ;
#3041 = EDGE_CURVE ( 'NONE', #1413, #1108, #4455, .T. ) ;
#3042 = ORIENTED_EDGE ( 'NONE', *, *, #2384, .F. ) ;
#3043 = CARTESIAN_POINT ( 'NONE',  ( 0.4254606038979855700, 0.5435600000000000400, -0.3092102531213381500 ) ) ;
#3044 = ORIENTED_EDGE ( 'NONE', *, *, #4442, .F. ) ;
#3045 = VECTOR ( 'NONE', #839, 1000.000000000000000 ) ;
#3046 = EDGE_CURVE ( 'NONE', #1545, #1354, #2272, .T. ) ;
#3047 = DIRECTION ( 'NONE',  ( 0.9610853065513834700, 0.0000000000000000000, 0.2762517575166416100 ) ) ;
#3048 = DIRECTION ( 'NONE',  ( 0.0000000000000000000, 0.0000000000000000000, 1.000000000000000000 ) ) ;
#3049 = CARTESIAN_POINT ( 'NONE',  ( 0.2999999999999999300, 0.5271199999999999200, -0.5271199999999999200 ) ) ;
#3050 = ORIENTED_EDGE ( 'NONE', *, *, #2794, .F. ) ;
#3051 = ADVANCED_FACE ( 'NONE', ( #3196 ), #2657, .T. ) ;
#3052 =( NAMED_UNIT ( * ) PLANE_ANGLE_UNIT ( ) SI_UNIT ( $, .RADIAN. ) );
#3053 = CARTESIAN_POINT ( 'NONE',  ( 0.2885599999999999300, 0.01144000000000000100, 0.0000000000000000000 ) ) ;
#3054 = VECTOR ( 'NONE', #2471, 1000.000000000000000 ) ;
#3055 = LINE ( 'NONE', #1874, #1163 ) ;
#3056 = PRESENTATION_LAYER_ASSIGNMENT (  '', '', ( #4254 ) ) ;
#3057 =( LENGTH_UNIT ( ) NAMED_UNIT ( * ) SI_UNIT ( .MILLI., .METRE. ) );
#3058 = DIRECTION ( 'NONE',  ( 0.2745159998572619900, 0.0000000000000000000, -0.9615825319869156800 ) ) ;
#3059 = LINE ( 'NONE', #2394, #2137 ) ;
#3060 = MECHANICAL_DESIGN_GEOMETRIC_PRESENTATION_REPRESENTATION (  '', ( #1278 ), #20 ) ;
#3061 = DIRECTION ( 'NONE',  ( 1.000000000000000000, 0.0000000000000000000, 0.0000000000000000000 ) ) ;
#3062 = FILL_AREA_STYLE_COLOUR ( '', #242 ) ;
#3063 = SURFACE_SIDE_STYLE ('',( #3395 ) ) ;
#3064 = EDGE_CURVE ( 'NONE', #3233, #211, #660, .T. ) ;
#3065 = LINE ( 'NONE', #3224, #4213 ) ;
#3066 = VERTEX_POINT ( 'NONE', #1262 ) ;
#3067 = DIRECTION ( 'NONE',  ( 0.0000000000000000000, -1.000000000000000000, 0.0000000000000000000 ) ) ;
#3068 = ADVANCED_FACE ( 'NONE', ( #4391 ), #3685, .T. ) ;
#3069 = VECTOR ( 'NONE', #1446, 1000.000000000000000 ) ;
#3070 = VERTEX_POINT ( 'NONE', #2325 ) ;
#3071 = EDGE_CURVE ( 'NONE', #3070, #4394, #716, .T. ) ;
#3072 = ORIENTED_EDGE ( 'NONE', *, *, #1891, .F. ) ;
#3073 = CARTESIAN_POINT ( 'NONE',  ( 0.2885599999999999300, 0.5385600000000000400, -0.5500000000000000400 ) ) ;
#3074 = DIRECTION ( 'NONE',  ( 1.000000000000000000, 0.0000000000000000000, 0.0000000000000000000 ) ) ;
#3075 = STYLED_ITEM ( 'NONE', ( #1327 ), #1808 ) ;
#3076 = AXIS2_PLACEMENT_3D ( 'NONE', #4212, #363, #4231 ) ;
#3077 = AXIS2_PLACEMENT_3D ( 'NONE', #2545, #3326, #2989 ) ;
#3078 = ORIENTED_EDGE ( 'NONE', *, *, #2450, .F. ) ;
#3079 = DIRECTION ( 'NONE',  ( 0.0000000000000000000, 0.0000000000000000000, 1.000000000000000000 ) ) ;
#3080 = CARTESIAN_POINT ( 'NONE',  ( 0.2995942064208096900, 0.5348962185903071200, -0.01447761543708052600 ) ) ;
#3081 = ORIENTED_EDGE ( 'NONE', *, *, #2900, .T. ) ;
#3082 = PRESENTATION_LAYER_ASSIGNMENT (  '', '', ( #2625 ) ) ;
#3083 = LINE ( 'NONE', #1522, #1607 ) ;
#3084 = ORIENTED_EDGE ( 'NONE', *, *, #3046, .F. ) ;
#3085 = B_SPLINE_CURVE_WITH_KNOTS ( 'NONE', 3,
 ( #88, #2903, #3729, #1206, #3135, #3819, #2417, #3182, #3540, #1017 ),
 .UNSPECIFIED., .F., .F.,
 ( 4, 3, 3, 4 ),
 ( 0.0000000000000000000, 3.600817818562798300E-006, 7.182643422685458700E-006, 8.953374655983192400E-006 ),
 .UNSPECIFIED. ) ;
#3086 = ORIENTED_EDGE ( 'NONE', *, *, #1618, .T. ) ;
#3087 = EDGE_CURVE ( 'NONE', #1698, #478, #1433, .T. ) ;
#3088 = CARTESIAN_POINT ( 'NONE',  ( 0.2994983006540903300, 0.5352093015767741500, -0.5352093015767740400 ) ) ;
#3089 = VECTOR ( 'NONE', #4047, 1000.000000000000000 ) ;
#3090 = VERTEX_POINT ( 'NONE', #167 ) ;
#3091 = ADVANCED_FACE ( 'NONE', ( #3192 ), #3798, .T. ) ;
#3092 = AXIS2_PLACEMENT_3D ( 'NONE', #2800, #688, #703 ) ;
#3093 = ORIENTED_EDGE ( 'NONE', *, *, #4304, .F. ) ;
#3094 = VECTOR ( 'NONE', #3589, 1000.000000000000000 ) ;
#3095 = EDGE_LOOP ( 'NONE', ( #619, #3436, #1447, #2555 ) ) ;
#3096 = FILL_AREA_STYLE_COLOUR ( '', #2514 ) ;
#3097 =( LENGTH_UNIT ( ) NAMED_UNIT ( * ) SI_UNIT ( .MILLI., .METRE. ) );
#3098 = CARTESIAN_POINT ( 'NONE',  ( 0.4781387753146238400, 0.5385600000000000400, -0.2675093720178338700 ) ) ;
#3099 = VERTEX_POINT ( 'NONE', #1958 ) ;
#3100 = EDGE_CURVE ( 'NONE', #3099, #423, #3294, .T. ) ;
#3101 = SURFACE_STYLE_USAGE ( .BOTH. , #3437 ) ;
#3102 = AXIS2_PLACEMENT_3D ( 'NONE', #3719, #3704, #1641 ) ;
#3103 = CARTESIAN_POINT ( 'NONE',  ( 0.2999999999999999300, 0.5385600000000000400, -0.5385600000000000400 ) ) ;
#3104 = ORIENTED_EDGE ( 'NONE', *, *, #4537, .T. ) ;
#3105 = LINE ( 'NONE', #3738, #462 ) ;
#3106 = VECTOR ( 'NONE', #2656, 1000.000000000000000 ) ;
#3107 = CARTESIAN_POINT ( 'NONE',  ( 0.7500087662382981500, 0.5378538208055047000, -0.5312535179385913200 ) ) ;
#3108 =( LENGTH_UNIT ( ) NAMED_UNIT ( * ) SI_UNIT ( .MILLI., .METRE. ) );
#3109 = MECHANICAL_DESIGN_GEOMETRIC_PRESENTATION_REPRESENTATION (  '', ( #1335 ), #1121 ) ;
#3110 = VECTOR ( 'NONE', #3805, 1000.000000000000000 ) ;
#3111 = ADVANCED_FACE ( 'NONE', ( #164 ), #2314, .F. ) ;
#3112 = CARTESIAN_POINT ( 'NONE',  ( 1.050000000000000000, 0.0000000000000000000, -0.5385600000000000400 ) ) ;
#3113 = EDGE_CURVE ( 'NONE', #1531, #3066, #1314, .T. ) ;
#3114 = AXIS2_PLACEMENT_3D ( 'NONE', #251, #950, #3412 ) ;
#3115 = CIRCLE ( 'NONE', #188, 0.01144000000000000100 ) ;
#3116 = EDGE_LOOP ( 'NONE', ( #1028, #1860, #2492, #645 ) ) ;
#3117 = CARTESIAN_POINT ( 'NONE',  ( 1.038560000000000100, 0.01144000000000000100, -0.01144000000000000100 ) ) ;
#3118 = EDGE_CURVE ( 'NONE', #781, #1705, #3521, .T. ) ;
#3119 = CARTESIAN_POINT ( 'NONE',  ( 0.7614400000000002300, 0.01144000000000000100, -0.5385600000000000400 ) ) ;
#3120 = CARTESIAN_POINT ( 'NONE',  ( 0.2885599999999999800, 0.01144000000000000100, 0.0000000000000000000 ) ) ;
#3121 = LINE ( 'NONE', #1995, #100 ) ;
#3122 = ORIENTED_EDGE ( 'NONE', *, *, #3031, .T. ) ;
#3123 = DIRECTION ( 'NONE',  ( 0.0000000000000000000, 0.0000000000000000000, -1.000000000000000000 ) ) ;
#3124 = SURFACE_STYLE_USAGE ( .BOTH. , #6 ) ;
#3125 = ORIENTED_EDGE ( 'NONE', *, *, #2228, .T. ) ;
#3126 = EDGE_CURVE ( 'NONE', #3099, #4089, #2864, .T. ) ;
#3127 = ORIENTED_EDGE ( 'NONE', *, *, #2136, .F. ) ;
#3128 = ADVANCED_FACE ( 'NONE', ( #2809 ), #2050, .T. ) ;
#3129 = DIRECTION ( 'NONE',  ( 1.000000000000000000, 0.0000000000000000000, 0.0000000000000000000 ) ) ;
#3130 = MECHANICAL_DESIGN_GEOMETRIC_PRESENTATION_REPRESENTATION (  '', ( #4334 ), #3615 ) ;
#3131 = CARTESIAN_POINT ( 'NONE',  ( 0.7499997171113205200, 0.5385129807314549300, -0.5283158263398677300 ) ) ;
#3132 = LINE ( 'NONE', #3030, #3242 ) ;
#3133 = ORIENTED_EDGE ( 'NONE', *, *, #3180, .F. ) ;
#3134 = DIRECTION ( 'NONE',  ( 1.000000000000000000, 0.0000000000000000000, 0.0000000000000000000 ) ) ;
#3135 = CARTESIAN_POINT ( 'NONE',  ( 0.7500087662382981500, 0.5312535179385913200, -0.01214617919449535000 ) ) ;
#3136 = DIRECTION ( 'NONE',  ( 1.000000000000000000, 0.0000000000000000000, 0.0000000000000000000 ) ) ;
#3137 = VERTEX_POINT ( 'NONE', #273 ) ;
#3138 = DIRECTION ( 'NONE',  ( -0.0000000000000000000, 1.000000000000000000, -0.0000000000000000000 ) ) ;
#3139 = COLOUR_RGB ( '',0.7921568627450980000, 0.8196078431372548800, 0.9333333333333333500 ) ;
#3140 = VECTOR ( 'NONE', #2777, 1000.000000000000200 ) ;
#3141 = ORIENTED_EDGE ( 'NONE', *, *, #169, .T. ) ;
#3142 = EDGE_LOOP ( 'NONE', ( #2386, #2390, #1440, #232 ) ) ;
#3143 = LINE ( 'NONE', #4062, #3534 ) ;
#3144 = LINE ( 'NONE', #4003, #3813 ) ;
#3145 = CARTESIAN_POINT ( 'NONE',  ( 0.4501696419936382400, 0.5435600000000000400, -0.2812458643905236800 ) ) ;
#3146 = MECHANICAL_DESIGN_GEOMETRIC_PRESENTATION_REPRESENTATION (  '', ( #3469 ), #3713 ) ;
#3147 = CARTESIAN_POINT ( 'NONE',  ( 0.7500000000000002200, 0.01144000000000004000, -0.5385600000000000400 ) ) ;
#3148 = CARTESIAN_POINT ( 'NONE',  ( 0.3686929376419000900, 0.5435600000000000400, -0.2752507357681145400 ) ) ;
#3149 = ORIENTED_EDGE ( 'NONE', *, *, #3357, .F. ) ;
#3150 = VECTOR ( 'NONE', #3246, 1000.000000000000000 ) ;
#3151 =( LENGTH_UNIT ( ) NAMED_UNIT ( * ) SI_UNIT ( .MILLI., .METRE. ) );
#3152 = DIRECTION ( 'NONE',  ( 0.9984327301130246900, 0.0000000000000000000, 0.05596501978068187100 ) ) ;
#3153 = EDGE_CURVE ( 'NONE', #4182, #2879, #605, .T. ) ;
#3154 = ORIENTED_EDGE ( 'NONE', *, *, #2568, .T. ) ;
#3155 = FILL_AREA_STYLE_COLOUR ( '', #973 ) ;
#3156 = DIRECTION ( 'NONE',  ( 0.0000000000000000000, 0.0000000000000000000, 1.000000000000000000 ) ) ;
#3157 = LINE ( 'NONE', #1025, #3054 ) ;
#3158 = CARTESIAN_POINT ( 'NONE',  ( 1.038560000000000100, 0.01144000000000000100, -0.5385600000000000400 ) ) ;
#3159 = CIRCLE ( 'NONE', #2620, 0.01144000000000000100 ) ;
#3160 = AXIS2_PLACEMENT_3D ( 'NONE', #791, #1857, #1527 ) ;
#3161 = AXIS2_PLACEMENT_3D ( 'NONE', #2594, #1128, #2901 ) ;
#3162 = CARTESIAN_POINT ( 'NONE',  ( 0.4541912470239822800, 0.5385600000000000400, -0.2950666297225400500 ) ) ;
#3163 = CARTESIAN_POINT ( 'NONE',  ( 0.01143999999999993100, 0.0000000000000000000, -0.01144000000000000100 ) ) ;
#3164 = PLANE ( 'NONE',  #1118 ) ;
#3165 = DIRECTION ( 'NONE',  ( 0.0000000000000000000, -1.000000000000000000, 0.0000000000000000000 ) ) ;
#3166 = B_SPLINE_CURVE_WITH_KNOTS ( 'NONE', 3,
 ( #2520, #2157, #2822, #2143, #405, #1473, #2191, #3928, #414, #854 ),
 .UNSPECIFIED., .F., .F.,
 ( 4, 3, 3, 4 ),
 ( 0.0000000000000000000, 3.807012292923906500E-006, 7.621886349125280600E-006, 8.963476866336134400E-006 ),
 .UNSPECIFIED. ) ;
#3167 = SURFACE_SIDE_STYLE ('',( #445 ) ) ;
#3168 = CARTESIAN_POINT ( 'NONE',  ( 0.6909462981555399800, 0.5435600000000000400, -0.2948632901420590300 ) ) ;
#3169 =( GEOMETRIC_REPRESENTATION_CONTEXT ( 3 ) GLOBAL_UNCERTAINTY_ASSIGNED_CONTEXT ( ( #844 ) ) GLOBAL_UNIT_ASSIGNED_CONTEXT ( ( #4019, #1574, #1920 ) ) REPRESENTATION_CONTEXT ( 'NONE', 'WORKASPACE' ) );
#3170 = VERTEX_POINT ( 'NONE', #1642 ) ;
#3171 = FILL_AREA_STYLE ('',( #1611 ) ) ;
#3172 = FILL_AREA_STYLE_COLOUR ( '', #765 ) ;
#3173 = FILL_AREA_STYLE_COLOUR ( '', #900 ) ;
#3174 = ORIENTED_EDGE ( 'NONE', *, *, #4291, .F. ) ;
#3175 = MECHANICAL_DESIGN_GEOMETRIC_PRESENTATION_REPRESENTATION (  '', ( #1703 ), #2038 ) ;
#3176 = DIRECTION ( 'NONE',  ( 0.0000000000000000000, 0.0000000000000000000, -1.000000000000000000 ) ) ;
#3177 =( NAMED_UNIT ( * ) PLANE_ANGLE_UNIT ( ) SI_UNIT ( $, .RADIAN. ) );
#3178 = LINE ( 'NONE', #532, #591 ) ;
#3179 = VERTEX_POINT ( 'NONE', #2026 ) ;
#3180 = EDGE_CURVE ( 'NONE', #3451, #2351, #3567, .T. ) ;
#3181 = CARTESIAN_POINT ( 'NONE',  ( 0.3571290157169834700, 0.5385600000000000400, -0.2349049999999999700 ) ) ;
#3182 = CARTESIAN_POINT ( 'NONE',  ( 0.7499997171113205200, 0.5283158263398677300, -0.01148701926854511600 ) ) ;
#3183 = DIRECTION ( 'NONE',  ( -1.000000000000000000, 0.0000000000000000000, 0.0000000000000000000 ) ) ;
#3184 = VERTEX_POINT ( 'NONE', #1295 ) ;
#3185 = FILL_AREA_STYLE_COLOUR ( '', #2298 ) ;
#3186 = CARTESIAN_POINT ( 'NONE',  ( 0.4541912470239822800, 0.5435600000000000400, -0.2950666297225400500 ) ) ;
#3187 = DIRECTION ( 'NONE',  ( 0.0000000000000000000, 0.0000000000000000000, -1.000000000000000000 ) ) ;
#3188 = SURFACE_STYLE_FILL_AREA ( #3547 ) ;
#3189 = AXIS2_PLACEMENT_3D ( 'NONE', #2177, #1142, #3611 ) ;
#3190 = VECTOR ( 'NONE', #2338, 1000.000000000000000 ) ;
#3191 = ORIENTED_EDGE ( 'NONE', *, *, #406, .T. ) ;
#3192 = FACE_OUTER_BOUND ( 'NONE', #907, .T. ) ;
#3193 = VERTEX_POINT ( 'NONE', #3088 ) ;
#3194 =( NAMED_UNIT ( * ) PLANE_ANGLE_UNIT ( ) SI_UNIT ( $, .RADIAN. ) );
#3195 = STYLED_ITEM ( 'NONE', ( #2173 ), #2897 ) ;
#3196 = FACE_OUTER_BOUND ( 'NONE', #1666, .T. ) ;
#3197 = SURFACE_STYLE_FILL_AREA ( #3714 ) ;
#3198 = ORIENTED_EDGE ( 'NONE', *, *, #1047, .T. ) ;
#3199 = ORIENTED_EDGE ( 'NONE', *, *, #3323, .F. ) ;
#3200 = EDGE_CURVE ( 'NONE', #3285, #2380, #3410, .T. ) ;
#3201 = SURFACE_STYLE_USAGE ( .BOTH. , #1793 ) ;
#3202 = FACE_OUTER_BOUND ( 'NONE', #289, .T. ) ;
#3203 = CARTESIAN_POINT ( 'NONE',  ( 0.5282604787187974400, 0.5385600000000000400, -0.2561256255860862000 ) ) ;
#3204 =( NAMED_UNIT ( * ) SI_UNIT ( $, .STERADIAN. ) SOLID_ANGLE_UNIT ( ) );
#3205 = CARTESIAN_POINT ( 'NONE',  ( 0.2994983006540903900, 0.01479069842322593300, -0.5352093015767741500 ) ) ;
#3206 = AXIS2_PLACEMENT_3D ( 'NONE', #2106, #4543, #877 ) ;
#3207 = VERTEX_POINT ( 'NONE', #258 ) ;
#3208 = VECTOR ( 'NONE', #522, 1000.000000000000000 ) ;
#3209 = COLOUR_RGB ( '',0.6470588235294118000, 0.5176470588235293500, 0.0000000000000000000 ) ;
#3210 = ORIENTED_EDGE ( 'NONE', *, *, #2861, .F. ) ;
#3211 = EDGE_CURVE ( 'NONE', #3793, #2749, #3632, .T. ) ;
#3212 = VECTOR ( 'NONE', #1684, 1000.000000000000200 ) ;
#3213 = AXIS2_PLACEMENT_3D ( 'NONE', #2074, #1727, #3515 ) ;
#3214 = ADVANCED_FACE ( 'NONE', ( #1088 ), #4072, .T. ) ;
#3215 =( LENGTH_UNIT ( ) NAMED_UNIT ( * ) SI_UNIT ( .MILLI., .METRE. ) );
#3216 = CARTESIAN_POINT ( 'NONE',  ( 0.5999319539321355000, 0.5435600000000000400, -0.2490443306742744500 ) ) ;
#3217 = LINE ( 'NONE', #4109, #2294 ) ;
#3218 = EDGE_CURVE ( 'NONE', #2624, #1354, #814, .T. ) ;
#3219 = DIRECTION ( 'NONE',  ( 0.0000000000000000000, 0.0000000000000000000, -1.000000000000000000 ) ) ;
#3220 = DIRECTION ( 'NONE',  ( -0.2740217765953990000, 0.0000000000000000000, 0.9617234872620618000 ) ) ;
#3221 =( NAMED_UNIT ( * ) SI_UNIT ( $, .STERADIAN. ) SOLID_ANGLE_UNIT ( ) );
#3222 = CARTESIAN_POINT ( 'NONE',  ( 1.038560000000000100, 0.01144000000000000100, 0.0000000000000000000 ) ) ;
#3223 = AXIS2_PLACEMENT_3D ( 'NONE', #4183, #2095, #305 ) ;
#3224 = CARTESIAN_POINT ( 'NONE',  ( 0.5871784954631548100, 0.5435600000000000400, -0.3092102531213381500 ) ) ;
#3225 = UNCERTAINTY_MEASURE_WITH_UNIT (LENGTH_MEASURE( 1.000000000000000100E-005 ), #2876, 'distance_accuracy_value', 'NONE');
#3226 = CARTESIAN_POINT ( 'NONE',  ( 0.3848875796061398400, 0.5385600000000000400, -0.2349050000000000000 ) ) ;
#3227 =( LENGTH_UNIT ( ) NAMED_UNIT ( * ) SI_UNIT ( .MILLI., .METRE. ) );
#3228 = DIRECTION ( 'NONE',  ( 0.2745159998572619900, 0.0000000000000000000, -0.9615825319869156800 ) ) ;
#3229 = ORIENTED_EDGE ( 'NONE', *, *, #4073, .F. ) ;
#3230 = DIRECTION ( 'NONE',  ( 0.0000000000000000000, 0.0000000000000000000, -1.000000000000000000 ) ) ;
#3231 = LINE ( 'NONE', #1336, #2092 ) ;
#3232 = FILL_AREA_STYLE_COLOUR ( '', #3405 ) ;
#3233 = VERTEX_POINT ( 'NONE', #1082 ) ;
#3234 = ADVANCED_FACE ( 'NONE', ( #1652 ), #223, .T. ) ;
#3235 = MECHANICAL_DESIGN_GEOMETRIC_PRESENTATION_REPRESENTATION (  '', ( #4121 ), #637 ) ;
#3236 = LINE ( 'NONE', #426, #2960 ) ;
#3237 = ORIENTED_EDGE ( 'NONE', *, *, #3064, .T. ) ;
#3238 = FILL_AREA_STYLE ('',( #757 ) ) ;
#3239 = ORIENTED_EDGE ( 'NONE', *, *, #307, .F. ) ;
#3240 = EDGE_CURVE ( 'NONE', #160, #3179, #543, .T. ) ;
#3241 = ORIENTED_EDGE ( 'NONE', *, *, #3836, .F. ) ;
#3242 = VECTOR ( 'NONE', #3003, 1000.000000000000000 ) ;
#3243 = ORIENTED_EDGE ( 'NONE', *, *, #4238, .T. ) ;
#3244 = CARTESIAN_POINT ( 'NONE',  ( 0.2998315286624140300, 0.01370288082993920700, -0.5362971191700607300 ) ) ;
#3245 = CARTESIAN_POINT ( 'NONE',  ( 0.4409886340153633100, 0.5435600000000000400, -0.2490416194800628700 ) ) ;
#3246 = DIRECTION ( 'NONE',  ( -0.4443210308329503800, 0.0000000000000000000, 0.8958676361826809500 ) ) ;
#3247 = VECTOR ( 'NONE', #860, 1000.000000000000000 ) ;
#3248 = LINE ( 'NONE', #1081, #3036 ) ;
#3249 = ORIENTED_EDGE ( 'NONE', *, *, #707, .F. ) ;
#3250 = ORIENTED_EDGE ( 'NONE', *, *, #2672, .F. ) ;
#3251 = CIRCLE ( 'NONE', #279, 0.01144000000000004000 ) ;
#3252 = VECTOR ( 'NONE', #830, 1000.000000000000200 ) ;
#3253 = ORIENTED_EDGE ( 'NONE', *, *, #3663, .T. ) ;
#3254 = AXIS2_PLACEMENT_3D ( 'NONE', #2071, #3839, #959 ) ;
#3255 = ADVANCED_FACE ( 'NONE', ( #1425 ), #2487, .F. ) ;
#3256 = VERTEX_POINT ( 'NONE', #1418 ) ;
#3257 = LINE ( 'NONE', #511, #3422 ) ;
#3258 = FILL_AREA_STYLE_COLOUR ( '', #3809 ) ;
#3259 = ORIENTED_EDGE ( 'NONE', *, *, #2480, .F. ) ;
#3260 = LINE ( 'NONE', #428, #3150 ) ;
#3261 = SURFACE_STYLE_USAGE ( .BOTH. , #2570 ) ;
#3262 = LINE ( 'NONE', #2542, #2337 ) ;
#3263 = DIRECTION ( 'NONE',  ( 1.000000000000000000, -0.0000000000000000000, -0.0000000000000000000 ) ) ;
#3264 =( GEOMETRIC_REPRESENTATION_CONTEXT ( 3 ) GLOBAL_UNCERTAINTY_ASSIGNED_CONTEXT ( ( #3788 ) ) GLOBAL_UNIT_ASSIGNED_CONTEXT ( ( #4095, #189, #202 ) ) REPRESENTATION_CONTEXT ( 'NONE', 'WORKASPACE' ) );
#3265 = CIRCLE ( 'NONE', #1396, 0.01144000000000004000 ) ;
#3266 = FACE_OUTER_BOUND ( 'NONE', #1919, .T. ) ;
#3267 = CARTESIAN_POINT ( 'NONE',  ( 0.2999968528092915000, 0.5300870249090693400, -0.5382331090141356800 ) ) ;
#3268 = EDGE_CURVE ( 'NONE', #3473, #3601, #1307, .T. ) ;
#3269 = PRESENTATION_STYLE_ASSIGNMENT (( #2940 ) ) ;
#3270 =( NAMED_UNIT ( * ) PLANE_ANGLE_UNIT ( ) SI_UNIT ( $, .RADIAN. ) );
#3271 = CARTESIAN_POINT ( 'NONE',  ( 0.2997523944228078200, 0.5360387865633360300, -0.01562018340978791600 ) ) ;
#3272 = CARTESIAN_POINT ( 'NONE',  ( 0.5660212380781566300, 0.5385600000000000400, -0.3013755790968982200 ) ) ;
#3273 = MECHANICAL_DESIGN_GEOMETRIC_PRESENTATION_REPRESENTATION (  '', ( #1631 ), #3751 ) ;
#3274 = DIRECTION ( 'NONE',  ( 0.0000000000000000000, -1.000000000000000000, -0.0000000000000000000 ) ) ;
#3275 = ADVANCED_FACE ( 'NONE', ( #1763 ), #652, .T. ) ;
#3276 = COLOUR_RGB ( '',0.7686274509803920900, 0.7686274509803920900, 0.7686274509803920900 ) ;
#3277 = ORIENTED_EDGE ( 'NONE', *, *, #46, .F. ) ;
#3278 = AXIS2_PLACEMENT_3D ( 'NONE', #3823, #711, #1368 ) ;
#3279 = CARTESIAN_POINT ( 'NONE',  ( 0.3000000000000182500, 0.5277170024175290600, -0.5385600000000009300 ) ) ;
#3280 = VECTOR ( 'NONE', #4555, 1000.000000000000000 ) ;
#3281 = ORIENTED_EDGE ( 'NONE', *, *, #3631, .F. ) ;
#3282 = CARTESIAN_POINT ( 'NONE',  ( 0.5658151873035800500, 0.5435600000000000400, -0.2349049999999999700 ) ) ;
#3283 =( NAMED_UNIT ( * ) SI_UNIT ( $, .STERADIAN. ) SOLID_ANGLE_UNIT ( ) );
#3284 = VECTOR ( 'NONE', #3592, 1000.000000000000000 ) ;
#3285 = VERTEX_POINT ( 'NONE', #3893 ) ;
#3286 = AXIS2_PLACEMENT_3D ( 'NONE', #4288, #421, #2198 ) ;
#3287 = SURFACE_STYLE_USAGE ( .BOTH. , #3622 ) ;
#3288 = CARTESIAN_POINT ( 'NONE',  ( 0.2999999999999999300, 0.01144000000000004000, -0.5500000000000000400 ) ) ;
#3289 = LINE ( 'NONE', #2156, #1591 ) ;
#3290 = ORIENTED_EDGE ( 'NONE', *, *, #411, .T. ) ;
#3291 = EDGE_CURVE ( 'NONE', #1698, #2368, #3166, .T. ) ;
#3292 = ORIENTED_EDGE ( 'NONE', *, *, #4311, .T. ) ;
#3293 = CARTESIAN_POINT ( 'NONE',  ( 0.2999999999999999300, 0.5385600000000000400, -0.5500000000000000400 ) ) ;
#3294 = LINE ( 'NONE', #2674, #2978 ) ;
#3295 = ADVANCED_FACE ( 'NONE', ( #3746 ), #523, .F. ) ;
#3296 = EDGE_CURVE ( 'NONE', #4487, #4394, #3465, .T. ) ;
#3297 = ORIENTED_EDGE ( 'NONE', *, *, #4156, .T. ) ;
#3298 = SURFACE_STYLE_USAGE ( .BOTH. , #1543 ) ;
#3299 = CARTESIAN_POINT ( 'NONE',  ( 0.7500000000000002200, 0.01144000000000004000, -0.5385600000000000400 ) ) ;
#3300 = FACE_OUTER_BOUND ( 'NONE', #987, .T. ) ;
#3301 = B_SPLINE_CURVE_WITH_KNOTS ( 'NONE', 3,
 ( #2253, #1918, #1216, #2637, #4365, #3337, #3684, #4378, #2952, #2286 ),
 .UNSPECIFIED., .F., .F.,
 ( 4, 3, 3, 4 ),
 ( 0.0000000000000000000, 3.600817818562827500E-006, 7.182643422685392600E-006, 8.953374655983148400E-006 ),
 .UNSPECIFIED. ) ;
#3302 = ORIENTED_EDGE ( 'NONE', *, *, #4380, .F. ) ;
#3303 = SURFACE_SIDE_STYLE ('',( #2004 ) ) ;
#3304 = AXIS2_PLACEMENT_3D ( 'NONE', #4211, #1363, #2482 ) ;
#3305 = STYLED_ITEM ( 'NONE', ( #4444 ), #825 ) ;
#3306 = STYLED_ITEM ( 'NONE', ( #28 ), #2040 ) ;
#3307 = EDGE_LOOP ( 'NONE', ( #3310, #1269, #3550, #815 ) ) ;
#3308 = VECTOR ( 'NONE', #4386, 1000.000000000000000 ) ;
#3309 = VECTOR ( 'NONE', #2947, 1000.000000000000000 ) ;
#3310 = ORIENTED_EDGE ( 'NONE', *, *, #178, .T. ) ;
#3311 = MECHANICAL_DESIGN_GEOMETRIC_PRESENTATION_REPRESENTATION (  '', ( #3877 ), #4259 ) ;
#3312 = CARTESIAN_POINT ( 'NONE',  ( 1.050000000000000000, 0.5385600000000000400, -0.5385600000000000400 ) ) ;
#3313 = DIRECTION ( 'NONE',  ( 0.0000000000000000000, -1.000000000000000000, 0.0000000000000000000 ) ) ;
#3314 = CARTESIAN_POINT ( 'NONE',  ( 0.6410101640546493900, 0.5385600000000000400, -0.2812433791288636000 ) ) ;
#3315 = EDGE_LOOP ( 'NONE', ( #3735, #935, #3475, #666 ) ) ;
#3316 = EDGE_CURVE ( 'NONE', #2330, #4013, #3478, .T. ) ;
#3317 = CARTESIAN_POINT ( 'NONE',  ( 0.7500175502720719500, 0.5308739036180318800, -0.5379265631736702700 ) ) ;
#3318 = EDGE_LOOP ( 'NONE', ( #4489, #2654, #327, #657 ) ) ;
#3319 = DIRECTION ( 'NONE',  ( 0.0000000000000000000, 1.000000000000000000, 0.0000000000000000000 ) ) ;
#3320 = VECTOR ( 'NONE', #1893, 1000.000000000000000 ) ;
#3321 = FILL_AREA_STYLE ('',( #2130 ) ) ;
#3322 = CARTESIAN_POINT ( 'NONE',  ( 0.4826097607576997400, 0.5435600000000000400, -0.2349049999999999500 ) ) ;
#3323 = EDGE_CURVE ( 'NONE', #1296, #2221, #1330, .T. ) ;
#3324 = CARTESIAN_POINT ( 'NONE',  ( 0.5469330738879389900, 0.5435600000000000400, -0.2349049999999999700 ) ) ;
#3325 = DIRECTION ( 'NONE',  ( 0.0000000000000000000, 1.000000000000000000, 0.0000000000000000000 ) ) ;
#3326 = DIRECTION ( 'NONE',  ( 0.0000000000000000000, 1.000000000000000000, 0.0000000000000000000 ) ) ;
#3327 = STYLED_ITEM ( 'NONE', ( #2114 ), #105 ) ;
#3328 = DIRECTION ( 'NONE',  ( 0.0000000000000000000, 1.000000000000000000, 0.0000000000000000000 ) ) ;
#3329 = LINE ( 'NONE', #1811, #525 ) ;
#3330 = CARTESIAN_POINT ( 'NONE',  ( 0.7154139239656097700, 0.5435600000000000400, -0.3092102531213381500 ) ) ;
#3331 = ORIENTED_EDGE ( 'NONE', *, *, #683, .T. ) ;
#3332 = DIRECTION ( 'NONE',  ( -0.0000000000000000000, -1.000000000000000000, -0.0000000000000000000 ) ) ;
#3333 = CARTESIAN_POINT ( 'NONE',  ( 0.4821793587055686600, 0.5385600000000000400, -0.2490416194800628700 ) ) ;
#3334 = AXIS2_PLACEMENT_3D ( 'NONE', #3745, #4110, #2333 ) ;
#3335 = ORIENTED_EDGE ( 'NONE', *, *, #297, .T. ) ;
#3336 = LINE ( 'NONE', #465, #3284 ) ;
#3337 = CARTESIAN_POINT ( 'NONE',  ( 0.7500031471907087100, 0.01991297509093084600, -0.5382331090141356800 ) ) ;
#3338 = EDGE_LOOP ( 'NONE', ( #2766, #1563, #3037, #1491 ) ) ;
#3339 =( NAMED_UNIT ( * ) SI_UNIT ( $, .STERADIAN. ) SOLID_ANGLE_UNIT ( ) );
#3340 = FILL_AREA_STYLE ('',( #2673 ) ) ;
#3341 = EDGE_CURVE ( 'NONE', #1647, #4012, #4264, .T. ) ;
#3342 = FILL_AREA_STYLE_COLOUR ( '', #2598 ) ;
#3343 = DIRECTION ( 'NONE',  ( -0.0000000000000000000, -0.0000000000000000000, 1.000000000000000000 ) ) ;
#3344 =( GEOMETRIC_REPRESENTATION_CONTEXT ( 3 ) GLOBAL_UNCERTAINTY_ASSIGNED_CONTEXT ( ( #150 ) ) GLOBAL_UNIT_ASSIGNED_CONTEXT ( ( #931, #883, #1247 ) ) REPRESENTATION_CONTEXT ( 'NONE', 'WORKASPACE' ) );
#3345 = PRESENTATION_STYLE_ASSIGNMENT (( #210 ) ) ;
#3346 = DIRECTION ( 'NONE',  ( 0.0000000000000000000, 0.0000000000000000000, 1.000000000000000000 ) ) ;
#3347 = ORIENTED_EDGE ( 'NONE', *, *, #2019, .T. ) ;
#3348 = CARTESIAN_POINT ( 'NONE',  ( 0.7499944619549805400, 0.5296753631455539700, -0.5383429032573477900 ) ) ;
#3349 = CARTESIAN_POINT ( 'NONE',  ( 0.01143999999999993100, 0.01144000000000000100, -0.5385600000000000400 ) ) ;
#3350 = VECTOR ( 'NONE', #3424, 1000.000000000000000 ) ;
#3351 = ORIENTED_EDGE ( 'NONE', *, *, #3804, .F. ) ;
#3352 = DIRECTION ( 'NONE',  ( -1.000000000000000000, 0.0000000000000000000, -0.0000000000000000000 ) ) ;
#3353 = EDGE_CURVE ( 'NONE', #375, #43, #4208, .T. ) ;
#3354 = DIRECTION ( 'NONE',  ( 0.0000000000000000000, 3.405901710987571500E-015, 1.000000000000000000 ) ) ;
#3355 = DIRECTION ( 'NONE',  ( -0.9615825319869156800, 0.0000000000000000000, -0.2745159998572621100 ) ) ;
#3356 = ORIENTED_EDGE ( 'NONE', *, *, #3240, .T. ) ;
#3357 = EDGE_CURVE ( 'NONE', #3519, #2661, #2894, .T. ) ;
#3358 = SURFACE_STYLE_USAGE ( .BOTH. , #3014 ) ;
#3359 = LINE ( 'NONE', #3637, #2174 ) ;
#3360 =( LENGTH_UNIT ( ) NAMED_UNIT ( * ) SI_UNIT ( .MILLI., .METRE. ) );
#3361 = SPHERICAL_SURFACE ( 'NONE', #1524, 0.01144000000000000100 ) ;
#3362 = UNCERTAINTY_MEASURE_WITH_UNIT (LENGTH_MEASURE( 1.000000000000000100E-005 ), #1832, 'distance_accuracy_value', 'NONE');
#3363 = ORIENTED_EDGE ( 'NONE', *, *, #2695, .F. ) ;
#3364 = CARTESIAN_POINT ( 'NONE',  ( 0.7112903907351556500, 0.5385600000000000400, -0.2948616750556482000 ) ) ;
#3365 = CARTESIAN_POINT ( 'NONE',  ( 0.4371683351698946200, 0.5435600000000000400, -0.3092102531213381500 ) ) ;
#3366 = ORIENTED_EDGE ( 'NONE', *, *, #3118, .F. ) ;
#3367 = CARTESIAN_POINT ( 'NONE',  ( 0.2999999999999999300, 0.02288000000000003900, -0.02288000000000003900 ) ) ;
#3368 = EDGE_LOOP ( 'NONE', ( #971, #2339, #4540, #4332 ) ) ;
#3369 = CARTESIAN_POINT ( 'NONE',  ( 0.5871784954631548100, 0.5385600000000000400, -0.3092102531213381500 ) ) ;
#3370 = DIRECTION ( 'NONE',  ( 1.000000000000000000, 0.0000000000000000000, 0.0000000000000000000 ) ) ;
#3371 = CARTESIAN_POINT ( 'NONE',  ( 1.038560000000000100, 0.01144000000000000100, -0.5385600000000000400 ) ) ;
#3372 = PRESENTATION_LAYER_ASSIGNMENT (  '', '', ( #4334 ) ) ;
#3373 = DIRECTION ( 'NONE',  ( 0.2746918797667153300, 0.0000000000000000000, -0.9615323037684320200 ) ) ;
#3374 = VERTEX_POINT ( 'NONE', #4504 ) ;
#3375 = VECTOR ( 'NONE', #3584, 1000.000000000000000 ) ;
#3376 = DIRECTION ( 'NONE',  ( 0.0000000000000000000, 0.0000000000000000000, -1.000000000000000000 ) ) ;
#3377 = SURFACE_STYLE_FILL_AREA ( #3709 ) ;
#3378 =( LENGTH_UNIT ( ) NAMED_UNIT ( * ) SI_UNIT ( .MILLI., .METRE. ) );
#3379 =( LENGTH_UNIT ( ) NAMED_UNIT ( * ) SI_UNIT ( .MILLI., .METRE. ) );
#3380 = VECTOR ( 'NONE', #4321, 1000.000000000000000 ) ;
#3381 = PRESENTATION_STYLE_ASSIGNMENT (( #3001 ) ) ;
#3382 = DIRECTION ( 'NONE',  ( -1.000000000000000000, -0.0000000000000000000, 0.0000000000000000000 ) ) ;
#3383 = DIRECTION ( 'NONE',  ( -1.000000000000000000, 0.0000000000000000000, 0.0000000000000000000 ) ) ;
#3384 = AXIS2_PLACEMENT_3D ( 'NONE', #193, #866, #479 ) ;
#3385 = CYLINDRICAL_SURFACE ( 'NONE', #1536, 0.01144000000000004000 ) ;
#3386 = DIRECTION ( 'NONE',  ( 0.0000000000000000000, 0.0000000000000000000, -1.000000000000000000 ) ) ;
#3387 = ADVANCED_FACE ( 'NONE', ( #686 ), #2397, .T. ) ;
#3388 = CARTESIAN_POINT ( 'NONE',  ( 0.7614400000000002300, 0.01144000000000000100, -0.01144000000000004000 ) ) ;
#3389 = DIRECTION ( 'NONE',  ( -1.000000000000000000, 0.0000000000000000000, 0.0000000000000000000 ) ) ;
#3390 = EDGE_CURVE ( 'NONE', #1659, #1477, #4104, .T. ) ;
#3391 = ORIENTED_EDGE ( 'NONE', *, *, #810, .F. ) ;
#3392 = DIRECTION ( 'NONE',  ( -0.0000000000000000000, -1.000000000000000000, -0.0000000000000000000 ) ) ;
#3393 = CARTESIAN_POINT ( 'NONE',  ( 0.7500008590875494300, 0.01158019695108339700, -0.02109448857307100200 ) ) ;
#3394 = CARTESIAN_POINT ( 'NONE',  ( 0.3000000000000182000, 0.5385600000000009300, -0.02228299758247096600 ) ) ;
#3395 = SURFACE_STYLE_FILL_AREA ( #1315 ) ;
#3396 = EDGE_LOOP ( 'NONE', ( #2181, #3523, #3785, #3944 ) ) ;
#3397 = AXIS2_PLACEMENT_3D ( 'NONE', #2999, #3355, #1581 ) ;
#3398 = PRESENTATION_LAYER_ASSIGNMENT (  '', '', ( #157 ) ) ;
#3399 = DIRECTION ( 'NONE',  ( 0.0000000000000000000, 0.0000000000000000000, 1.000000000000000000 ) ) ;
#3400 = VECTOR ( 'NONE', #797, 1000.000000000000000 ) ;
#3401 = ORIENTED_EDGE ( 'NONE', *, *, #198, .F. ) ;
#3402 =( NAMED_UNIT ( * ) SI_UNIT ( $, .STERADIAN. ) SOLID_ANGLE_UNIT ( ) );
#3403 = AXIS2_PLACEMENT_3D ( 'NONE', #3864, #1762, #2178 ) ;
#3404 = VERTEX_POINT ( 'NONE', #3431 ) ;
#3405 = COLOUR_RGB ( '',0.7686274509803920900, 0.7686274509803920900, 0.7686274509803920900 ) ;
#3406 = FACE_OUTER_BOUND ( 'NONE', #946, .T. ) ;
#3407 = VERTEX_POINT ( 'NONE', #1148 ) ;
#3408 = CARTESIAN_POINT ( 'NONE',  ( 0.7614400000000002300, 0.01144000000000000100, -0.01144000000000000100 ) ) ;
#3409 = STYLED_ITEM ( 'NONE', ( #2722 ), #4336 ) ;
#3410 = CIRCLE ( 'NONE', #2002, 0.01144000000000000100 ) ;
#3411 = ORIENTED_EDGE ( 'NONE', *, *, #4476, .F. ) ;
#3412 = DIRECTION ( 'NONE',  ( 0.2763173343569957400, 0.0000000000000000000, -0.9610664548998910700 ) ) ;
#3413 = ORIENTED_EDGE ( 'NONE', *, *, #2951, .T. ) ;
#3414 = UNCERTAINTY_MEASURE_WITH_UNIT (LENGTH_MEASURE( 1.000000000000000100E-005 ), #295, 'distance_accuracy_value', 'NONE');
#3415 = CARTESIAN_POINT ( 'NONE',  ( 0.4409886340153633100, 0.5435600000000000400, -0.2490416194800628700 ) ) ;
#3416 = EDGE_CURVE ( 'NONE', #3500, #2376, #2785, .T. ) ;
#3417 = SURFACE_STYLE_FILL_AREA ( #1983 ) ;
#3418 = CARTESIAN_POINT ( 'NONE',  ( 0.6131440561208637600, 0.5385600000000000400, -0.2950641444609195500 ) ) ;
#3419 = VERTEX_POINT ( 'NONE', #2597 ) ;
#3420 = CARTESIAN_POINT ( 'NONE',  ( 0.2885599999999999300, 0.5385600000000000400, -0.01144000000000000100 ) ) ;
#3421 = VERTEX_POINT ( 'NONE', #2348 ) ;
#3422 = VECTOR ( 'NONE', #3263, 1000.000000000000000 ) ;
#3423 = PRESENTATION_LAYER_ASSIGNMENT (  '', '', ( #4281 ) ) ;
#3424 = DIRECTION ( 'NONE',  ( 0.0000000000000000000, -1.000000000000000000, 0.0000000000000000000 ) ) ;
#3425 = EDGE_LOOP ( 'NONE', ( #920, #1498, #3850, #1379 ) ) ;
#3426 = PRESENTATION_STYLE_ASSIGNMENT (( #143 ) ) ;
#3427 = PLANE ( 'NONE',  #1993 ) ;
#3428 = ORIENTED_EDGE ( 'NONE', *, *, #707, .T. ) ;
#3429 = VECTOR ( 'NONE', #1116, 1000.000000000000100 ) ;
#3430 = LINE ( 'NONE', #4154, #3212 ) ;
#3431 = CARTESIAN_POINT ( 'NONE',  ( 0.6909462981555399800, 0.5385600000000000400, -0.2948632901420590300 ) ) ;
#3432 = AXIS2_PLACEMENT_3D ( 'NONE', #172, #3274, #1548 ) ;
#3433 = CARTESIAN_POINT ( 'NONE',  ( 0.2999999999999999300, 0.5271199999999999200, -0.01144000000000004000 ) ) ;
#3434 = CARTESIAN_POINT ( 'NONE',  ( 1.050000000000000000, 0.0000000000000000000, 0.0000000000000000000 ) ) ;
#3435 = ADVANCED_FACE ( 'NONE', ( #2949 ), #914, .F. ) ;
#3436 = ORIENTED_EDGE ( 'NONE', *, *, #2228, .F. ) ;
#3437 = SURFACE_SIDE_STYLE ('',( #2047 ) ) ;
#3438 = SURFACE_STYLE_FILL_AREA ( #4355 ) ;
#3439 = FACE_OUTER_BOUND ( 'NONE', #1493, .T. ) ;
#3440 = STYLED_ITEM ( 'NONE', ( #3381 ), #3630 ) ;
#3441 = CARTESIAN_POINT ( 'NONE',  ( 0.7501282076081795500, 0.01323365377589163200, -0.01661432524897028100 ) ) ;
#3442 = DIRECTION ( 'NONE',  ( 1.000000000000000000, 0.0000000000000000000, 0.0000000000000000000 ) ) ;
#3443 = EDGE_CURVE ( 'NONE', #2366, #3953, #955, .T. ) ;
#3444 = CARTESIAN_POINT ( 'NONE',  ( 1.050000000000000000, 0.0000000000000000000, 0.0000000000000000000 ) ) ;
#3445 = CARTESIAN_POINT ( 'NONE',  ( 0.01143999999999993100, 0.5385600000000000400, -0.5500000000000000400 ) ) ;
#3446 = DIRECTION ( 'NONE',  ( -1.000000000000000000, -0.0000000000000000000, -0.0000000000000000000 ) ) ;
#3447 =( BOUNDED_CURVE ( )  B_SPLINE_CURVE ( 3, ( #3736, #2683, #2353, #4074 ),
 .UNSPECIFIED., .F., .F. ) 
 B_SPLINE_CURVE_WITH_KNOTS ( ( 4, 4 ),
 ( 1.570796326794896600, 1.868047687429714500 ),
 .UNSPECIFIED. ) 
 CURVE ( )  GEOMETRIC_REPRESENTATION_ITEM ( )  RATIONAL_B_SPLINE_CURVE ( ( 1.000000000000000000, 0.9926503465769137600, 0.9926503465769137600, 1.000000000000000000 ) ) 
 REPRESENTATION_ITEM ( '' )  );
#3448 = FILL_AREA_STYLE ('',( #284 ) ) ;
#3449 = ORIENTED_EDGE ( 'NONE', *, *, #27, .T. ) ;
#3450 = EDGE_CURVE ( 'NONE', #1486, #4013, #1849, .T. ) ;
#3451 = VERTEX_POINT ( 'NONE', #1288 ) ;
#3452 = ADVANCED_FACE ( 'NONE', ( #1630 ), #2691, .F. ) ;
#3453 =( GEOMETRIC_REPRESENTATION_CONTEXT ( 3 ) GLOBAL_UNCERTAINTY_ASSIGNED_CONTEXT ( ( #4103 ) ) GLOBAL_UNIT_ASSIGNED_CONTEXT ( ( #1386, #1689, #4486 ) ) REPRESENTATION_CONTEXT ( 'NONE', 'WORKASPACE' ) );
#3454 = FACE_OUTER_BOUND ( 'NONE', #2544, .T. ) ;
#3455 = ORIENTED_EDGE ( 'NONE', *, *, #3390, .F. ) ;
#3456 = SURFACE_SIDE_STYLE ('',( #1696 ) ) ;
#3457 = DIRECTION ( 'NONE',  ( 0.0000000000000000000, 0.0000000000000000000, 1.000000000000000000 ) ) ;
#3458 = SURFACE_STYLE_FILL_AREA ( #664 ) ;
#3459 = ORIENTED_EDGE ( 'NONE', *, *, #1439, .F. ) ;
#3460 = EDGE_LOOP ( 'NONE', ( #4448, #3532, #2217 ) ) ;
#3461 =( NAMED_UNIT ( * ) PLANE_ANGLE_UNIT ( ) SI_UNIT ( $, .RADIAN. ) );
#3462 = ORIENTED_EDGE ( 'NONE', *, *, #386, .T. ) ;
#3463 = ORIENTED_EDGE ( 'NONE', *, *, #588, .T. ) ;
#3464 = FILL_AREA_STYLE ('',( #4016 ) ) ;
#3465 = LINE ( 'NONE', #2628, #1656 ) ;
#3466 = LINE ( 'NONE', #3098, #2484 ) ;
#3467 = ORIENTED_EDGE ( 'NONE', *, *, #2395, .F. ) ;
#3468 = CARTESIAN_POINT ( 'NONE',  ( 0.5961304075738757000, 0.5385600000000000400, -0.3092102531213381500 ) ) ;
#3469 = STYLED_ITEM ( 'NONE', ( #2932 ), #4298 ) ;
#3470 = ORIENTED_EDGE ( 'NONE', *, *, #3737, .T. ) ;
#3471 = UNCERTAINTY_MEASURE_WITH_UNIT (LENGTH_MEASURE( 1.000000000000000100E-005 ), #2526, 'distance_accuracy_value', 'NONE');
#3472 = COLOUR_RGB ( '',0.7686274509803920900, 0.7686274509803920900, 0.7686274509803920900 ) ;
#3473 = VERTEX_POINT ( 'NONE', #551 ) ;
#3474 = CARTESIAN_POINT ( 'NONE',  ( 0.01143999999999993100, 0.01144000000000000100, 0.0000000000000000000 ) ) ;
#3475 = ORIENTED_EDGE ( 'NONE', *, *, #2166, .F. ) ;
#3476 = EDGE_CURVE ( 'NONE', #3629, #1443, #1903, .T. ) ;
#3477 = ADVANCED_FACE ( 'NONE', ( #142 ), #3385, .T. ) ;
#3478 = LINE ( 'NONE', #1182, #1778 ) ;
#3479 =( LENGTH_UNIT ( ) NAMED_UNIT ( * ) SI_UNIT ( .MILLI., .METRE. ) );
#3480 = DIRECTION ( 'NONE',  ( 0.0000000000000000000, -1.000000000000000000, 0.0000000000000000000 ) ) ;
#3481 = ORIENTED_EDGE ( 'NONE', *, *, #956, .F. ) ;
#3482 = SURFACE_STYLE_FILL_AREA ( #86 ) ;
#3483 = CIRCLE ( 'NONE', #29, 0.01144000000000004000 ) ;
#3484 = AXIS2_PLACEMENT_3D ( 'NONE', #1377, #2121, #2774 ) ;
#3485 = PRESENTATION_LAYER_ASSIGNMENT (  '', '', ( #2732 ) ) ;
#3486 = DIRECTION ( 'NONE',  ( 1.000000000000000000, 0.0000000000000000000, 0.0000000000000000000 ) ) ;
#3487 = CIRCLE ( 'NONE', #3616, 0.01144000000000004000 ) ;
#3488 =( NAMED_UNIT ( * ) PLANE_ANGLE_UNIT ( ) SI_UNIT ( $, .RADIAN. ) );
#3489 = CARTESIAN_POINT ( 'NONE',  ( 0.6349095247834534200, 0.5435600000000000400, -0.2490443306742744500 ) ) ;
#3490 =( LENGTH_UNIT ( ) NAMED_UNIT ( * ) SI_UNIT ( .MILLI., .METRE. ) );
#3491 = PRESENTATION_LAYER_ASSIGNMENT (  '', '', ( #1335 ) ) ;
#3492 =( NAMED_UNIT ( * ) SI_UNIT ( $, .STERADIAN. ) SOLID_ANGLE_UNIT ( ) );
#3493 = DIRECTION ( 'NONE',  ( 0.9999960426590096500, 0.0000000000000000000, 0.002813301676023789700 ) ) ;
#3494 = CARTESIAN_POINT ( 'NONE',  ( 1.050000000000000000, 0.0000000000000000000, -0.01144000000000000100 ) ) ;
#3495 = EDGE_CURVE ( 'NONE', #3791, #2042, #2453, .T. ) ;
#3496 = AXIS2_PLACEMENT_3D ( 'NONE', #3293, #1572, #2671 ) ;
#3497 = DIRECTION ( 'NONE',  ( 0.0000000000000000000, -1.000000000000000000, 0.0000000000000000000 ) ) ;
#3498 = SURFACE_STYLE_USAGE ( .BOTH. , #4255 ) ;
#3499 = VECTOR ( 'NONE', #857, 1000.000000000000000 ) ;
#3500 = VERTEX_POINT ( 'NONE', #3489 ) ;
#3501 =( NAMED_UNIT ( * ) PLANE_ANGLE_UNIT ( ) SI_UNIT ( $, .RADIAN. ) );
#3502 = CARTESIAN_POINT ( 'NONE',  ( 0.7502476055771925000, 0.5360387865633360300, -0.5343798165902121600 ) ) ;
#3503 = EDGE_CURVE ( 'NONE', #423, #3374, #4427, .T. ) ;
#3504 = UNCERTAINTY_MEASURE_WITH_UNIT (LENGTH_MEASURE( 1.000000000000000100E-005 ), #1166, 'distance_accuracy_value', 'NONE');
#3505 = CARTESIAN_POINT ( 'NONE',  ( 1.038560000000000100, 0.0000000000000000000, -0.5385600000000000400 ) ) ;
#3506 = SPHERICAL_SURFACE ( 'NONE', #103, 0.01144000000000000100 ) ;
#3507 = EDGE_LOOP ( 'NONE', ( #1924, #641, #1324, #2500 ) ) ;
#3508 = CARTESIAN_POINT ( 'NONE',  ( 0.5111220366907292000, 0.5385600000000000400, -0.2349049999999999700 ) ) ;
#3509 = CARTESIAN_POINT ( 'NONE',  ( 0.4826097607576997400, 0.5385600000000000400, -0.2349049999999999500 ) ) ;
#3510 = COLOUR_RGB ( '',0.6470588235294118000, 0.5176470588235293500, 0.0000000000000000000 ) ;
#3511 = SURFACE_SIDE_STYLE ('',( #4414 ) ) ;
#3512 = ORIENTED_EDGE ( 'NONE', *, *, #1378, .T. ) ;
#3513 = EDGE_LOOP ( 'NONE', ( #3356, #2097, #530 ) ) ;
#3514 = CARTESIAN_POINT ( 'NONE',  ( 1.038560000000000100, 0.5385600000000000400, -0.5500000000000000400 ) ) ;
#3515 = DIRECTION ( 'NONE',  ( -1.000000000000000000, 0.0000000000000000000, 0.0000000000000000000 ) ) ;
#3516 = PRESENTATION_LAYER_ASSIGNMENT (  '', '', ( #4083 ) ) ;
#3517 = COLOUR_RGB ( '',0.7686274509803920900, 0.7686274509803920900, 0.7686274509803920900 ) ;
#3518 = CARTESIAN_POINT ( 'NONE',  ( 0.4254606038979855700, 0.5385600000000000400, -0.3092102531213381500 ) ) ;
#3519 = VERTEX_POINT ( 'NONE', #300 ) ;
#3520 = DIRECTION ( 'NONE',  ( 0.2729786930695100600, 0.0000000000000000000, -0.9620200793798756600 ) ) ;
#3521 = CIRCLE ( 'NONE', #3529, 0.01144000000000000100 ) ;
#3522 = VERTEX_POINT ( 'NONE', #1016 ) ;
#3523 = ORIENTED_EDGE ( 'NONE', *, *, #2629, .F. ) ;
#3524 =( NAMED_UNIT ( * ) SI_UNIT ( $, .STERADIAN. ) SOLID_ANGLE_UNIT ( ) );
#3525 = ORIENTED_EDGE ( 'NONE', *, *, #1325, .T. ) ;
#3526 =( LENGTH_UNIT ( ) NAMED_UNIT ( * ) SI_UNIT ( .MILLI., .METRE. ) );
#3527 = CARTESIAN_POINT ( 'NONE',  ( 0.6091224510906072500, 0.5385600000000000400, -0.2812433791288636000 ) ) ;
#3528 =( LENGTH_UNIT ( ) NAMED_UNIT ( * ) SI_UNIT ( .MILLI., .METRE. ) );
#3529 = AXIS2_PLACEMENT_3D ( 'NONE', #3408, #4092, #578 ) ;
#3530 = LINE ( 'NONE', #2245, #986 ) ;
#3531 = LINE ( 'NONE', #554, #4457 ) ;
#3532 = ORIENTED_EDGE ( 'NONE', *, *, #3836, .T. ) ;
#3533 = ORIENTED_EDGE ( 'NONE', *, *, #2543, .F. ) ;
#3534 = VECTOR ( 'NONE', #550, 1000.000000000000000 ) ;
#3535 = LINE ( 'NONE', #1579, #287 ) ;
#3536 = EDGE_CURVE ( 'NONE', #3170, #4551, #4362, .T. ) ;
#3537 = CYLINDRICAL_SURFACE ( 'NONE', #2237, 0.01144000000000000100 ) ;
#3538 = EDGE_LOOP ( 'NONE', ( #2690, #2854, #969, #1046 ) ) ;
#3539 = FACE_OUTER_BOUND ( 'NONE', #2003, .T. ) ;
#3540 = CARTESIAN_POINT ( 'NONE',  ( 0.7499999999999820100, 0.5277170024175290600, -0.01143999999999906200 ) ) ;
#3541 = DIRECTION ( 'NONE',  ( 0.0000000000000000000, -0.0000000000000000000, 1.000000000000000000 ) ) ;
#3542 = EDGE_CURVE ( 'NONE', #655, #3184, #3059, .T. ) ;
#3543 = CARTESIAN_POINT ( 'NONE',  ( 0.7614400000000002300, 0.01144000000000000100, 0.0000000000000000000 ) ) ;
#3544 = DIRECTION ( 'NONE',  ( -1.000000000000000000, 0.0000000000000000000, 0.0000000000000000000 ) ) ;
#3545 = CARTESIAN_POINT ( 'NONE',  ( 0.6471948503523864400, 0.5435600000000000400, -0.2949683489253425200 ) ) ;
#3546 = LINE ( 'NONE', #893, #1896 ) ;
#3547 = FILL_AREA_STYLE ('',( #1328 ) ) ;
#3548 =( NAMED_UNIT ( * ) SI_UNIT ( $, .STERADIAN. ) SOLID_ANGLE_UNIT ( ) );
#3549 =( NAMED_UNIT ( * ) PLANE_ANGLE_UNIT ( ) SI_UNIT ( $, .RADIAN. ) );
#3550 = ORIENTED_EDGE ( 'NONE', *, *, #3686, .F. ) ;
#3551 = PRESENTATION_LAYER_ASSIGNMENT (  '', '', ( #1992 ) ) ;
#3552 = MECHANICAL_DESIGN_GEOMETRIC_PRESENTATION_REPRESENTATION (  '', ( #3782 ), #1422 ) ;
#3553 = STYLED_ITEM ( 'NONE', ( #1457 ), #2357 ) ;
#3554 = CARTESIAN_POINT ( 'NONE',  ( 0.7503291180442894800, 0.01543886146844889100, -0.01417916422666387400 ) ) ;
#3555 = FILL_AREA_STYLE ('',( #4258 ) ) ;
#3556 = AXIS2_PLACEMENT_3D ( 'NONE', #441, #821, #2255 ) ;
#3557 = DIRECTION ( 'NONE',  ( -1.000000000000000000, 0.0000000000000000000, 0.0000000000000000000 ) ) ;
#3558 = DIRECTION ( 'NONE',  ( -1.000000000000000000, 0.0000000000000000000, 0.0000000000000000000 ) ) ;
#3559 = DIRECTION ( 'NONE',  ( 0.3725077383644723700, 0.0000000000000000000, 0.9280290862136734200 ) ) ;
#3560 = DIRECTION ( 'NONE',  ( 0.0000000000000000000, -3.405901710987559700E-015, 1.000000000000000000 ) ) ;
#3561 = FILL_AREA_STYLE_COLOUR ( '', #1785 ) ;
#3562 = SURFACE_STYLE_USAGE ( .BOTH. , #3882 ) ;
#3563 = EDGE_CURVE ( 'NONE', #1712, #70, #364, .T. ) ;
#3564 = SURFACE_SIDE_STYLE ('',( #139 ) ) ;
#3565 = VERTEX_POINT ( 'NONE', #975 ) ;
#3566 = CARTESIAN_POINT ( 'NONE',  ( 0.7500000000000002200, 0.02161099590235872700, -0.01144000000000004000 ) ) ;
#3567 = B_SPLINE_CURVE_WITH_KNOTS ( 'NONE', 3,
 ( #1280, #1679, #3441, #595, #957, #928, #3393, #2005, #2733, #2354 ),
 .UNSPECIFIED., .F., .F.,
 ( 4, 3, 3, 4 ),
 ( 0.0000000000000000000, 3.600817818562833400E-006, 7.182643422685511200E-006, 8.953374655983173800E-006 ),
 .UNSPECIFIED. ) ;
#3568 = COLOUR_RGB ( '',0.7686274509803920900, 0.7686274509803920900, 0.7686274509803920900 ) ;
#3569 = ORIENTED_EDGE ( 'NONE', *, *, #4158, .F. ) ;
#3570 = EDGE_CURVE ( 'NONE', #337, #4445, #1526, .T. ) ;
#3571 = DIRECTION ( 'NONE',  ( 0.0000000000000000000, 0.0000000000000000000, 1.000000000000000000 ) ) ;
#3572 = CARTESIAN_POINT ( 'NONE',  ( 0.5545887168147172200, 0.5385600000000000400, -0.3092102531213381500 ) ) ;
#3573 = FACE_OUTER_BOUND ( 'NONE', #3764, .T. ) ;
#3574 = VERTEX_POINT ( 'NONE', #3445 ) ;
#3575 = DIRECTION ( 'NONE',  ( 0.0000000000000000000, 0.0000000000000000000, -1.000000000000000000 ) ) ;
#3576 = PRESENTATION_LAYER_ASSIGNMENT (  '', '', ( #3327 ) ) ;
#3577 = LINE ( 'NONE', #2767, #4125 ) ;
#3578 = ORIENTED_EDGE ( 'NONE', *, *, #863, .T. ) ;
#3579 = CYLINDRICAL_SURFACE ( 'NONE', #3102, 0.01144000000000004000 ) ;
#3580 = ORIENTED_EDGE ( 'NONE', *, *, #3776, .T. ) ;
#3581 = ORIENTED_EDGE ( 'NONE', *, *, #3994, .F. ) ;
#3582 = VECTOR ( 'NONE', #1227, 1000.000000000000000 ) ;
#3583 = PRESENTATION_LAYER_ASSIGNMENT (  '', '', ( #2030 ) ) ;
#3584 = DIRECTION ( 'NONE',  ( 0.2762437428917283700, 0.0000000000000000000, -0.9610876102172832800 ) ) ;
#3585 = CIRCLE ( 'NONE', #3990, 0.01144000000000000100 ) ;
#3586 = ADVANCED_FACE ( 'NONE', ( #2838 ), #3878, .T. ) ;
#3587 = LINE ( 'NONE', #1795, #123 ) ;
#3588 = ORIENTED_EDGE ( 'NONE', *, *, #4345, .T. ) ;
#3589 = DIRECTION ( 'NONE',  ( -1.000000000000000000, -0.0000000000000000000, 0.0000000000000000000 ) ) ;
#3590 = ORIENTED_EDGE ( 'NONE', *, *, #3341, .T. ) ;
#3591 = COLOUR_RGB ( '',0.7686274509803920900, 0.7686274509803920900, 0.7686274509803920900 ) ;
#3592 = DIRECTION ( 'NONE',  ( -1.000000000000000000, 0.0000000000000000000, 0.0000000000000000000 ) ) ;
#3593 = ORIENTED_EDGE ( 'NONE', *, *, #1348, .F. ) ;
#3594 = PLANE ( 'NONE',  #271 ) ;
#3595 = SURFACE_SIDE_STYLE ('',( #3482 ) ) ;
#3596 = AXIS2_PLACEMENT_3D ( 'NONE', #3543, #3219, #2687 ) ;
#3597 = EDGE_LOOP ( 'NONE', ( #586, #1769, #2991, #2646 ) ) ;
#3598 =( BOUNDED_CURVE ( )  B_SPLINE_CURVE ( 3, ( #1305, #630, #4200, #4523 ),
 .UNSPECIFIED., .F., .F. ) 
 B_SPLINE_CURVE_WITH_KNOTS ( ( 4, 4 ),
 ( 4.712388980384690600, 5.009640341019508700 ),
 .UNSPECIFIED. ) 
 CURVE ( )  GEOMETRIC_REPRESENTATION_ITEM ( )  RATIONAL_B_SPLINE_CURVE ( ( 1.000000000000000000, 0.9926503465769137600, 0.9926503465769137600, 1.000000000000000000 ) ) 
 REPRESENTATION_ITEM ( '' )  );
#3599 = COLOUR_RGB ( '',0.6470588235294118000, 0.5176470588235293500, 0.0000000000000000000 ) ;
#3600 = CARTESIAN_POINT ( 'NONE',  ( 0.4821793587055686600, 0.5435600000000000400, -0.2490416194800628700 ) ) ;
#3601 = VERTEX_POINT ( 'NONE', #2077 ) ;
#3602 = EDGE_CURVE ( 'NONE', #3574, #3953, #1283, .T. ) ;
#3603 = FACE_OUTER_BOUND ( 'NONE', #809, .T. ) ;
#3604 = CARTESIAN_POINT ( 'NONE',  ( 0.2999999999999999300, 0.01144000000000004000, -0.5500000000000000400 ) ) ;
#3605 = PLANE ( 'NONE',  #724 ) ;
#3606 = DIRECTION ( 'NONE',  ( -0.2732148821746424600, 0.0000000000000000000, 0.9619530280415443700 ) ) ;
#3607 = CARTESIAN_POINT ( 'NONE',  ( 0.2998717923918207100, 0.01661432524897033000, -0.01323365377589160400 ) ) ;
#3608 = EDGE_CURVE ( 'NONE', #2762, #2694, #2023, .T. ) ;
#3609 = DIRECTION ( 'NONE',  ( -1.000000000000000000, 0.0000000000000000000, 0.0000000000000000000 ) ) ;
#3610 = CARTESIAN_POINT ( 'NONE',  ( 0.3000055380450196200, 0.5383429032573477900, -0.5296753631455539700 ) ) ;
#3611 = DIRECTION ( 'NONE',  ( 0.0000000000000000000, 0.0000000000000000000, 1.000000000000000000 ) ) ;
#3612 = DIRECTION ( 'NONE',  ( 0.0000000000000000000, 0.0000000000000000000, -1.000000000000000000 ) ) ;
#3613 = PRESENTATION_STYLE_ASSIGNMENT (( #82 ) ) ;
#3614 = PRESENTATION_STYLE_ASSIGNMENT (( #4004 ) ) ;
#3615 =( GEOMETRIC_REPRESENTATION_CONTEXT ( 3 ) GLOBAL_UNCERTAINTY_ASSIGNED_CONTEXT ( ( #3414 ) ) GLOBAL_UNIT_ASSIGNED_CONTEXT ( ( #295, #3488, #1753 ) ) REPRESENTATION_CONTEXT ( 'NONE', 'WORKASPACE' ) );
#3616 = AXIS2_PLACEMENT_3D ( 'NONE', #3158, #1735, #1387 ) ;
#3617 = DIRECTION ( 'NONE',  ( 1.000000000000000000, -0.0000000000000000000, -0.0000000000000000000 ) ) ;
#3618 = DIRECTION ( 'NONE',  ( 1.000000000000000000, 0.0000000000000000000, 0.0000000000000000000 ) ) ;
#3619 = CARTESIAN_POINT ( 'NONE',  ( 0.4254606038979855700, 0.5435600000000000400, -0.3092102531213381500 ) ) ;
#3620 = ORIENTED_EDGE ( 'NONE', *, *, #3200, .T. ) ;
#3621 = CARTESIAN_POINT ( 'NONE',  ( 0.2999999999999999300, 0.5385600000000000400, -0.5271199999999999200 ) ) ;
#3622 = SURFACE_SIDE_STYLE ('',( #2935 ) ) ;
#3623 = ORIENTED_EDGE ( 'NONE', *, *, #1858, .F. ) ;
#3624 = UNCERTAINTY_MEASURE_WITH_UNIT (LENGTH_MEASURE( 1.000000000000000100E-005 ), #1222, 'distance_accuracy_value', 'NONE');
#3625 = AXIS2_PLACEMENT_3D ( 'NONE', #1188, #2277, #1898 ) ;
#3626 = ORIENTED_EDGE ( 'NONE', *, *, #2395, .T. ) ;
#3627 = LINE ( 'NONE', #1436, #158 ) ;
#3628 = CARTESIAN_POINT ( 'NONE',  ( 1.038560000000000100, 0.5385600000000000400, 0.0000000000000000000 ) ) ;
#3629 = VERTEX_POINT ( 'NONE', #3312 ) ;
#3630 = ADVANCED_FACE ( 'NONE', ( #362 ), #1936, .F. ) ;
#3631 = EDGE_CURVE ( 'NONE', #2661, #3743, #3301, .T. ) ;
#3632 = LINE ( 'NONE', #291, #3350 ) ;
#3633 = VECTOR ( 'NONE', #1957, 1000.000000000000100 ) ;
#3634 = ORIENTED_EDGE ( 'NONE', *, *, #3829, .F. ) ;
#3635 = CARTESIAN_POINT ( 'NONE',  ( 0.2999999999999999300, 0.5385600000000000400, -0.5500000000000000400 ) ) ;
#3636 = FILL_AREA_STYLE ('',( #1160 ) ) ;
#3637 = CARTESIAN_POINT ( 'NONE',  ( 0.3571290157169834700, 0.5435600000000000400, -0.2349049999999999700 ) ) ;
#3638 = AXIS2_PLACEMENT_3D ( 'NONE', #1798, #4221, #3870 ) ;
#3639 = AXIS2_PLACEMENT_3D ( 'NONE', #1350, #4157, #4502 ) ;
#3640 = LINE ( 'NONE', #281, #1434 ) ;
#3641 = ORIENTED_EDGE ( 'NONE', *, *, #2140, .F. ) ;
#3642 = EDGE_LOOP ( 'NONE', ( #2414, #53, #540, #1501 ) ) ;
#3643 = SURFACE_STYLE_FILL_AREA ( #4320 ) ;
#3644 =( LENGTH_UNIT ( ) NAMED_UNIT ( * ) SI_UNIT ( .MILLI., .METRE. ) );
#3645 = LINE ( 'NONE', #869, #3582 ) ;
#3646 = PRESENTATION_LAYER_ASSIGNMENT (  '', '', ( #2710 ) ) ;
#3647 = EDGE_LOOP ( 'NONE', ( #1547, #1042, #3281, #3149, #4342, #3078 ) ) ;
#3648 = VECTOR ( 'NONE', #3074, 1000.000000000000000 ) ;
#3649 = DIRECTION ( 'NONE',  ( 0.0000000000000000000, -1.000000000000000000, 0.0000000000000000000 ) ) ;
#3650 = DIRECTION ( 'NONE',  ( 0.3829140317376895600, 0.0000000000000000000, 0.9237839814038711900 ) ) ;
#3651 = EDGE_CURVE ( 'NONE', #2913, #1760, #246, .T. ) ;
#3652 = ORIENTED_EDGE ( 'NONE', *, *, #642, .T. ) ;
#3653 = DIRECTION ( 'NONE',  ( 0.0000000000000000000, 0.0000000000000000000, 1.000000000000000000 ) ) ;
#3654 = UNCERTAINTY_MEASURE_WITH_UNIT (LENGTH_MEASURE( 1.000000000000000100E-005 ), #422, 'distance_accuracy_value', 'NONE');
#3655 = CIRCLE ( 'NONE', #1364, 0.01144000000000000100 ) ;
#3656 = SURFACE_STYLE_FILL_AREA ( #125 ) ;
#3657 = CARTESIAN_POINT ( 'NONE',  ( 0.5871784954631548100, 0.5435600000000000400, -0.3092102531213381500 ) ) ;
#3658 = CARTESIAN_POINT ( 'NONE',  ( 0.7500000000000002200, 0.01144000000000004000, -0.5271199999999999200 ) ) ;
#3659 =( GEOMETRIC_REPRESENTATION_CONTEXT ( 3 ) GLOBAL_UNCERTAINTY_ASSIGNED_CONTEXT ( ( #2975 ) ) GLOBAL_UNIT_ASSIGNED_CONTEXT ( ( #2977, #4387, #851 ) ) REPRESENTATION_CONTEXT ( 'NONE', 'WORKASPACE' ) );
#3660 = ADVANCED_FACE ( 'NONE', ( #1165 ), #3998, .F. ) ;
#3661 = LINE ( 'NONE', #2111, #513 ) ;
#3662 = VECTOR ( 'NONE', #2081, 1000.000000000000000 ) ;
#3663 = EDGE_CURVE ( 'NONE', #1760, #3574, #2946, .T. ) ;
#3664 = VECTOR ( 'NONE', #2017, 1000.000000000000000 ) ;
#3665 = MECHANICAL_DESIGN_GEOMETRIC_PRESENTATION_REPRESENTATION (  '', ( #3327 ), #2955 ) ;
#3666 = FILL_AREA_STYLE ('',( #3185 ) ) ;
#3667 = SURFACE_STYLE_USAGE ( .BOTH. , #1945 ) ;
#3668 = CARTESIAN_POINT ( 'NONE',  ( 0.2999999999999999300, 0.02288000000000003900, -0.5385600000000000400 ) ) ;
#3669 = ORIENTED_EDGE ( 'NONE', *, *, #3153, .T. ) ;
#3670 = EDGE_CURVE ( 'NONE', #2601, #2762, #1058, .T. ) ;
#3671 = MANIFOLD_SOLID_BREP ( 'Scale1[2]', #1600 ) ;
#3672 = SURFACE_SIDE_STYLE ('',( #2375 ) ) ;
#3673 = CARTESIAN_POINT ( 'NONE',  ( -6.967927563075477400E-005, 0.5435599999999998200, 0.01497545632595000600 ) ) ;
#3674 = CARTESIAN_POINT ( 'NONE',  ( 0.2999991409124507800, 0.02109448857307101600, -0.01158019695108339400 ) ) ;
#3675 = CIRCLE ( 'NONE', #3933, 0.01144000000000004000 ) ;
#3676 = ORIENTED_EDGE ( 'NONE', *, *, #2044, .F. ) ;
#3677 = DIRECTION ( 'NONE',  ( 0.0000000000000000000, -1.000000000000000000, 0.0000000000000000000 ) ) ;
#3678 = CARTESIAN_POINT ( 'NONE',  ( 0.3000002828886797500, 0.01148701926854508800, -0.5283158263398678400 ) ) ;
#3679 = DIRECTION ( 'NONE',  ( 0.0000000000000000000, 0.0000000000000000000, 1.000000000000000000 ) ) ;
#3680 = VERTEX_POINT ( 'NONE', #290 ) ;
#3681 = EDGE_CURVE ( 'NONE', #1157, #4529, #1229, .T. ) ;
#3682 = ORIENTED_EDGE ( 'NONE', *, *, #4218, .F. ) ;
#3683 = PLANE ( 'NONE',  #3397 ) ;
#3684 = CARTESIAN_POINT ( 'NONE',  ( 0.7500008590875494300, 0.02109448857307099800, -0.5384198030489165700 ) ) ;
#3685 = CYLINDRICAL_SURFACE ( 'NONE', #2846, 0.01143999999999998500 ) ;
#3686 = EDGE_CURVE ( 'NONE', #74, #3407, #3005, .T. ) ;
#3687 = VERTEX_POINT ( 'NONE', #2306 ) ;
#3688 = SURFACE_STYLE_USAGE ( .BOTH. , #1198 ) ;
#3689 = CARTESIAN_POINT ( 'NONE',  ( 0.5309311526591329300, 0.5435600000000000400, -0.2349049999999999700 ) ) ;
#3690 = CARTESIAN_POINT ( 'NONE',  ( 0.5111220366907292000, 0.5435600000000000400, -0.2349049999999999700 ) ) ;
#3691 = CARTESIAN_POINT ( 'NONE',  ( 0.7500000000000002200, 0.5283890040976412200, -0.5385600000000000400 ) ) ;
#3692 = CARTESIAN_POINT ( 'NONE',  ( 0.2996708819557106800, 0.5358208357733361700, -0.5345611385315510700 ) ) ;
#3693 = EDGE_LOOP ( 'NONE', ( #3580, #4194, #283, #3125 ) ) ;
#3694 = AXIS2_PLACEMENT_3D ( 'NONE', #2506, #2849, #3544 ) ;
#3695 = AXIS2_PLACEMENT_3D ( 'NONE', #4401, #910, #1263 ) ;
#3696 = ORIENTED_EDGE ( 'NONE', *, *, #2160, .T. ) ;
#3697 = CYLINDRICAL_SURFACE ( 'NONE', #1404, 0.01144000000000000100 ) ;
#3698 = EDGE_LOOP ( 'NONE', ( #2257, #3259, #2313, #3154 ) ) ;
#3699 = CARTESIAN_POINT ( 'NONE',  ( 0.7500000000000002200, 0.01144000000000004000, -0.5283890040976412200 ) ) ;
#3700 = DIRECTION ( 'NONE',  ( -0.0000000000000000000, -0.0000000000000000000, -1.000000000000000000 ) ) ;
#3701 = ORIENTED_EDGE ( 'NONE', *, *, #642, .F. ) ;
#3702 = LINE ( 'NONE', #725, #346 ) ;
#3703 = CARTESIAN_POINT ( 'NONE',  ( 1.050000000000000000, 0.0000000000000000000, -0.5385600000000000400 ) ) ;
#3704 = DIRECTION ( 'NONE',  ( -0.0000000000000000000, 0.0000000000000000000, 1.000000000000000000 ) ) ;
#3705 =( LENGTH_UNIT ( ) NAMED_UNIT ( * ) SI_UNIT ( .MILLI., .METRE. ) );
#3706 = SURFACE_SIDE_STYLE ('',( #1571 ) ) ;
#3707 = ORIENTED_EDGE ( 'NONE', *, *, #1406, .T. ) ;
#3708 = UNCERTAINTY_MEASURE_WITH_UNIT (LENGTH_MEASURE( 1.000000000000000100E-005 ), #3097, 'distance_accuracy_value', 'NONE');
#3709 = FILL_AREA_STYLE ('',( #4042 ) ) ;
#3710 = CARTESIAN_POINT ( 'NONE',  ( 0.6091224510906072500, 0.5385600000000000400, -0.2812433791288636000 ) ) ;
#3711 = DIRECTION ( 'NONE',  ( -1.000000000000000000, 0.0000000000000000000, 0.0000000000000000000 ) ) ;
#3712 = COLOUR_RGB ( '',0.7686274509803920900, 0.7686274509803920900, 0.7686274509803920900 ) ;
#3713 =( GEOMETRIC_REPRESENTATION_CONTEXT ( 3 ) GLOBAL_UNCERTAINTY_ASSIGNED_CONTEXT ( ( #98 ) ) GLOBAL_UNIT_ASSIGNED_CONTEXT ( ( #2171, #1776, #1382 ) ) REPRESENTATION_CONTEXT ( 'NONE', 'WORKASPACE' ) );
#3714 = FILL_AREA_STYLE ('',( #1239 ) ) ;
#3715 = DIRECTION ( 'NONE',  ( -0.0000000000000000000, 1.000000000000000000, -0.0000000000000000000 ) ) ;
#3716 = DIRECTION ( 'NONE',  ( -1.000000000000000000, 0.0000000000000000000, 0.0000000000000000000 ) ) ;
#3717 = EDGE_CURVE ( 'NONE', #1948, #2330, #2896, .T. ) ;
#3718 = VECTOR ( 'NONE', #600, 1000.000000000000000 ) ;
#3719 = CARTESIAN_POINT ( 'NONE',  ( 0.7614400000000002300, 0.5385600000000000400, 0.0000000000000000000 ) ) ;
#3720 = DIRECTION ( 'NONE',  ( 1.000000000000000000, 0.0000000000000000000, 0.0000000000000000000 ) ) ;
#3721 = FILL_AREA_STYLE ('',( #1941 ) ) ;
#3722 = DIRECTION ( 'NONE',  ( 0.9610029908221275900, 0.0000000000000000000, 0.2765379750249968800 ) ) ;
#3723 = STYLED_ITEM ( 'NONE', ( #3777 ), #1620 ) ;
#3724 =( GEOMETRIC_REPRESENTATION_CONTEXT ( 3 ) GLOBAL_UNCERTAINTY_ASSIGNED_CONTEXT ( ( #3762 ) ) GLOBAL_UNIT_ASSIGNED_CONTEXT ( ( #1367, #3821, #2421 ) ) REPRESENTATION_CONTEXT ( 'NONE', 'WORKASPACE' ) );
#3725 = DIRECTION ( 'NONE',  ( 0.0000000000000000000, -1.000000000000000000, 0.0000000000000000000 ) ) ;
#3726 = FILL_AREA_STYLE ('',( #170 ) ) ;
#3727 = SURFACE_STYLE_FILL_AREA ( #2515 ) ;
#3728 = ORIENTED_EDGE ( 'NONE', *, *, #1231, .T. ) ;
#3729 = CARTESIAN_POINT ( 'NONE',  ( 0.7501282076081795500, 0.5333856747510297100, -0.01323365377589171300 ) ) ;
#3730 = CARTESIAN_POINT ( 'NONE',  ( 0.3848875796061398400, 0.5435600000000000400, -0.2349050000000000000 ) ) ;
#3731 = DIRECTION ( 'NONE',  ( 0.2746459304917039400, 0.0000000000000000000, -0.9615454294334439000 ) ) ;
#3732 = FACE_OUTER_BOUND ( 'NONE', #3698, .T. ) ;
#3733 = PRESENTATION_LAYER_ASSIGNMENT (  '', '', ( #515 ) ) ;
#3734 = ORIENTED_EDGE ( 'NONE', *, *, #3663, .F. ) ;
#3735 = ORIENTED_EDGE ( 'NONE', *, *, #3071, .T. ) ;
#3736 = CARTESIAN_POINT ( 'NONE',  ( 0.7500000000000002200, 0.5385600000000000400, -0.5385600000000000400 ) ) ;
#3737 = EDGE_CURVE ( 'NONE', #1354, #2756, #3825, .T. ) ;
#3738 = CARTESIAN_POINT ( 'NONE',  ( 0.01143999999999993100, 0.0000000000000000000, 0.0000000000000000000 ) ) ;
#3739 = ADVANCED_FACE ( 'NONE', ( #1847 ), #1955, .T. ) ;
#3740 = CARTESIAN_POINT ( 'NONE',  ( 0.2999316151976898500, 0.01768222662350838300, -0.01268898670756269900 ) ) ;
#3741 =( GEOMETRIC_REPRESENTATION_CONTEXT ( 3 ) GLOBAL_UNCERTAINTY_ASSIGNED_CONTEXT ( ( #1541 ) ) GLOBAL_UNIT_ASSIGNED_CONTEXT ( ( #1556, #874, #2965 ) ) REPRESENTATION_CONTEXT ( 'NONE', 'WORKASPACE' ) );
#3742 = CARTESIAN_POINT ( 'NONE',  ( 0.0000000000000000000, 0.01144000000000000100, -0.01144000000000000100 ) ) ;
#3743 = VERTEX_POINT ( 'NONE', #1646 ) ;
#3744 = DIRECTION ( 'NONE',  ( -0.9620200793798756600, 0.0000000000000000000, -0.2729786930695101100 ) ) ;
#3745 = CARTESIAN_POINT ( 'NONE',  ( 0.4920625660342559700, 0.5435600000000000400, -0.3092102531213381500 ) ) ;
#3746 = FACE_OUTER_BOUND ( 'NONE', #3507, .T. ) ;
#3747 = ORIENTED_EDGE ( 'NONE', *, *, #3631, .T. ) ;
#3748 = EDGE_CURVE ( 'NONE', #3023, #493, #1226, .T. ) ;
#3749 = VECTOR ( 'NONE', #2219, 1000.000000000000000 ) ;
#3750 = ORIENTED_EDGE ( 'NONE', *, *, #2247, .F. ) ;
#3751 =( GEOMETRIC_REPRESENTATION_CONTEXT ( 3 ) GLOBAL_UNCERTAINTY_ASSIGNED_CONTEXT ( ( #1209 ) ) GLOBAL_UNIT_ASSIGNED_CONTEXT ( ( #4456, #951, #2725 ) ) REPRESENTATION_CONTEXT ( 'NONE', 'WORKASPACE' ) );
#3752 = DIRECTION ( 'NONE',  ( -1.000000000000000000, 0.0000000000000000000, 0.0000000000000000000 ) ) ;
#3753 = FILL_AREA_STYLE ('',( #3769 ) ) ;
#3754 =( NAMED_UNIT ( * ) SI_UNIT ( $, .STERADIAN. ) SOLID_ANGLE_UNIT ( ) );
#3755 = ORIENTED_EDGE ( 'NONE', *, *, #902, .T. ) ;
#3756 = DIRECTION ( 'NONE',  ( 0.0000000000000000000, -1.000000000000000000, 0.0000000000000000000 ) ) ;
#3757 = ORIENTED_EDGE ( 'NONE', *, *, #4000, .F. ) ;
#3758 = VECTOR ( 'NONE', #1051, 1000.000000000000000 ) ;
#3759 = DIRECTION ( 'NONE',  ( 0.0000000000000000000, -1.000000000000000000, 0.0000000000000000000 ) ) ;
#3760 = DIRECTION ( 'NONE',  ( -1.000000000000000000, 0.0000000000000000000, 0.0000000000000000000 ) ) ;
#3761 = PRESENTATION_LAYER_ASSIGNMENT (  '', '', ( #4139 ) ) ;
#3762 = UNCERTAINTY_MEASURE_WITH_UNIT (LENGTH_MEASURE( 1.000000000000000100E-005 ), #1367, 'distance_accuracy_value', 'NONE');
#3763 = CARTESIAN_POINT ( 'NONE',  ( 0.3907726789223210900, 0.5385600000000000400, -0.2752507357681158700 ) ) ;
#3764 = EDGE_LOOP ( 'NONE', ( #2283, #1876, #3623, #1747 ) ) ;
#3765 = ADVANCED_FACE ( 'NONE', ( #3266 ), #2891, .T. ) ;
#3766 = FILL_AREA_STYLE ('',( #2730 ) ) ;
#3767 = CYLINDRICAL_SURFACE ( 'NONE', #3092, 0.01144000000000004000 ) ;
#3768 = STYLED_ITEM ( 'NONE', ( #1928 ), #3128 ) ;
#3769 = FILL_AREA_STYLE_COLOUR ( '', #3035 ) ;
#3770 = LINE ( 'NONE', #1075, #2782 ) ;
#3771 = PLANE ( 'NONE',  #715 ) ;
#3772 = EDGE_CURVE ( 'NONE', #1019, #655, #954, .T. ) ;
#3773 = VECTOR ( 'NONE', #2776, 1000.000000000000000 ) ;
#3774 = CARTESIAN_POINT ( 'NONE',  ( 0.0000000000000000000, 0.01144000000000000100, 0.0000000000000000000 ) ) ;
#3775 = DIRECTION ( 'NONE',  ( 0.0000000000000000000, -1.000000000000000000, 0.0000000000000000000 ) ) ;
#3776 = EDGE_CURVE ( 'NONE', #340, #2370, #3217, .T. ) ;
#3777 = PRESENTATION_STYLE_ASSIGNMENT (( #816 ) ) ;
#3778 = ADVANCED_FACE ( 'NONE', ( #3439 ), #306, .T. ) ;
#3779 = VECTOR ( 'NONE', #3617, 1000.000000000000000 ) ;
#3780 = ORIENTED_EDGE ( 'NONE', *, *, #1627, .T. ) ;
#3781 = MECHANICAL_DESIGN_GEOMETRIC_PRESENTATION_REPRESENTATION (  '', ( #1992 ), #4480 ) ;
#3782 = STYLED_ITEM ( 'NONE', ( #2263 ), #633 ) ;
#3783 =( GEOMETRIC_REPRESENTATION_CONTEXT ( 3 ) GLOBAL_UNCERTAINTY_ASSIGNED_CONTEXT ( ( #2501 ) ) GLOBAL_UNIT_ASSIGNED_CONTEXT ( ( #3528, #2781, #4535 ) ) REPRESENTATION_CONTEXT ( 'NONE', 'WORKASPACE' ) );
#3784 = LINE ( 'NONE', #4469, #2527 ) ;
#3785 = ORIENTED_EDGE ( 'NONE', *, *, #4490, .F. ) ;
#3786 = CARTESIAN_POINT ( 'NONE',  ( 0.2997321521107693700, 0.5342088299483061000, -0.01390101954763258400 ) ) ;
#3787 = CARTESIAN_POINT ( 'NONE',  ( 0.4994740677989998900, 0.5435600000000000400, -0.3092102531213381500 ) ) ;
#3788 = UNCERTAINTY_MEASURE_WITH_UNIT (LENGTH_MEASURE( 1.000000000000000100E-005 ), #4095, 'distance_accuracy_value', 'NONE');
#3789 = CARTESIAN_POINT ( 'NONE',  ( 0.3785113022970459900, 0.5385600000000000400, -0.3092102531213381500 ) ) ;
#3790 = AXIS2_PLACEMENT_3D ( 'NONE', #2852, #751, #4233 ) ;
#3791 = VERTEX_POINT ( 'NONE', #1233 ) ;
#3792 = EDGE_CURVE ( 'NONE', #3407, #1085, #194, .T. ) ;
#3793 = VERTEX_POINT ( 'NONE', #2301 ) ;
#3794 =( NAMED_UNIT ( * ) PLANE_ANGLE_UNIT ( ) SI_UNIT ( $, .RADIAN. ) );
#3795 = PLANE ( 'NONE',  #2647 ) ;
#3796 = PRODUCT_CONTEXT ( 'NONE', #358, 'mechanical' ) ;
#3797 = AXIS2_PLACEMENT_3D ( 'NONE', #4545, #3152, #2466 ) ;
#3798 = SPHERICAL_SURFACE ( 'NONE', #1156, 0.01144000000000000100 ) ;
#3799 = SURFACE_STYLE_FILL_AREA ( #2493 ) ;
#3800 = EDGE_LOOP ( 'NONE', ( #3682, #353, #938, #3917, #4059, #3641 ) ) ;
#3801 = CARTESIAN_POINT ( 'NONE',  ( 1.038560000000000100, 0.5500000000000000400, 0.0000000000000000000 ) ) ;
#3802 = CARTESIAN_POINT ( 'NONE',  ( 0.6052034195819078200, 0.5435600000000000400, -0.2675093720176779900 ) ) ;
#3803 =( NAMED_UNIT ( * ) PLANE_ANGLE_UNIT ( ) SI_UNIT ( $, .RADIAN. ) );
#3804 = EDGE_CURVE ( 'NONE', #1515, #74, #3000, .T. ) ;
#3805 = DIRECTION ( 'NONE',  ( 0.0000000000000000000, -1.000000000000000000, 0.0000000000000000000 ) ) ;
#3806 = ORIENTED_EDGE ( 'NONE', *, *, #425, .F. ) ;
#3807 = ADVANCED_FACE ( 'NONE', ( #3932 ), #2731, .T. ) ;
#3808 = ORIENTED_EDGE ( 'NONE', *, *, #4073, .T. ) ;
#3809 = COLOUR_RGB ( '',0.7686274509803920900, 0.7686274509803920900, 0.7686274509803920900 ) ;
#3810 = VECTOR ( 'NONE', #1796, 1000.000000000000000 ) ;
#3811 = ORIENTED_EDGE ( 'NONE', *, *, #352, .F. ) ;
#3812 = ORIENTED_EDGE ( 'NONE', *, *, #615, .T. ) ;
#3813 = VECTOR ( 'NONE', #1576, 1000.000000000000000 ) ;
#3814 = DIRECTION ( 'NONE',  ( 7.938847109670268300E-005, 0.0000000000000000000, -0.9999999968487353100 ) ) ;
#3815 = PLANE ( 'NONE',  #2456 ) ;
#3816 = VERTEX_POINT ( 'NONE', #3006 ) ;
#3817 = FACE_OUTER_BOUND ( 'NONE', #4459, .T. ) ;
#3818 = DIRECTION ( 'NONE',  ( 0.2762033010289141600, 0.0000000000000000000, -0.9610992334305188400 ) ) ;
#3819 = CARTESIAN_POINT ( 'NONE',  ( 0.7500031471907087100, 0.5300870249090692300, -0.01176689098586436100 ) ) ;
#3820 = ORIENTED_EDGE ( 'NONE', *, *, #1487, .F. ) ;
#3821 =( NAMED_UNIT ( * ) PLANE_ANGLE_UNIT ( ) SI_UNIT ( $, .RADIAN. ) );
#3822 = PRESENTATION_STYLE_ASSIGNMENT (( #2343 ) ) ;
#3823 = CARTESIAN_POINT ( 'NONE',  ( 0.5309311526591329300, 0.5435600000000000400, -0.2349049999999999700 ) ) ;
#3824 = COLOUR_RGB ( '',0.7921568627450980000, 0.8196078431372548800, 0.9333333333333333500 ) ;
#3825 = LINE ( 'NONE', #3418, #1960 ) ;
#3826 = MECHANICAL_DESIGN_GEOMETRIC_PRESENTATION_REPRESENTATION (  '', ( #2010 ), #4060 ) ;
#3827 = ADVANCED_FACE ( 'NONE', ( #2829 ), #299, .T. ) ;
#3828 = DIRECTION ( 'NONE',  ( 0.0000000000000000000, -1.000000000000000000, 0.0000000000000000000 ) ) ;
#3829 = EDGE_CURVE ( 'NONE', #3912, #55, #2622, .T. ) ;
#3830 = DIRECTION ( 'NONE',  ( 0.0000000000000000000, 1.000000000000000000, 0.0000000000000000000 ) ) ;
#3831 =( GEOMETRIC_REPRESENTATION_CONTEXT ( 3 ) GLOBAL_UNCERTAINTY_ASSIGNED_CONTEXT ( ( #3225 ) ) GLOBAL_UNIT_ASSIGNED_CONTEXT ( ( #2876, #3177, #759 ) ) REPRESENTATION_CONTEXT ( 'NONE', 'WORKASPACE' ) );
#3832 = VECTOR ( 'NONE', #13, 999.9999999999998900 ) ;
#3833 = ORIENTED_EDGE ( 'NONE', *, *, #1439, .T. ) ;
#3834 = PRESENTATION_LAYER_ASSIGNMENT (  '', '', ( #2783 ) ) ;
#3835 = FILL_AREA_STYLE_COLOUR ( '', #1343 ) ;
#3836 = EDGE_CURVE ( 'NONE', #2889, #160, #3546, .T. ) ;
#3837 = SPHERICAL_SURFACE ( 'NONE', #1174, 0.01144000000000000100 ) ;
#3838 = ORIENTED_EDGE ( 'NONE', *, *, #1858, .T. ) ;
#3839 = DIRECTION ( 'NONE',  ( 0.9611542233438681300, 0.0000000000000000000, 0.2760118818968593800 ) ) ;
#3840 = CARTESIAN_POINT ( 'NONE',  ( 1.038560000000000100, 0.5500000000000000400, -0.5385600000000000400 ) ) ;
#3841 = CIRCLE ( 'NONE', #1005, 0.01143999999999998500 ) ;
#3842 = PRESENTATION_LAYER_ASSIGNMENT (  '', '', ( #3553 ) ) ;
#3843 = VERTEX_POINT ( 'NONE', #1012 ) ;
#3844 = B_SPLINE_CURVE_WITH_KNOTS ( 'NONE', 3,
 ( #1575, #3271, #200, #878, #4057, #1990, #4421, #1218, #3394, #3015 ),
 .UNSPECIFIED., .F., .F.,
 ( 4, 3, 3, 4 ),
 ( 0.0000000000000000000, 3.600817818562810600E-006, 7.182643422685367200E-006, 8.953374655983148400E-006 ),
 .UNSPECIFIED. ) ;
#3845 = FACE_OUTER_BOUND ( 'NONE', #2427, .T. ) ;
#3846 = DIRECTION ( 'NONE',  ( -0.0000000000000000000, 1.000000000000000000, 0.0000000000000000000 ) ) ;
#3847 = ORIENTED_EDGE ( 'NONE', *, *, #4304, .T. ) ;
#3848 = SURFACE_SIDE_STYLE ('',( #2475 ) ) ;
#3849 = DIRECTION ( 'NONE',  ( -0.3829140317376895600, 0.0000000000000000000, -0.9237839814038711900 ) ) ;
#3850 = ORIENTED_EDGE ( 'NONE', *, *, #1687, .F. ) ;
#3851 = CLOSED_SHELL ( 'NONE', ( #3827, #807, #3068, #1853, #3765, #1469, #3295, #4336, #4131, #4298, #80, #255, #3630, #2040, #633, #2554, #105, #2709, #2239, #4107, #2897, #3051, #3586, #620, #3234, #3275, #4485, #573, #3128, #2938, #2529, #1991, #488, #2381, #2400, #126, #1349, #3778, #467, #663, #3739, #3091, #1537, #2871, #3807, #2420, #825, #1731, #416, #1123, #3387, #1282, #1808, #1022, #3477, #2919, #2357, #1620, #303, #3214, #3986, #980, #2213, #1875 ) ) ;
#3852 = CARTESIAN_POINT ( 'NONE',  ( 0.2885599999999999300, 0.01144000000000000100, -0.01144000000000004000 ) ) ;
#3853 =( NAMED_UNIT ( * ) SI_UNIT ( $, .STERADIAN. ) SOLID_ANGLE_UNIT ( ) );
#3854 = PRESENTATION_LAYER_ASSIGNMENT (  '', '', ( #1980 ) ) ;
#3855 = DIRECTION ( 'NONE',  ( 0.0000000000000000000, -1.000000000000000000, 0.0000000000000000000 ) ) ;
#3856 = SURFACE_STYLE_FILL_AREA ( #2862 ) ;
#3857 = ORIENTED_EDGE ( 'NONE', *, *, #59, .F. ) ;
#3858 =( NAMED_UNIT ( * ) SI_UNIT ( $, .STERADIAN. ) SOLID_ANGLE_UNIT ( ) );
#3859 = PLANE ( 'NONE',  #3797 ) ;
#3860 = ORIENTED_EDGE ( 'NONE', *, *, #3563, .T. ) ;
#3861 = EDGE_CURVE ( 'NONE', #3601, #340, #3872, .T. ) ;
#3862 = VECTOR ( 'NONE', #4229, 1000.000000000000000 ) ;
#3863 = PLANE ( 'NONE',  #534 ) ;
#3864 = CARTESIAN_POINT ( 'NONE',  ( 0.3573540449120420900, 0.5435600000000000400, -0.3092102531213381500 ) ) ;
#3865 = FILL_AREA_STYLE ('',( #3835 ) ) ;
#3866 = EDGE_LOOP ( 'NONE', ( #3931, #4466, #1394, #1093 ) ) ;
#3867 = AXIS2_PLACEMENT_3D ( 'NONE', #653, #324, #36 ) ;
#3868 = STYLED_ITEM ( 'NONE', ( #2036 ), #980 ) ;
#3869 = DIRECTION ( 'NONE',  ( 0.0000000000000000000, 1.000000000000000000, 0.0000000000000000000 ) ) ;
#3870 = DIRECTION ( 'NONE',  ( 0.0000000000000000000, 0.0000000000000000000, -1.000000000000000000 ) ) ;
#3871 = VECTOR ( 'NONE', #4093, 1000.000000000000000 ) ;
#3872 = LINE ( 'NONE', #3509, #1339 ) ;
#3873 = FILL_AREA_STYLE_COLOUR ( '', #2496 ) ;
#3874 = CARTESIAN_POINT ( 'NONE',  ( 0.3571290157169834700, 0.5435600000000000400, -0.2349049999999999700 ) ) ;
#3875 = DIRECTION ( 'NONE',  ( 0.0000000000000000000, 0.0000000000000000000, 1.000000000000000000 ) ) ;
#3876 = DIRECTION ( 'NONE',  ( 1.000000000000000000, 0.0000000000000000000, 0.0000000000000000000 ) ) ;
#3877 = STYLED_ITEM ( 'NONE', ( #4289 ), #3295 ) ;
#3878 = SPHERICAL_SURFACE ( 'NONE', #4297, 0.01144000000000000100 ) ;
#3879 =( LENGTH_UNIT ( ) NAMED_UNIT ( * ) SI_UNIT ( .MILLI., .METRE. ) );
#3880 = FILL_AREA_STYLE ('',( #2806 ) ) ;
#3881 = PRESENTATION_STYLE_ASSIGNMENT (( #639 ) ) ;
#3882 = SURFACE_SIDE_STYLE ('',( #2574 ) ) ;
#3883 = EDGE_CURVE ( 'NONE', #4193, #1157, #187, .T. ) ;
#3884 = CARTESIAN_POINT ( 'NONE',  ( 0.6697845221132360200, 0.5385600000000000400, -0.2948632901422433800 ) ) ;
#3885 = EDGE_CURVE ( 'NONE', #4529, #487, #1677, .T. ) ;
#3886 = CARTESIAN_POINT ( 'NONE',  ( 0.3686929376419000900, 0.5435600000000000400, -0.2752507357681145400 ) ) ;
#3887 = CARTESIAN_POINT ( 'NONE',  ( 0.2999999999999999300, 0.5385600000000000400, -0.01144000000000004000 ) ) ;
#3888 = VECTOR ( 'NONE', #1044, 1000.000000000000000 ) ;
#3889 = ORIENTED_EDGE ( 'NONE', *, *, #631, .T. ) ;
#3890 = CARTESIAN_POINT ( 'NONE',  ( 0.01143999999999993100, 0.5385600000000000400, -0.01144000000000000100 ) ) ;
#3891 = CARTESIAN_POINT ( 'NONE',  ( 0.4541912470239822800, 0.5435600000000000400, -0.2950666297225400500 ) ) ;
#3892 = DIRECTION ( 'NONE',  ( 0.0000000000000000000, 0.0000000000000000000, -1.000000000000000000 ) ) ;
#3893 = CARTESIAN_POINT ( 'NONE',  ( 0.7500000000000002200, 0.5385600000000000400, -0.01144000000000004000 ) ) ;
#3894 = ORIENTED_EDGE ( 'NONE', *, *, #240, .T. ) ;
#3895 =( GEOMETRIC_REPRESENTATION_CONTEXT ( 3 ) GLOBAL_UNCERTAINTY_ASSIGNED_CONTEXT ( ( #1483 ) ) GLOBAL_UNIT_ASSIGNED_CONTEXT ( ( #1357, #4465, #1738 ) ) REPRESENTATION_CONTEXT ( 'NONE', 'WORKASPACE' ) );
#3896 = UNCERTAINTY_MEASURE_WITH_UNIT (LENGTH_MEASURE( 1.000000000000000100E-005 ), #1035, 'distance_accuracy_value', 'NONE');
#3897 = VECTOR ( 'NONE', #2190, 999.9999999999998900 ) ;
#3898 = ORIENTED_EDGE ( 'NONE', *, *, #359, .F. ) ;
#3899 = B_SPLINE_CURVE_WITH_KNOTS ( 'NONE', 3,
 ( #1111, #2816, #4558, #2503, #1801, #368, #32, #1061, #44, #2186 ),
 .UNSPECIFIED., .F., .F.,
 ( 4, 3, 3, 4 ),
 ( 0.0000000000000000000, 3.807012292923920100E-006, 7.621886349125307700E-006, 8.963476866336139500E-006 ),
 .UNSPECIFIED. ) ;
#3900 = STYLED_ITEM ( 'NONE', ( #1830 ), #2709 ) ;
#3901 = SPHERICAL_SURFACE ( 'NONE', #4187, 0.01144000000000000100 ) ;
#3902 = VERTEX_POINT ( 'NONE', #2451 ) ;
#3903 = CARTESIAN_POINT ( 'NONE',  ( 0.2994983006540903300, 0.5352093015767741500, -0.01479069842322597100 ) ) ;
#3904 = FILL_AREA_STYLE_COLOUR ( '', #3599 ) ;
#3905 = EDGE_CURVE ( 'NONE', #2866, #1774, #2016, .T. ) ;
#3906 = ORIENTED_EDGE ( 'NONE', *, *, #471, .F. ) ;
#3907 = CARTESIAN_POINT ( 'NONE',  ( 0.4501696419936382400, 0.5435600000000000400, -0.2812458643905236800 ) ) ;
#3908 = CARTESIAN_POINT ( 'NONE',  ( 0.4010074378511139800, 0.5385600000000000400, -0.3092102531213381500 ) ) ;
#3909 =( NAMED_UNIT ( * ) PLANE_ANGLE_UNIT ( ) SI_UNIT ( $, .RADIAN. ) );
#3910 = STYLED_ITEM ( 'NONE', ( #1464 ), #3765 ) ;
#3911 = CIRCLE ( 'NONE', #2112, 0.01143999999999998500 ) ;
#3912 = VERTEX_POINT ( 'NONE', #348 ) ;
#3913 = ORIENTED_EDGE ( 'NONE', *, *, #3443, .T. ) ;
#3914 = SURFACE_STYLE_FILL_AREA ( #360 ) ;
#3915 = EDGE_CURVE ( 'NONE', #3902, #1557, #4098, .T. ) ;
#3916 = LINE ( 'NONE', #3288, #3309 ) ;
#3917 = ORIENTED_EDGE ( 'NONE', *, *, #2828, .F. ) ;
#3918 = SURFACE_SIDE_STYLE ('',( #3727 ) ) ;
#3919 = CARTESIAN_POINT ( 'NONE',  ( 0.2999999999999999300, 0.0000000000000000000, -0.01144000000000004000 ) ) ;
#3920 = ORIENTED_EDGE ( 'NONE', *, *, #4490, .T. ) ;
#3921 = LINE ( 'NONE', #4310, #562 ) ;
#3922 = CARTESIAN_POINT ( 'NONE',  ( 0.6697845221132360200, 0.5385600000000000400, -0.2948632901422433800 ) ) ;
#3923 = PLANE ( 'NONE',  #1636 ) ;
#3924 = EDGE_CURVE ( 'NONE', #2941, #2368, #4039, .T. ) ;
#3925 =( NAMED_UNIT ( * ) PLANE_ANGLE_UNIT ( ) SI_UNIT ( $, .RADIAN. ) );
#3926 = CARTESIAN_POINT ( 'NONE',  ( 0.5311180462779058200, 0.5385600000000000400, -0.3092102531213381500 ) ) ;
#3927 = VECTOR ( 'NONE', #1064, 1000.000000000000000 ) ;
#3928 = CARTESIAN_POINT ( 'NONE',  ( 0.2996708819557107300, 0.01543886146844893800, -0.5358208357733361700 ) ) ;
#3929 = DIRECTION ( 'NONE',  ( -1.000000000000000000, 0.0000000000000000000, 0.0000000000000000000 ) ) ;
#3930 = ADVANCED_FACE ( 'NONE', ( #1054 ), #4275, .F. ) ;
#3931 = ORIENTED_EDGE ( 'NONE', *, *, #3883, .T. ) ;
#3932 = FACE_OUTER_BOUND ( 'NONE', #344, .T. ) ;
#3933 = AXIS2_PLACEMENT_3D ( 'NONE', #2630, #509, #1606 ) ;
#3934 = AXIS2_PLACEMENT_3D ( 'NONE', #2954, #861, #2591 ) ;
#3935 = CARTESIAN_POINT ( 'NONE',  ( 0.4501696419936382400, 0.5435600000000000400, -0.2812458643905236800 ) ) ;
#3936 = DIRECTION ( 'NONE',  ( 0.2793947940814949200, 0.0000000000000000000, -0.9601763114346026900 ) ) ;
#3937 = DIRECTION ( 'NONE',  ( -0.2755265765475200000, 0.0000000000000000000, 0.9612934544747527800 ) ) ;
#3938 = SURFACE_STYLE_USAGE ( .BOTH. , #1509 ) ;
#3939 = CIRCLE ( 'NONE', #2315, 0.01143999999999999900 ) ;
#3940 = ORIENTED_EDGE ( 'NONE', *, *, #1829, .F. ) ;
#3941 = MECHANICAL_DESIGN_GEOMETRIC_PRESENTATION_REPRESENTATION (  '', ( #3409 ), #261 ) ;
#3942 = CARTESIAN_POINT ( 'NONE',  ( 0.2998717923918207100, 0.5333856747510298300, -0.5367663462241082400 ) ) ;
#3943 = FACE_OUTER_BOUND ( 'NONE', #4283, .T. ) ;
#3944 = ORIENTED_EDGE ( 'NONE', *, *, #3829, .T. ) ;
#3945 = CARTESIAN_POINT ( 'NONE',  ( 0.4920625660342559700, 0.5385600000000000400, -0.3092102531213381500 ) ) ;
#3946 = EDGE_CURVE ( 'NONE', #435, #3193, #1099, .T. ) ;
#3947 = DIRECTION ( 'NONE',  ( -0.0000000000000000000, 1.000000000000000000, -0.0000000000000000000 ) ) ;
#3948 = DIRECTION ( 'NONE',  ( -0.2764273280489743500, 0.0000000000000000000, 0.9610348236706641700 ) ) ;
#3949 = ORIENTED_EDGE ( 'NONE', *, *, #31, .T. ) ;
#3950 = ORIENTED_EDGE ( 'NONE', *, *, #1568, .F. ) ;
#3951 =( NAMED_UNIT ( * ) SI_UNIT ( $, .STERADIAN. ) SOLID_ANGLE_UNIT ( ) );
#3952 = ORIENTED_EDGE ( 'NONE', *, *, #3041, .T. ) ;
#3953 = VERTEX_POINT ( 'NONE', #2631 ) ;
#3954 = PRESENTATION_STYLE_ASSIGNMENT (( #1137 ) ) ;
#3955 = VERTEX_POINT ( 'NONE', #1472 ) ;
#3956 = CARTESIAN_POINT ( 'NONE',  ( 0.2997523944228078200, 0.5343798165902121600, -0.5360387865633359200 ) ) ;
#3957 = CARTESIAN_POINT ( 'NONE',  ( 0.6052034195819078200, 0.5385600000000000400, -0.2675093720176779900 ) ) ;
#3958 = LINE ( 'NONE', #373, #4181 ) ;
#3959 = ORIENTED_EDGE ( 'NONE', *, *, #3316, .T. ) ;
#3960 =( NAMED_UNIT ( * ) SI_UNIT ( $, .STERADIAN. ) SOLID_ANGLE_UNIT ( ) );
#3961 = EDGE_CURVE ( 'NONE', #1443, #2694, #4257, .T. ) ;
#3962 = ORIENTED_EDGE ( 'NONE', *, *, #3064, .F. ) ;
#3963 = CARTESIAN_POINT ( 'NONE',  ( 0.7614400000000002300, 0.5500000000000000400, -0.01144000000000000100 ) ) ;
#3964 = FILL_AREA_STYLE_COLOUR ( '', #180 ) ;
#3965 = STYLED_ITEM ( 'NONE', ( #3614 ), #3739 ) ;
#3966 = ADVANCED_FACE ( 'NONE', ( #3817 ), #2689, .F. ) ;
#3967 = ORIENTED_EDGE ( 'NONE', *, *, #214, .F. ) ;
#3968 = LINE ( 'NONE', #2293, #3045 ) ;
#3969 = CARTESIAN_POINT ( 'NONE',  ( 0.5311180462779058200, 0.5435600000000000400, -0.3092102531213381500 ) ) ;
#3970 = VERTEX_POINT ( 'NONE', #1836 ) ;
#3971 = EDGE_CURVE ( 'NONE', #4487, #2827, #3430, .T. ) ;
#3972 = LINE ( 'NONE', #1820, #2067 ) ;
#3973 = CARTESIAN_POINT ( 'NONE',  ( 0.6737125909366049600, 0.5435600000000000400, -0.2349050000000000000 ) ) ;
#3974 = DIRECTION ( 'NONE',  ( 0.0000000000000000000, -1.000000000000000000, 0.0000000000000000000 ) ) ;
#3975 = CARTESIAN_POINT ( 'NONE',  ( 0.2885599999999999800, 0.5385600000000000400, -0.5385600000000000400 ) ) ;
#3976 = LINE ( 'NONE', #2150, #24 ) ;
#3977 = EDGE_CURVE ( 'NONE', #4521, #2370, #4032, .T. ) ;
#3978 = CARTESIAN_POINT ( 'NONE',  ( 0.4409886340153633100, 0.5385600000000000400, -0.2490416194800628700 ) ) ;
#3979 = UNCERTAINTY_MEASURE_WITH_UNIT (LENGTH_MEASURE( 1.000000000000000100E-005 ), #495, 'distance_accuracy_value', 'NONE');
#3980 =( NAMED_UNIT ( * ) PLANE_ANGLE_UNIT ( ) SI_UNIT ( $, .RADIAN. ) );
#3981 = COLOUR_RGB ( '',0.6470588235294118000, 0.5176470588235293500, 0.0000000000000000000 ) ;
#3982 = MECHANICAL_DESIGN_GEOMETRIC_PRESENTATION_REPRESENTATION (  '', ( #2030 ), #342 ) ;
#3983 = VECTOR ( 'NONE', #341, 1000.000000000000000 ) ;
#3984 = CARTESIAN_POINT ( 'NONE',  ( 0.2999999999999999300, 0.5271199999999999200, -0.5385600000000000400 ) ) ;
#3985 = FILL_AREA_STYLE ('',( #3013 ) ) ;
#3986 = ADVANCED_FACE ( 'NONE', ( #514 ), #3767, .T. ) ;
#3987 =( LENGTH_UNIT ( ) NAMED_UNIT ( * ) SI_UNIT ( .MILLI., .METRE. ) );
#3988 = FACE_OUTER_BOUND ( 'NONE', #3338, .T. ) ;
#3989 = VERTEX_POINT ( 'NONE', #3148 ) ;
#3990 = AXIS2_PLACEMENT_3D ( 'NONE', #129, #3947, #833 ) ;
#3991 = LINE ( 'NONE', #2786, #3280 ) ;
#3992 = DIRECTION ( 'NONE',  ( 0.0000000000000000000, 0.0000000000000000000, 1.000000000000000000 ) ) ;
#3993 = VERTEX_POINT ( 'NONE', #3518 ) ;
#3994 = EDGE_CURVE ( 'NONE', #3137, #4224, #463, .T. ) ;
#3995 = STYLED_ITEM ( 'NONE', ( #992 ), #4368 ) ;
#3996 = ORIENTED_EDGE ( 'NONE', *, *, #1001, .F. ) ;
#3997 = CARTESIAN_POINT ( 'NONE',  ( 0.7614400000000002300, 0.5500000000000000400, -0.01144000000000004000 ) ) ;
#3998 = PLANE ( 'NONE',  #1220 ) ;
#3999 = ORIENTED_EDGE ( 'NONE', *, *, #3041, .F. ) ;
#4000 = EDGE_CURVE ( 'NONE', #4143, #375, #3976, .T. ) ;
#4001 = CARTESIAN_POINT ( 'NONE',  ( 0.2999999999999999300, 0.0000000000000000000, -0.5385600000000000400 ) ) ;
#4002 =( LENGTH_UNIT ( ) NAMED_UNIT ( * ) SI_UNIT ( .MILLI., .METRE. ) );
#4003 = CARTESIAN_POINT ( 'NONE',  ( 0.4821793587055686600, 0.5435600000000000400, -0.2490416194800628700 ) ) ;
#4004 = SURFACE_STYLE_USAGE ( .BOTH. , #1532 ) ;
#4005 = ORIENTED_EDGE ( 'NONE', *, *, #2363, .T. ) ;
#4006 = DIRECTION ( 'NONE',  ( 0.9999891854650020400, 0.0000000000000000000, 0.004650693823683970900 ) ) ;
#4007 = CARTESIAN_POINT ( 'NONE',  ( 0.5658151873035800500, 0.5435600000000000400, -0.2349049999999999700 ) ) ;
#4008 = AXIS2_PLACEMENT_3D ( 'NONE', #4364, #2282, #162 ) ;
#4009 = AXIS2_PLACEMENT_3D ( 'NONE', #897, #4024, #1925 ) ;
#4010 = AXIS2_PLACEMENT_3D ( 'NONE', #2853, #2508, #101 ) ;
#4011 = FACE_OUTER_BOUND ( 'NONE', #2149, .T. ) ;
#4012 = VERTEX_POINT ( 'NONE', #3957 ) ;
#4013 = VERTEX_POINT ( 'NONE', #3945 ) ;
#4014 = MECHANICAL_DESIGN_GEOMETRIC_PRESENTATION_REPRESENTATION (  '', ( #2710 ), #2824 ) ;
#4015 = ORIENTED_EDGE ( 'NONE', *, *, #4476, .T. ) ;
#4016 = FILL_AREA_STYLE_COLOUR ( '', #4532 ) ;
#4017 = ORIENTED_EDGE ( 'NONE', *, *, #3915, .T. ) ;
#4018 = VECTOR ( 'NONE', #2169, 1000.000000000000200 ) ;
#4019 =( LENGTH_UNIT ( ) NAMED_UNIT ( * ) SI_UNIT ( .MILLI., .METRE. ) );
#4020 = COLOUR_RGB ( '',0.7686274509803920900, 0.7686274509803920900, 0.7686274509803920900 ) ;
#4021 = ORIENTED_EDGE ( 'NONE', *, *, #4129, .F. ) ;
#4022 = EDGE_CURVE ( 'NONE', #3565, #4224, #3055, .T. ) ;
#4023 = ORIENTED_EDGE ( 'NONE', *, *, #1573, .T. ) ;
#4024 = DIRECTION ( 'NONE',  ( 1.000000000000000000, 0.0000000000000000000, 0.0000000000000000000 ) ) ;
#4025 = VECTOR ( 'NONE', #1578, 1000.000000000000000 ) ;
#4026 = LINE ( 'NONE', #705, #2332 ) ;
#4027 = DIRECTION ( 'NONE',  ( 1.000000000000000000, 0.0000000000000000000, 0.0000000000000000000 ) ) ;
#4028 = DIRECTION ( 'NONE',  ( 0.2729786930695100600, 0.0000000000000000000, -0.9620200793798756600 ) ) ;
#4029 = PRESENTATION_LAYER_ASSIGNMENT (  '', '', ( #4121 ) ) ;
#4030 = ORIENTED_EDGE ( 'NONE', *, *, #3296, .T. ) ;
#4031 = COLOUR_RGB ( '',0.7686274509803920900, 0.7686274509803920900, 0.7686274509803920900 ) ;
#4032 = LINE ( 'NONE', #4165, #1459 ) ;
#4033 = CARTESIAN_POINT ( 'NONE',  ( 0.3360000000000000800, 0.5385600000000000400, -0.2349050000000000000 ) ) ;
#4034 = EDGE_CURVE ( 'NONE', #1608, #3816, #832, .T. ) ;
#4035 = LINE ( 'NONE', #1877, #3320 ) ;
#4036 = DIRECTION ( 'NONE',  ( 0.0000000000000000000, 0.0000000000000000000, -1.000000000000000000 ) ) ;
#4037 = FILL_AREA_STYLE ('',( #2713 ) ) ;
#4038 = CARTESIAN_POINT ( 'NONE',  ( 0.7614400000000002300, 0.01144000000000000100, -0.5385600000000000400 ) ) ;
#4039 =( BOUNDED_CURVE ( )  B_SPLINE_CURVE ( 3, ( #4232, #1023, #3244, #48 ),
 .UNSPECIFIED., .F., .F. ) 
 B_SPLINE_CURVE_WITH_KNOTS ( ( 4, 4 ),
 ( 1.570796326794898300, 1.868047687429715800 ),
 .UNSPECIFIED. ) 
 CURVE ( )  GEOMETRIC_REPRESENTATION_ITEM ( )  RATIONAL_B_SPLINE_CURVE ( ( 1.000000000000000000, 0.9926503465769137600, 0.9926503465769137600, 1.000000000000000000 ) ) 
 REPRESENTATION_ITEM ( '' )  );
#4040 = MECHANICAL_DESIGN_GEOMETRIC_PRESENTATION_REPRESENTATION (  '', ( #156 ), #2700 ) ;
#4041 = AXIS2_PLACEMENT_3D ( 'NONE', #729, #2850, #3187 ) ;
#4042 = FILL_AREA_STYLE_COLOUR ( '', #682 ) ;
#4043 = CARTESIAN_POINT ( 'NONE',  ( 0.7502678478892308400, 0.5342088299483061000, -0.5360989804523674800 ) ) ;
#4044 = DIRECTION ( 'NONE',  ( 0.0000000000000000000, 0.0000000000000000000, -1.000000000000000000 ) ) ;
#4045 = DIRECTION ( 'NONE',  ( 0.7145695586381790600, 0.0000000000000000000, -0.6995643972270444400 ) ) ;
#4046 = SURFACE_SIDE_STYLE ('',( #2540 ) ) ;
#4047 = DIRECTION ( 'NONE',  ( -1.000000000000000000, 0.0000000000000000000, 0.0000000000000000000 ) ) ;
#4048 = AXIS2_PLACEMENT_3D ( 'NONE', #4453, #898, #1979 ) ;
#4049 = PLANE ( 'NONE',  #646 ) ;
#4050 = CIRCLE ( 'NONE', #3638, 0.01144000000000004000 ) ;
#4051 = ORIENTED_EDGE ( 'NONE', *, *, #527, .F. ) ;
#4052 = DIRECTION ( 'NONE',  ( 1.000000000000000000, 0.0000000000000000000, -0.0000000000000000000 ) ) ;
#4053 = DIRECTION ( 'NONE',  ( 0.0000000000000000000, 0.0000000000000000000, -1.000000000000000000 ) ) ;
#4054 = CARTESIAN_POINT ( 'NONE',  ( 0.5658151873035800500, 0.5435600000000000400, -0.2349049999999999700 ) ) ;
#4055 = EDGE_CURVE ( 'NONE', #2221, #2267, #1048, .T. ) ;
#4056 = FILL_AREA_STYLE ('',( #2626 ) ) ;
#4057 = CARTESIAN_POINT ( 'NONE',  ( 0.2999912337617020600, 0.5378538208055048100, -0.01874648206140877200 ) ) ;
#4058 = PRESENTATION_STYLE_ASSIGNMENT (( #1694 ) ) ;
#4059 = ORIENTED_EDGE ( 'NONE', *, *, #4180, .F. ) ;
#4060 =( GEOMETRIC_REPRESENTATION_CONTEXT ( 3 ) GLOBAL_UNCERTAINTY_ASSIGNED_CONTEXT ( ( #1390 ) ) GLOBAL_UNIT_ASSIGNED_CONTEXT ( ( #3019, #896, #1977 ) ) REPRESENTATION_CONTEXT ( 'NONE', 'WORKASPACE' ) );
#4061 = SURFACE_STYLE_USAGE ( .BOTH. , #2615 ) ;
#4062 = CARTESIAN_POINT ( 'NONE',  ( 0.4254606038979855700, 0.5385600000000000400, -0.3092102531213381500 ) ) ;
#4063 = CARTESIAN_POINT ( 'NONE',  ( 0.5148300469017909100, 0.5435600000000000400, -0.3010570137547642400 ) ) ;
#4064 = EDGE_LOOP ( 'NONE', ( #1191, #2362, #2115 ) ) ;
#4065 = DIRECTION ( 'NONE',  ( 0.0000000000000000000, -1.000000000000000000, 0.0000000000000000000 ) ) ;
#4066 = EDGE_CURVE ( 'NONE', #2771, #4452, #1159, .T. ) ;
#4067 = DIRECTION ( 'NONE',  ( -1.000000000000000000, 0.0000000000000000000, 0.0000000000000000000 ) ) ;
#4068 = EDGE_LOOP ( 'NONE', ( #3413, #3962, #241, #1070 ) ) ;
#4069 = DIRECTION ( 'NONE',  ( -0.9610992334305189500, 0.0000000000000000000, -0.2762033010289141100 ) ) ;
#4070 = ORIENTED_EDGE ( 'NONE', *, *, #4034, .T. ) ;
#4071 = DIRECTION ( 'NONE',  ( -0.0000000000000000000, -1.000000000000000000, -0.0000000000000000000 ) ) ;
#4072 = CYLINDRICAL_SURFACE ( 'NONE', #1675, 0.01143999999999993100 ) ;
#4073 = EDGE_CURVE ( 'NONE', #1204, #2749, #3262, .T. ) ;
#4074 = CARTESIAN_POINT ( 'NONE',  ( 0.7505016993459099300, 0.5352093015767741500, -0.5352093015767741500 ) ) ;
#4075 = ORIENTED_EDGE ( 'NONE', *, *, #2607, .F. ) ;
#4076 = CARTESIAN_POINT ( 'NONE',  ( 0.01144000000000000100, 0.5385600000000000400, -0.5385600000000000400 ) ) ;
#4077 = CARTESIAN_POINT ( 'NONE',  ( 0.2999999999999999300, 0.01144000000000004000, -0.5271199999999999200 ) ) ;
#4078 = VECTOR ( 'NONE', #112, 1000.000000000000200 ) ;
#4079 = CARTESIAN_POINT ( 'NONE',  ( 0.3785113022970459900, 0.5435600000000000400, -0.3092102531213381500 ) ) ;
#4080 = VECTOR ( 'NONE', #2033, 1000.000000000000000 ) ;
#4081 = ORIENTED_EDGE ( 'NONE', *, *, #1079, .F. ) ;
#4082 = CARTESIAN_POINT ( 'NONE',  ( 0.6091224510906072500, 0.5435600000000000400, -0.2812433791288636000 ) ) ;
#4083 = STYLED_ITEM ( 'NONE', ( #3613 ), #1991 ) ;
#4084 = VECTOR ( 'NONE', #2481, 1000.000000000000000 ) ;
#4085 = FILL_AREA_STYLE_COLOUR ( '', #2491 ) ;
#4086 = ORIENTED_EDGE ( 'NONE', *, *, #4158, .T. ) ;
#4087 = ADVANCED_FACE ( 'NONE', ( #2285 ), #1122, .F. ) ;
#4088 = DIRECTION ( 'NONE',  ( 0.0000000000000000000, -1.000000000000000000, 0.0000000000000000000 ) ) ;
#4089 = VERTEX_POINT ( 'NONE', #2878 ) ;
#4090 = LINE ( 'NONE', #2260, #128 ) ;
#4091 = DIRECTION ( 'NONE',  ( 0.2762517575166415500, 0.0000000000000000000, -0.9610853065513833600 ) ) ;
#4092 = DIRECTION ( 'NONE',  ( 0.0000000000000000000, 1.000000000000000000, -0.0000000000000000000 ) ) ;
#4093 = DIRECTION ( 'NONE',  ( 0.4668459304955247000, 0.0000000000000000000, -0.8843386665637592600 ) ) ;
#4094 = ORIENTED_EDGE ( 'NONE', *, *, #3885, .F. ) ;
#4095 =( LENGTH_UNIT ( ) NAMED_UNIT ( * ) SI_UNIT ( .MILLI., .METRE. ) );
#4096 = CARTESIAN_POINT ( 'NONE',  ( 0.5282604787187974400, 0.5435600000000000400, -0.2561256255860862000 ) ) ;
#4097 = ORIENTED_EDGE ( 'NONE', *, *, #1479, .T. ) ;
#4098 = LINE ( 'NONE', #2805, #3927 ) ;
#4099 = AXIS2_PLACEMENT_3D ( 'NONE', #3604, #2937, #2185 ) ;
#4100 = DIRECTION ( 'NONE',  ( 0.0000000000000000000, -1.000000000000000000, 0.0000000000000000000 ) ) ;
#4101 = LINE ( 'NONE', #1452, #1057 ) ;
#4102 = EDGE_CURVE ( 'NONE', #2316, #1204, #1564, .T. ) ;
#4103 = UNCERTAINTY_MEASURE_WITH_UNIT (LENGTH_MEASURE( 1.000000000000000100E-005 ), #1386, 'distance_accuracy_value', 'NONE');
#4104 = LINE ( 'NONE', #2295, #3718 ) ;
#4105 = DIRECTION ( 'NONE',  ( -1.000000000000000000, 0.0000000000000000000, 0.0000000000000000000 ) ) ;
#4106 = DIRECTION ( 'NONE',  ( 0.7059037656364479700, 0.0000000000000000000, -0.7083077534943993400 ) ) ;
#4107 = ADVANCED_FACE ( 'NONE', ( #3603 ), #1468, .T. ) ;
#4108 =( GEOMETRIC_REPRESENTATION_CONTEXT ( 3 ) GLOBAL_UNCERTAINTY_ASSIGNED_CONTEXT ( ( #4428 ) ) GLOBAL_UNIT_ASSIGNED_CONTEXT ( ( #1843, #89, #2222 ) ) REPRESENTATION_CONTEXT ( 'NONE', 'WORKASPACE' ) );
#4109 = CARTESIAN_POINT ( 'NONE',  ( 0.4958358707841643000, 0.5385600000000000400, -0.2349049999999999700 ) ) ;
#4110 = DIRECTION ( 'NONE',  ( 0.0000000000000000000, 0.0000000000000000000, 1.000000000000000000 ) ) ;
#4111 = ORIENTED_EDGE ( 'NONE', *, *, #1290, .F. ) ;
#4112 = CARTESIAN_POINT ( 'NONE',  ( 0.6349095247834534200, 0.5435600000000000400, -0.2490443306742744500 ) ) ;
#4113 = CARTESIAN_POINT ( 'NONE',  ( 1.050000000000000000, 0.5500000000000000400, 0.0000000000000000000 ) ) ;
#4114 = CARTESIAN_POINT ( 'NONE',  ( 0.5999319539321355000, 0.5435600000000000400, -0.2490443306742744500 ) ) ;
#4115 = PRESENTATION_LAYER_ASSIGNMENT (  '', '', ( #3877 ) ) ;
#4116 = ORIENTED_EDGE ( 'NONE', *, *, #3748, .T. ) ;
#4117 = COLOUR_RGB ( '',0.7686274509803920900, 0.7686274509803920900, 0.7686274509803920900 ) ;
#4118 = ORIENTED_EDGE ( 'NONE', *, *, #169, .F. ) ;
#4119 = EDGE_CURVE ( 'NONE', #3629, #4551, #2008, .T. ) ;
#4120 = CARTESIAN_POINT ( 'NONE',  ( 0.01143999999999993100, 0.01144000000000000100, -0.5385600000000000400 ) ) ;
#4121 = STYLED_ITEM ( 'NONE', ( #4147 ), #3986 ) ;
#4122 = VECTOR ( 'NONE', #1455, 1000.000000000000000 ) ;
#4123 = ORIENTED_EDGE ( 'NONE', *, *, #2753, .F. ) ;
#4124 = CARTESIAN_POINT ( 'NONE',  ( 0.2885599999999999800, 0.5385600000000000400, -0.5500000000000000400 ) ) ;
#4125 = VECTOR ( 'NONE', #2080, 1000.000000000000000 ) ;
#4126 = CARTESIAN_POINT ( 'NONE',  ( 0.6410101640546493900, 0.5385600000000000400, -0.2812433791288636000 ) ) ;
#4127 = ORIENTED_EDGE ( 'NONE', *, *, #4238, .F. ) ;
#4128 = PLANE ( 'NONE',  #801 ) ;
#4129 = EDGE_CURVE ( 'NONE', #3023, #4347, #4468, .T. ) ;
#4130 = UNCERTAINTY_MEASURE_WITH_UNIT (LENGTH_MEASURE( 1.000000000000000100E-005 ), #3987, 'distance_accuracy_value', 'NONE');
#4131 = ADVANCED_FACE ( 'NONE', ( #1392 ), #2211, .F. ) ;
#4132 = VERTEX_POINT ( 'NONE', #3628 ) ;
#4133 = MECHANICAL_DESIGN_GEOMETRIC_PRESENTATION_REPRESENTATION (  '', ( #2642 ), #1462 ) ;
#4134 = PRESENTATION_STYLE_ASSIGNMENT (( #2305 ) ) ;
#4135 = VERTEX_POINT ( 'NONE', #3742 ) ;
#4136 = ORIENTED_EDGE ( 'NONE', *, *, #492, .T. ) ;
#4137 = CARTESIAN_POINT ( 'NONE',  ( 0.7614400000000002300, 0.01144000000000000100, -0.5385600000000000400 ) ) ;
#4138 = LINE ( 'NONE', #1814, #4084 ) ;
#4139 = STYLED_ITEM ( 'NONE', ( #1326 ), #2871 ) ;
#4140 = SURFACE_STYLE_USAGE ( .BOTH. , #4046 ) ;
#4141 = CARTESIAN_POINT ( 'NONE',  ( 0.5660212380781566300, 0.5385600000000000400, -0.3013755790968982200 ) ) ;
#4142 = CARTESIAN_POINT ( 'NONE',  ( 0.2999999999999999300, 0.5385600000000000400, -0.5271199999999999200 ) ) ;
#4143 = VERTEX_POINT ( 'NONE', #213 ) ;
#4144 = LINE ( 'NONE', #466, #2728 ) ;
#4145 = ORIENTED_EDGE ( 'NONE', *, *, #3126, .T. ) ;
#4146 = VECTOR ( 'NONE', #349, 1000.000000000000000 ) ;
#4147 = PRESENTATION_STYLE_ASSIGNMENT (( #1045 ) ) ;
#4148 = PRESENTATION_LAYER_ASSIGNMENT (  '', '', ( #3910 ) ) ;
#4149 = CARTESIAN_POINT ( 'NONE',  ( 0.3694283491830324700, 0.5435600000000000400, -0.2775236204091264800 ) ) ;
#4150 = ADVANCED_FACE ( 'NONE', ( #17 ), #4450, .F. ) ;
#4151 = CARTESIAN_POINT ( 'NONE',  ( 0.5111220366907292000, 0.5385600000000000400, -0.2349049999999999700 ) ) ;
#4152 = FACE_OUTER_BOUND ( 'NONE', #3425, .T. ) ;
#4153 = CARTESIAN_POINT ( 'NONE',  ( 0.4462506104848485400, 0.5435600000000000400, -0.2675093720178338700 ) ) ;
#4154 = CARTESIAN_POINT ( 'NONE',  ( 0.5660212380781566300, 0.5435600000000000400, -0.3013755790968982200 ) ) ;
#4155 = UNCERTAINTY_MEASURE_WITH_UNIT (LENGTH_MEASURE( 1.000000000000000100E-005 ), #3526, 'distance_accuracy_value', 'NONE');
#4156 = EDGE_CURVE ( 'NONE', #113, #2267, #2729, .T. ) ;
#4157 = DIRECTION ( 'NONE',  ( -1.000000000000000000, 0.0000000000000000000, 0.0000000000000000000 ) ) ;
#4158 = EDGE_CURVE ( 'NONE', #3066, #2941, #3483, .T. ) ;
#4159 = PRESENTATION_STYLE_ASSIGNMENT (( #3498 ) ) ;
#4160 = PRODUCT ( 'CCS_CCSTDNOS_0402_L1.05W0.55T0.55B0.3', 'CCS_CCSTDNOS_0402_L1.05W0.55T0.55B0.3', '', ( #3796 ) ) ;
#4161 = ORIENTED_EDGE ( 'NONE', *, *, #3390, .T. ) ;
#4162 = DIRECTION ( 'NONE',  ( 0.0000000000000000000, 0.0000000000000000000, -1.000000000000000000 ) ) ;
#4163 = AXIS2_PLACEMENT_3D ( 'NONE', #3367, #1624, #2974 ) ;
#4164 = CARTESIAN_POINT ( 'NONE',  ( 0.5469330738879389900, 0.5385600000000000400, -0.2349049999999999700 ) ) ;
#4165 = CARTESIAN_POINT ( 'NONE',  ( 0.5148300469017909100, 0.5435600000000000400, -0.3010570137547642400 ) ) ;
#4166 = SURFACE_SIDE_STYLE ('',( #252 ) ) ;
#4167 = ORIENTED_EDGE ( 'NONE', *, *, #2967, .T. ) ;
#4168 = ADVANCED_FACE ( 'NONE', ( #3539 ), #253, .F. ) ;
#4169 = FILL_AREA_STYLE_COLOUR ( '', #4172 ) ;
#4170 = VECTOR ( 'NONE', #3230, 1000.000000000000000 ) ;
#4171 = ORIENTED_EDGE ( 'NONE', *, *, #3748, .F. ) ;
#4172 = COLOUR_RGB ( '',0.7686274509803920900, 0.7686274509803920900, 0.7686274509803920900 ) ;
#4173 = ORIENTED_EDGE ( 'NONE', *, *, #1986, .T. ) ;
#4174 = CARTESIAN_POINT ( 'NONE',  ( 0.7500031471907087100, 0.5382331090141356800, -0.5300870249090692300 ) ) ;
#4175 = ORIENTED_EDGE ( 'NONE', *, *, #3792, .T. ) ;
#4176 = UNCERTAINTY_MEASURE_WITH_UNIT (LENGTH_MEASURE( 1.000000000000000100E-005 ), #2300, 'distance_accuracy_value', 'NONE');
#4177 = DIRECTION ( 'NONE',  ( -1.000000000000000000, 0.0000000000000000000, 0.0000000000000000000 ) ) ;
#4178 = DIRECTION ( 'NONE',  ( -1.000000000000000000, 0.0000000000000000000, 0.0000000000000000000 ) ) ;
#4179 = COLOUR_RGB ( '',0.7686274509803920900, 0.7686274509803920900, 0.7686274509803920900 ) ;
#4180 = EDGE_CURVE ( 'NONE', #2889, #2322, #4353, .T. ) ;
#4181 = VECTOR ( 'NONE', #1417, 1000.000000000000000 ) ;
#4182 = VERTEX_POINT ( 'NONE', #4417 ) ;
#4183 = CARTESIAN_POINT ( 'NONE',  ( 1.038560000000000100, 0.01144000000000000100, -0.01144000000000000100 ) ) ;
#4184 = EDGE_LOOP ( 'NONE', ( #4440, #1828, #2429, #1872 ) ) ;
#4185 = VECTOR ( 'NONE', #2817, 1000.000000000000000 ) ;
#4186 = ORIENTED_EDGE ( 'NONE', *, *, #2665, .T. ) ;
#4187 = AXIS2_PLACEMENT_3D ( 'NONE', #3420, #2320, #268 ) ;
#4188 = ORIENTED_EDGE ( 'NONE', *, *, #1598, .F. ) ;
#4189 = ADVANCED_FACE ( 'NONE', ( #734 ), #1302, .F. ) ;
#4190 = LINE ( 'NONE', #144, #1831 ) ;
#4191 = CARTESIAN_POINT ( 'NONE',  ( 0.7500683848023103100, 0.5373110132924372500, -0.5323177733764916700 ) ) ;
#4192 =( NAMED_UNIT ( * ) PLANE_ANGLE_UNIT ( ) SI_UNIT ( $, .RADIAN. ) );
#4193 = VERTEX_POINT ( 'NONE', #3474 ) ;
#4194 = ORIENTED_EDGE ( 'NONE', *, *, #3977, .F. ) ;
#4195 = SURFACE_STYLE_FILL_AREA ( #93 ) ;
#4196 = FILL_AREA_STYLE ('',( #1755 ) ) ;
#4197 = MECHANICAL_DESIGN_GEOMETRIC_PRESENTATION_REPRESENTATION (  '', ( #4139 ), #2961 ) ;
#4198 =( LENGTH_UNIT ( ) NAMED_UNIT ( * ) SI_UNIT ( .MILLI., .METRE. ) );
#4199 = ORIENTED_EDGE ( 'NONE', *, *, #240, .F. ) ;
#4200 = CARTESIAN_POINT ( 'NONE',  ( 0.7501684713375861300, 0.01370288082993921700, -0.01370288082993923900 ) ) ;
#4201 = CARTESIAN_POINT ( 'NONE',  ( 1.050000000000000000, 0.01144000000000000100, 0.0000000000000000000 ) ) ;
#4202 = VECTOR ( 'NONE', #2927, 1000.000000000000000 ) ;
#4203 =( LENGTH_UNIT ( ) NAMED_UNIT ( * ) SI_UNIT ( .MILLI., .METRE. ) );
#4204 = EDGE_CURVE ( 'NONE', #3522, #323, #2561, .T. ) ;
#4205 = VECTOR ( 'NONE', #2627, 1000.000000000000000 ) ;
#4206 = PRESENTATION_LAYER_ASSIGNMENT (  '', '', ( #2655 ) ) ;
#4207 = DIRECTION ( 'NONE',  ( 0.0000000000000000000, 0.0000000000000000000, 1.000000000000000000 ) ) ;
#4208 = LINE ( 'NONE', #120, #1966 ) ;
#4209 = CARTESIAN_POINT ( 'NONE',  ( 0.3848875796061398400, 0.5435600000000000400, -0.2349050000000000000 ) ) ;
#4210 = EDGE_CURVE ( 'NONE', #501, #4135, #1622, .T. ) ;
#4211 = CARTESIAN_POINT ( 'NONE',  ( 0.6370866138886119900, 0.5435600000000000400, -0.2675093720176779900 ) ) ;
#4212 = CARTESIAN_POINT ( 'NONE',  ( 1.050000000000000000, 0.01144000000000000100, -0.01144000000000000100 ) ) ;
#4213 = VECTOR ( 'NONE', #2209, 1000.000000000000000 ) ;
#4214 = EDGE_LOOP ( 'NONE', ( #3462, #3967, #2984, #118 ) ) ;
#4215 = CARTESIAN_POINT ( 'NONE',  ( 0.4371683351698946200, 0.5385600000000000400, -0.3092102531213381500 ) ) ;
#4216 = CARTESIAN_POINT ( 'NONE',  ( 0.4880454796612420100, 0.5385600000000000400, -0.2950666297225400500 ) ) ;
#4217 = CARTESIAN_POINT ( 'NONE',  ( 0.7500406633463225800, 0.01249022334348540800, -0.5320737292624467800 ) ) ;
#4218 = EDGE_CURVE ( 'NONE', #2267, #1942, #628, .T. ) ;
#4219 = ORIENTED_EDGE ( 'NONE', *, *, #4373, .F. ) ;
#4220 = DIRECTION ( 'NONE',  ( 1.000000000000000000, 0.0000000000000000000, 0.0000000000000000000 ) ) ;
#4221 = DIRECTION ( 'NONE',  ( -0.0000000000000000000, -1.000000000000000000, 0.0000000000000000000 ) ) ;
#4222 = CYLINDRICAL_SURFACE ( 'NONE', #4163, 0.01143999999999999900 ) ;
#4223 = PRESENTATION_LAYER_ASSIGNMENT (  '', '', ( #137 ) ) ;
#4224 = VERTEX_POINT ( 'NONE', #4126 ) ;
#4225 = FILL_AREA_STYLE ('',( #397 ) ) ;
#4226 = FILL_AREA_STYLE_COLOUR ( '', #1879 ) ;
#4227 = CARTESIAN_POINT ( 'NONE',  ( 0.2999999999999999300, 0.5271199999999999200, -0.02288000000000008100 ) ) ;
#4228 = LINE ( 'NONE', #680, #1868 ) ;
#4229 = DIRECTION ( 'NONE',  ( 0.2732148821746424600, 0.0000000000000000000, -0.9619530280415443700 ) ) ;
#4230 = ORIENTED_EDGE ( 'NONE', *, *, #1804, .T. ) ;
#4231 = DIRECTION ( 'NONE',  ( 0.0000000000000000000, 0.0000000000000000000, 1.000000000000000000 ) ) ;
#4232 = CARTESIAN_POINT ( 'NONE',  ( 0.2999999999999999300, 0.01144000000000004000, -0.5385600000000000400 ) ) ;
#4233 = DIRECTION ( 'NONE',  ( 1.000000000000000000, 0.0000000000000000000, 0.0000000000000000000 ) ) ;
#4234 =( LENGTH_UNIT ( ) NAMED_UNIT ( * ) SI_UNIT ( .MILLI., .METRE. ) );
#4235 = ORIENTED_EDGE ( 'NONE', *, *, #149, .F. ) ;
#4236 = ORIENTED_EDGE ( 'NONE', *, *, #1908, .F. ) ;
#4237 =( NAMED_UNIT ( * ) SI_UNIT ( $, .STERADIAN. ) SOLID_ANGLE_UNIT ( ) );
#4238 = EDGE_CURVE ( 'NONE', #97, #3793, #1450, .T. ) ;
#4239 = PRESENTATION_LAYER_ASSIGNMENT (  '', '', ( #3995 ) ) ;
#4240 = PRESENTATION_STYLE_ASSIGNMENT (( #1244 ) ) ;
#4241 =( LENGTH_UNIT ( ) NAMED_UNIT ( * ) SI_UNIT ( .MILLI., .METRE. ) );
#4242 = LINE ( 'NONE', #4411, #282 ) ;
#4243 = ORIENTED_EDGE ( 'NONE', *, *, #2513, .F. ) ;
#4244 = CARTESIAN_POINT ( 'NONE',  ( 0.2999999999999999300, 0.5385600000000000400, -0.02288000000000008100 ) ) ;
#4245 = FILL_AREA_STYLE ('',( #1775 ) ) ;
#4246 = CARTESIAN_POINT ( 'NONE',  ( 0.7505016993459099300, 0.5352093015767741500, -0.01479069842322597100 ) ) ;
#4247 = ORIENTED_EDGE ( 'NONE', *, *, #149, .T. ) ;
#4248 = EDGE_CURVE ( 'NONE', #4394, #1306, #1333, .T. ) ;
#4249 = FACE_OUTER_BOUND ( 'NONE', #1723, .T. ) ;
#4250 = CARTESIAN_POINT ( 'NONE',  ( 0.2885599999999999300, 0.5385600000000000400, -0.01144000000000004000 ) ) ;
#4251 =( LENGTH_UNIT ( ) NAMED_UNIT ( * ) SI_UNIT ( .MILLI., .METRE. ) );
#4252 = ORIENTED_EDGE ( 'NONE', *, *, #3905, .T. ) ;
#4253 = VECTOR ( 'NONE', #1699, 1000.000000000000000 ) ;
#4254 = STYLED_ITEM ( 'NONE', ( #1162 ), #2302 ) ;
#4255 = SURFACE_SIDE_STYLE ('',( #370 ) ) ;
#4256 = CIRCLE ( 'NONE', #4010, 0.01144000000000004000 ) ;
#4257 = LINE ( 'NONE', #2791, #2998 ) ;
#4258 = FILL_AREA_STYLE_COLOUR ( '', #3139 ) ;
#4259 =( GEOMETRIC_REPRESENTATION_CONTEXT ( 3 ) GLOBAL_UNCERTAINTY_ASSIGNED_CONTEXT ( ( #3708 ) ) GLOBAL_UNIT_ASSIGNED_CONTEXT ( ( #3097, #2031, #2046 ) ) REPRESENTATION_CONTEXT ( 'NONE', 'WORKASPACE' ) );
#4260 = CARTESIAN_POINT ( 'NONE',  ( 0.4920625660342559700, 0.5435600000000000400, -0.3092102531213381500 ) ) ;
#4261 = CARTESIAN_POINT ( 'NONE',  ( 0.4820623254807480700, 0.5385600000000000400, -0.2812458643905236800 ) ) ;
#4262 = CARTESIAN_POINT ( 'NONE',  ( 0.3571290157169834700, 0.5385600000000000400, -0.2349049999999999700 ) ) ;
#4263 = CARTESIAN_POINT ( 'NONE',  ( 0.2885599999999999800, 0.0000000000000000000, -0.5385600000000000400 ) ) ;
#4264 = LINE ( 'NONE', #2270, #1403 ) ;
#4265 = EDGE_CURVE ( 'NONE', #4445, #655, #400, .T. ) ;
#4266 =( BOUNDED_CURVE ( )  B_SPLINE_CURVE ( 3, ( #3887, #1833, #63, #3903 ),
 .UNSPECIFIED., .F., .F. ) 
 B_SPLINE_CURVE_WITH_KNOTS ( ( 4, 4 ),
 ( 4.712388980384689700, 5.009640341019509600 ),
 .UNSPECIFIED. ) 
 CURVE ( )  GEOMETRIC_REPRESENTATION_ITEM ( )  RATIONAL_B_SPLINE_CURVE ( ( 1.000000000000000000, 0.9926503465769137600, 0.9926503465769137600, 1.000000000000000000 ) ) 
 REPRESENTATION_ITEM ( '' )  );
#4267 = UNCERTAINTY_MEASURE_WITH_UNIT (LENGTH_MEASURE( 1.000000000000000100E-005 ), #2764, 'distance_accuracy_value', 'NONE');
#4268 = CARTESIAN_POINT ( 'NONE',  ( -6.967927563075477400E-005, 0.5435599999999998200, 0.01497545632595000600 ) ) ;
#4269 = ADVANCED_FACE ( 'NONE', ( #1886 ), #3859, .F. ) ;
#4270 = EDGE_CURVE ( 'NONE', #1443, #4551, #4408, .T. ) ;
#4271 = CARTESIAN_POINT ( 'NONE',  ( 0.5469330738879389900, 0.5435600000000000400, -0.2349049999999999700 ) ) ;
#4272 = LINE ( 'NONE', #1071, #3832 ) ;
#4273 = ORIENTED_EDGE ( 'NONE', *, *, #65, .F. ) ;
#4274 = CARTESIAN_POINT ( 'NONE',  ( 0.4462506104848485400, 0.5435600000000000400, -0.2675093720178338700 ) ) ;
#4275 = PLANE ( 'NONE',  #1511 ) ;
#4276 = DIRECTION ( 'NONE',  ( 0.8958676361826809500, 0.0000000000000000000, 0.4443210308329503300 ) ) ;
#4277 = SURFACE_STYLE_USAGE ( .BOTH. , #50 ) ;
#4278 =( NAMED_UNIT ( * ) PLANE_ANGLE_UNIT ( ) SI_UNIT ( $, .RADIAN. ) );
#4279 = ORIENTED_EDGE ( 'NONE', *, *, #2900, .F. ) ;
#4280 = AXIS2_PLACEMENT_3D ( 'NONE', #2982, #4069, #2604 ) ;
#4281 = STYLED_ITEM ( 'NONE', ( #3345 ), #573 ) ;
#4282 =( LENGTH_UNIT ( ) NAMED_UNIT ( * ) SI_UNIT ( .MILLI., .METRE. ) );
#4283 = EDGE_LOOP ( 'NONE', ( #2668, #1248, #831 ) ) ;
#4284 = CARTESIAN_POINT ( 'NONE',  ( 0.2885599999999999800, 0.0000000000000000000, -0.5385600000000000400 ) ) ;
#4285 = ORIENTED_EDGE ( 'NONE', *, *, #2480, .T. ) ;
#4286 =( NAMED_UNIT ( * ) SI_UNIT ( $, .STERADIAN. ) SOLID_ANGLE_UNIT ( ) );
#4287 = EDGE_LOOP ( 'NONE', ( #1615, #3428, #3913, #4346 ) ) ;
#4288 = CARTESIAN_POINT ( 'NONE',  ( 0.2885599999999999300, 0.5385600000000000400, -0.5385600000000000400 ) ) ;
#4289 = PRESENTATION_STYLE_ASSIGNMENT (( #4140 ) ) ;
#4290 = SPHERICAL_SURFACE ( 'NONE', #1923, 0.01144000000000000100 ) ;
#4291 = EDGE_CURVE ( 'NONE', #3374, #2376, #945, .T. ) ;
#4292 = ORIENTED_EDGE ( 'NONE', *, *, #794, .T. ) ;
#4293 = UNCERTAINTY_MEASURE_WITH_UNIT (LENGTH_MEASURE( 1.000000000000000100E-005 ), #3644, 'distance_accuracy_value', 'NONE');
#4294 = CARTESIAN_POINT ( 'NONE',  ( 0.2999999999999999300, 0.5385600000000000400, -0.5283890040976412200 ) ) ;
#4295 = DIRECTION ( 'NONE',  ( 1.000000000000000000, 0.0000000000000000000, 1.539402763017534600E-015 ) ) ;
#4296 = CARTESIAN_POINT ( 'NONE',  ( 0.6471948503523864400, 0.5435600000000000400, -0.2949683489253425200 ) ) ;
#4297 = AXIS2_PLACEMENT_3D ( 'NONE', #1362, #3830, #3134 ) ;
#4298 = ADVANCED_FACE ( 'NONE', ( #2993 ), #2125, .T. ) ;
#4299 = CYLINDRICAL_SURFACE ( 'NONE', #3018, 0.01143999999999998500 ) ;
#4300 = ORIENTED_EDGE ( 'NONE', *, *, #2607, .T. ) ;
#4301 = PRESENTATION_STYLE_ASSIGNMENT (( #2564 ) ) ;
#4302 = FACE_OUTER_BOUND ( 'NONE', #424, .T. ) ;
#4303 = CARTESIAN_POINT ( 'NONE',  ( 0.6737125909366049600, 0.5435600000000000400, -0.2349050000000000000 ) ) ;
#4304 = EDGE_CURVE ( 'NONE', #4013, #3473, #4026, .T. ) ;
#4305 = ORIENTED_EDGE ( 'NONE', *, *, #4248, .T. ) ;
#4306 = ORIENTED_EDGE ( 'NONE', *, *, #3924, .T. ) ;
#4307 = LINE ( 'NONE', #3468, #1885 ) ;
#4308 = CARTESIAN_POINT ( 'NONE',  ( 0.2999999999999999300, 0.5271199999999999200, -0.5385600000000000400 ) ) ;
#4309 = DIRECTION ( 'NONE',  ( -0.4443210308329503800, 0.0000000000000000000, 0.8958676361826809500 ) ) ;
#4310 = CARTESIAN_POINT ( 'NONE',  ( 0.6697845221132360200, 0.5435600000000000400, -0.2948632901422433800 ) ) ;
#4311 = EDGE_CURVE ( 'NONE', #1146, #2913, #1385, .T. ) ;
#4312 = VERTEX_POINT ( 'NONE', #4246 ) ;
#4313 = FACE_OUTER_BOUND ( 'NONE', #4461, .T. ) ;
#4314 = DIRECTION ( 'NONE',  ( -3.405901710987559700E-015, 0.0000000000000000000, 1.000000000000000000 ) ) ;
#4315 = PRESENTATION_STYLE_ASSIGNMENT (( #1602 ) ) ;
#4316 = STYLED_ITEM ( 'NONE', ( #4315 ), #2239 ) ;
#4317 =( NAMED_UNIT ( * ) SI_UNIT ( $, .STERADIAN. ) SOLID_ANGLE_UNIT ( ) );
#4318 = LINE ( 'NONE', #3314, #3380 ) ;
#4319 = SURFACE_STYLE_FILL_AREA ( #3985 ) ;
#4320 = FILL_AREA_STYLE ('',( #1558 ) ) ;
#4321 = DIRECTION ( 'NONE',  ( -1.000000000000000000, 0.0000000000000000000, 0.0000000000000000000 ) ) ;
#4322 = CARTESIAN_POINT ( 'NONE',  ( 0.7614400000000002300, 0.01144000000000000100, -0.5385600000000000400 ) ) ;
#4323 = UNCERTAINTY_MEASURE_WITH_UNIT (LENGTH_MEASURE( 1.000000000000000100E-005 ), #4234, 'distance_accuracy_value', 'NONE');
#4324 =( NAMED_UNIT ( * ) PLANE_ANGLE_UNIT ( ) SI_UNIT ( $, .RADIAN. ) );
#4325 = CIRCLE ( 'NONE', #245, 0.01143999999999993100 ) ;
#4326 = ORIENTED_EDGE ( 'NONE', *, *, #2324, .F. ) ;
#4327 = CARTESIAN_POINT ( 'NONE',  ( 0.6131440561208637600, 0.5435600000000000400, -0.2950641444609195500 ) ) ;
#4328 = LINE ( 'NONE', #4425, #3016 ) ;
#4329 = ORIENTED_EDGE ( 'NONE', *, *, #2473, .T. ) ;
#4330 = EDGE_CURVE ( 'NONE', #1486, #1610, #2118, .T. ) ;
#4331 = SURFACE_STYLE_USAGE ( .BOTH. , #2898 ) ;
#4332 = ORIENTED_EDGE ( 'NONE', *, *, #2189, .F. ) ;
#4333 = MECHANICAL_DESIGN_GEOMETRIC_PRESENTATION_REPRESENTATION (  '', ( #1421 ), #567 ) ;
#4334 = STYLED_ITEM ( 'NONE', ( #1481 ), #1282 ) ;
#4335 = EDGE_LOOP ( 'NONE', ( #3470, #4118, #593, #692 ) ) ;
#4336 = ADVANCED_FACE ( 'NONE', ( #2670 ), #2154, .F. ) ;
#4337 = VECTOR ( 'NONE', #1984, 1000.000000000000000 ) ;
#4338 = ORIENTED_EDGE ( 'NONE', *, *, #1938, .T. ) ;
#4339 =( NAMED_UNIT ( * ) PLANE_ANGLE_UNIT ( ) SI_UNIT ( $, .RADIAN. ) );
#4340 =( GEOMETRIC_REPRESENTATION_CONTEXT ( 3 ) GLOBAL_UNCERTAINTY_ASSIGNED_CONTEXT ( ( #1736 ) ) GLOBAL_UNIT_ASSIGNED_CONTEXT ( ( #2470, #771, #3204 ) ) REPRESENTATION_CONTEXT ( 'NONE', 'WORKASPACE' ) );
#4341 = VECTOR ( 'NONE', #3446, 1000.000000000000000 ) ;
#4342 = ORIENTED_EDGE ( 'NONE', *, *, #1804, .F. ) ;
#4343 = DIRECTION ( 'NONE',  ( 1.000000000000000000, 4.738645858765300700E-015, 0.0000000000000000000 ) ) ;
#4344 = DIRECTION ( 'NONE',  ( 0.0000000000000000000, -1.000000000000000000, 0.0000000000000000000 ) ) ;
#4345 = EDGE_CURVE ( 'NONE', #3519, #2351, #76, .T. ) ;
#4346 = ORIENTED_EDGE ( 'NONE', *, *, #1829, .T. ) ;
#4347 = VERTEX_POINT ( 'NONE', #3508 ) ;
#4348 = LINE ( 'NONE', #2530, #2556 ) ;
#4349 = SURFACE_STYLE_FILL_AREA ( #1770 ) ;
#4350 = ORIENTED_EDGE ( 'NONE', *, *, #2629, .T. ) ;
#4351 = EDGE_CURVE ( 'NONE', #1948, #1486, #885, .T. ) ;
#4352 = SURFACE_STYLE_FILL_AREA ( #2259 ) ;
#4353 = LINE ( 'NONE', #1969, #2502 ) ;
#4354 = DIRECTION ( 'NONE',  ( 0.4668459304955247000, 0.0000000000000000000, -0.8843386665637592600 ) ) ;
#4355 = FILL_AREA_STYLE ('',( #2578 ) ) ;
#4356 = ORIENTED_EDGE ( 'NONE', *, *, #3503, .F. ) ;
#4357 = CIRCLE ( 'NONE', #1087, 0.01144000000000004000 ) ;
#4358 = VECTOR ( 'NONE', #3480, 1000.000000000000000 ) ;
#4359 = PLANE ( 'NONE',  #1552 ) ;
#4360 = FILL_AREA_STYLE_COLOUR ( '', #4117 ) ;
#4361 = DIRECTION ( 'NONE',  ( 0.0000000000000000000, 1.000000000000000000, 0.0000000000000000000 ) ) ;
#4362 = LINE ( 'NONE', #3801, #3983 ) ;
#4363 = UNCERTAINTY_MEASURE_WITH_UNIT (LENGTH_MEASURE( 1.000000000000000100E-005 ), #47, 'distance_accuracy_value', 'NONE');
#4364 = CARTESIAN_POINT ( 'NONE',  ( -6.967927563075477400E-005, 0.5385599999999998200, 0.01497545632595000600 ) ) ;
#4365 = CARTESIAN_POINT ( 'NONE',  ( 0.7500087662382981500, 0.01874648206140874400, -0.5378538208055048100 ) ) ;
#4366 = DIRECTION ( 'NONE',  ( 0.0000000000000000000, 0.0000000000000000000, 1.000000000000000000 ) ) ;
#4367 = SURFACE_SIDE_STYLE ('',( #2572 ) ) ;
#4368 = ADVANCED_BREP_SHAPE_REPRESENTATION ( 'CCS_CCSTDNOS_0402_L1.05W0.55T0.55B0.3', ( #2053, #2858, #3671, #2302, #468 ), #616 ) ;
#4369 = STYLED_ITEM ( 'NONE', ( #2567 ), #3778 ) ;
#4370 = PLANE ( 'NONE',  #2523 ) ;
#4371 = EDGE_LOOP ( 'NONE', ( #2323, #1777, #3411, #1813 ) ) ;
#4372 = FILL_AREA_STYLE ('',( #2959 ) ) ;
#4373 = EDGE_CURVE ( 'NONE', #3285, #4312, #2281, .T. ) ;
#4374 =( NAMED_UNIT ( * ) PLANE_ANGLE_UNIT ( ) SI_UNIT ( $, .RADIAN. ) );
#4375 = ORIENTED_EDGE ( 'NONE', *, *, #527, .T. ) ;
#4376 = CARTESIAN_POINT ( 'NONE',  ( 0.2996708819557107300, 0.01417916422666387100, -0.01543886146844889100 ) ) ;
#4377 = COLOUR_RGB ( '',0.7686274509803920900, 0.7686274509803920900, 0.7686274509803920900 ) ;
#4378 = CARTESIAN_POINT ( 'NONE',  ( 0.7499997171113205200, 0.02168417366013225900, -0.5385129807314549300 ) ) ;
#4379 = ORIENTED_EDGE ( 'NONE', *, *, #2575, .T. ) ;
#4380 = EDGE_CURVE ( 'NONE', #3629, #3233, #3702, .T. ) ;
#4381 = DIRECTION ( 'NONE',  ( 0.0000000000000000000, 1.000000000000000000, 0.0000000000000000000 ) ) ;
#4382 = VECTOR ( 'NONE', #1745, 1000.000000000000000 ) ;
#4383 = CARTESIAN_POINT ( 'NONE',  ( 0.2885599999999999300, 0.5385600000000000400, -0.5500000000000000400 ) ) ;
#4384 = ORIENTED_EDGE ( 'NONE', *, *, #3961, .F. ) ;
#4385 = EDGE_LOOP ( 'NONE', ( #701, #2676, #1930, #1612 ) ) ;
#4386 = DIRECTION ( 'NONE',  ( 0.0000000000000000000, -1.000000000000000000, 0.0000000000000000000 ) ) ;
#4387 =( NAMED_UNIT ( * ) PLANE_ANGLE_UNIT ( ) SI_UNIT ( $, .RADIAN. ) );
#4388 = AXIS2_PLACEMENT_3D ( 'NONE', #1959, #2715, #1281 ) ;
#4389 = PRESENTATION_STYLE_ASSIGNMENT (( #3358 ) ) ;
#4390 = EDGE_LOOP ( 'NONE', ( #1132, #2605, #2200, #2442 ) ) ;
#4391 = FACE_OUTER_BOUND ( 'NONE', #1835, .T. ) ;
#4392 = DIRECTION ( 'NONE',  ( -0.2765379750249969400, 0.0000000000000000000, 0.9610029908221275900 ) ) ;
#4393 = VECTOR ( 'NONE', #413, 1000.000000000000200 ) ;
#4394 = VERTEX_POINT ( 'NONE', #3272 ) ;
#4395 = UNCERTAINTY_MEASURE_WITH_UNIT (LENGTH_MEASURE( 1.000000000000000100E-005 ), #226, 'distance_accuracy_value', 'NONE');
#4396 = DIRECTION ( 'NONE',  ( -1.000000000000000000, 0.0000000000000000000, 0.0000000000000000000 ) ) ;
#4397 = EDGE_LOOP ( 'NONE', ( #3366, #4375, #2104 ) ) ;
#4398 = DIRECTION ( 'NONE',  ( 0.0000000000000000000, 0.0000000000000000000, 1.000000000000000000 ) ) ;
#4399 = CYLINDRICAL_SURFACE ( 'NONE', #746, 0.01144000000000004000 ) ;
#4400 = DIRECTION ( 'NONE',  ( 1.000000000000000000, 0.0000000000000000000, 0.0000000000000000000 ) ) ;
#4401 = CARTESIAN_POINT ( 'NONE',  ( 0.6410101640546493900, 0.5435600000000000400, -0.2812433791288636000 ) ) ;
#4402 = LINE ( 'NONE', #1597, #879 ) ;
#4403 = VERTEX_POINT ( 'NONE', #1834 ) ;
#4404 = SURFACE_STYLE_USAGE ( .BOTH. , #234 ) ;
#4405 = VERTEX_POINT ( 'NONE', #84 ) ;
#4406 =( NAMED_UNIT ( * ) PLANE_ANGLE_UNIT ( ) SI_UNIT ( $, .RADIAN. ) );
#4407 = LINE ( 'NONE', #1726, #727 ) ;
#4408 = CIRCLE ( 'NONE', #4493, 0.01144000000000004000 ) ;
#4409 = CARTESIAN_POINT ( 'NONE',  ( 1.038560000000000100, 0.01144000000000000100, -0.5500000000000000400 ) ) ;
#4410 = DIRECTION ( 'NONE',  ( 0.0000000000000000000, 0.0000000000000000000, 1.000000000000000000 ) ) ;
#4411 = CARTESIAN_POINT ( 'NONE',  ( 1.050000000000000000, 0.5500000000000000400, -0.5385600000000000400 ) ) ;
#4412 = ORIENTED_EDGE ( 'NONE', *, *, #4066, .T. ) ;
#4413 =( NAMED_UNIT ( * ) SI_UNIT ( $, .STERADIAN. ) SOLID_ANGLE_UNIT ( ) );
#4414 = SURFACE_STYLE_FILL_AREA ( #3880 ) ;
#4415 = VECTOR ( 'NONE', #977, 1000.000000000000200 ) ;
#4416 = DIRECTION ( 'NONE',  ( 0.0000000000000000000, -1.000000000000000000, 0.0000000000000000000 ) ) ;
#4417 = CARTESIAN_POINT ( 'NONE',  ( 0.01143999999999993100, 0.0000000000000000000, -0.5385600000000000400 ) ) ;
#4418 = EDGE_CURVE ( 'NONE', #3687, #1496, #3921, .T. ) ;
#4419 = COLOUR_RGB ( '',0.7686274509803920900, 0.7686274509803920900, 0.7686274509803920900 ) ;
#4420 = FILL_AREA_STYLE_COLOUR ( '', #1091 ) ;
#4421 = CARTESIAN_POINT ( 'NONE',  ( 0.2999991409124507800, 0.5384198030489165700, -0.02109448857307101600 ) ) ;
#4422 = ADVANCED_FACE ( 'NONE', ( #452 ), #2970, .F. ) ;
#4423 = PRESENTATION_LAYER_ASSIGNMENT (  '', '', ( #156 ) ) ;
#4424 = AXIS2_PLACEMENT_3D ( 'NONE', #1303, #709, #23 ) ;
#4425 = CARTESIAN_POINT ( 'NONE',  ( 0.4821793587055686600, 0.5385600000000000400, -0.2490416194800628700 ) ) ;
#4426 = PLANE ( 'NONE',  #3334 ) ;
#4427 = LINE ( 'NONE', #4497, #1289 ) ;
#4428 = UNCERTAINTY_MEASURE_WITH_UNIT (LENGTH_MEASURE( 1.000000000000000100E-005 ), #1843, 'distance_accuracy_value', 'NONE');
#4429 = DIRECTION ( 'NONE',  ( -0.0000000000000000000, -0.0000000000000000000, 1.000000000000000000 ) ) ;
#4430 = AXIS2_PLACEMENT_3D ( 'NONE', #4263, #2571, #1067 ) ;
#4431 = ORIENTED_EDGE ( 'NONE', *, *, #2834, .F. ) ;
#4432 = SURFACE_STYLE_USAGE ( .BOTH. , #559 ) ;
#4433 = ORIENTED_EDGE ( 'NONE', *, *, #4055, .F. ) ;
#4434 = EDGE_CURVE ( 'NONE', #1705, #2037, #2438, .T. ) ;
#4435 = DIRECTION ( 'NONE',  ( 0.0000000000000000000, 0.0000000000000000000, 1.000000000000000000 ) ) ;
#4436 = PLANE ( 'NONE',  #3695 ) ;
#4437 = ORIENTED_EDGE ( 'NONE', *, *, #4470, .T. ) ;
#4438 = FILL_AREA_STYLE ('',( #2643 ) ) ;
#4439 = DIRECTION ( 'NONE',  ( 0.0000000000000000000, -1.000000000000000000, 0.0000000000000000000 ) ) ;
#4440 = ORIENTED_EDGE ( 'NONE', *, *, #307, .T. ) ;
#4441 = DIRECTION ( 'NONE',  ( -1.000000000000000000, -0.0000000000000000000, 0.0000000000000000000 ) ) ;
#4442 = EDGE_CURVE ( 'NONE', #375, #3, #3144, .T. ) ;
#4443 = ADVANCED_FACE ( 'NONE', ( #2230 ), #135, .F. ) ;
#4444 = PRESENTATION_STYLE_ASSIGNMENT (( #708 ) ) ;
#4445 = VERTEX_POINT ( 'NONE', #2944 ) ;
#4446 = MECHANICAL_DESIGN_GEOMETRIC_PRESENTATION_REPRESENTATION (  '', ( #2783 ), #1905 ) ;
#4447 = EDGE_CURVE ( 'NONE', #423, #3500, #4190, .T. ) ;
#4448 = ORIENTED_EDGE ( 'NONE', *, *, #2140, .T. ) ;
#4449 = FILL_AREA_STYLE_COLOUR ( '', #2890 ) ;
#4450 = PLANE ( 'NONE',  #789 ) ;
#4451 = DIRECTION ( 'NONE',  ( -0.9985542843760947300, 0.0000000000000000000, -0.05375259206908434400 ) ) ;
#4452 = VERTEX_POINT ( 'NONE', #2617 ) ;
#4453 = CARTESIAN_POINT ( 'NONE',  ( 0.4958358707841643000, 0.5435600000000000400, -0.2349049999999999700 ) ) ;
#4454 = AXIS2_PLACEMENT_3D ( 'NONE', #3021, #4044, #3383 ) ;
#4455 = LINE ( 'NONE', #1217, #1715 ) ;
#4456 =( LENGTH_UNIT ( ) NAMED_UNIT ( * ) SI_UNIT ( .MILLI., .METRE. ) );
#4457 = VECTOR ( 'NONE', #2319, 1000.000000000000000 ) ;
#4458 = UNCERTAINTY_MEASURE_WITH_UNIT (LENGTH_MEASURE( 1.000000000000000100E-005 ), #674, 'distance_accuracy_value', 'NONE');
#4459 = EDGE_LOOP ( 'NONE', ( #3707, #4356, #2860, #4145 ) ) ;
#4460 = CARTESIAN_POINT ( 'NONE',  ( 1.050000000000000000, 0.5500000000000000400, -0.01144000000000000100 ) ) ;
#4461 = EDGE_LOOP ( 'NONE', ( #3669, #2798, #768, #3127 ) ) ;
#4462 = CIRCLE ( 'NONE', #2787, 0.01144000000000000100 ) ;
#4463 = LINE ( 'NONE', #694, #3810 ) ;
#4464 = AXIS2_PLACEMENT_3D ( 'NONE', #2534, #1401, #1102 ) ;
#4465 =( NAMED_UNIT ( * ) PLANE_ANGLE_UNIT ( ) SI_UNIT ( $, .RADIAN. ) );
#4466 = ORIENTED_EDGE ( 'NONE', *, *, #3681, .T. ) ;
#4467 = ADVANCED_FACE ( 'NONE', ( #181 ), #1927, .F. ) ;
#4468 = LINE ( 'NONE', #60, #1516 ) ;
#4469 = CARTESIAN_POINT ( 'NONE',  ( 0.2885599999999999800, 0.0000000000000000000, 0.0000000000000000000 ) ) ;
#4470 = EDGE_CURVE ( 'NONE', #3574, #1140, #3968, .T. ) ;
#4471 = FACE_OUTER_BOUND ( 'NONE', #2589, .T. ) ;
#4472 = VECTOR ( 'NONE', #1794, 1000.000000000000000 ) ;
#4473 = CARTESIAN_POINT ( 'NONE',  ( 0.2999999999999999300, 0.5283890040976412200, -0.01144000000000004000 ) ) ;
#4474 = PLANE ( 'NONE',  #2870 ) ;
#4475 = FACE_OUTER_BOUND ( 'NONE', #2726, .T. ) ;
#4476 = EDGE_CURVE ( 'NONE', #3687, #648, #4090, .T. ) ;
#4477 = DIRECTION ( 'NONE',  ( 0.0000000000000000000, 0.0000000000000000000, -1.000000000000000000 ) ) ;
#4478 = CARTESIAN_POINT ( 'NONE',  ( 0.3000002828886796900, 0.02168417366013226900, -0.01148701926854507300 ) ) ;
#4479 = CARTESIAN_POINT ( 'NONE',  ( 0.6471948503523864400, 0.5385600000000000400, -0.2949683489253425200 ) ) ;
#4480 =( GEOMETRIC_REPRESENTATION_CONTEXT ( 3 ) GLOBAL_UNCERTAINTY_ASSIGNED_CONTEXT ( ( #3034 ) ) GLOBAL_UNIT_ASSIGNED_CONTEXT ( ( #325, #2107, #369 ) ) REPRESENTATION_CONTEXT ( 'NONE', 'WORKASPACE' ) );
#4481 = STYLED_ITEM ( 'NONE', ( #1676 ), #2381 ) ;
#4482 = DIRECTION ( 'NONE',  ( 1.000000000000000000, 0.0000000000000000000, 0.0000000000000000000 ) ) ;
#4483 = SURFACE_SIDE_STYLE ('',( #2495 ) ) ;
#4484 = DIRECTION ( 'NONE',  ( 0.0000000000000000000, 0.0000000000000000000, -1.000000000000000000 ) ) ;
#4485 = ADVANCED_FACE ( 'NONE', ( #293 ), #1669, .T. ) ;
#4486 =( NAMED_UNIT ( * ) SI_UNIT ( $, .STERADIAN. ) SOLID_ANGLE_UNIT ( ) );
#4487 = VERTEX_POINT ( 'NONE', #2994 ) ;
#4488 = VECTOR ( 'NONE', #627, 1000.000000000000000 ) ;
#4489 = ORIENTED_EDGE ( 'NONE', *, *, #3570, .T. ) ;
#4490 = EDGE_CURVE ( 'NONE', #3912, #3955, #3359, .T. ) ;
#4491 = DIRECTION ( 'NONE',  ( 0.7083077534943993400, 0.0000000000000000000, 0.7059037656364479700 ) ) ;
#4492 = CARTESIAN_POINT ( 'NONE',  ( 0.4010074378511139800, 0.5435600000000000400, -0.3092102531213381500 ) ) ;
#4493 = AXIS2_PLACEMENT_3D ( 'NONE', #2108, #2848, #2788 ) ;
#4494 = CYLINDRICAL_SURFACE ( 'NONE', #3694, 0.01144000000000004000 ) ;
#4495 = ORIENTED_EDGE ( 'NONE', *, *, #4345, .F. ) ;
#4496 = CARTESIAN_POINT ( 'NONE',  ( 0.4501696419936382400, 0.5385600000000000400, -0.2812458643905236800 ) ) ;
#4497 = CARTESIAN_POINT ( 'NONE',  ( 0.6308974089336167900, 0.5435600000000000400, -0.2349049999999999700 ) ) ;
#4498 = CARTESIAN_POINT ( 'NONE',  ( 0.2999824497279282600, 0.5308739036180318800, -0.01207343682632980700 ) ) ;
#4499 = ORIENTED_EDGE ( 'NONE', *, *, #2924, .T. ) ;
#4500 = CARTESIAN_POINT ( 'NONE',  ( 1.050000000000000000, 0.01144000000000000100, -0.01144000000000000100 ) ) ;
#4501 = EDGE_CURVE ( 'NONE', #1749, #238, #3535, .T. ) ;
#4502 = DIRECTION ( 'NONE',  ( 0.0000000000000000000, 0.0000000000000000000, 1.000000000000000000 ) ) ;
#4503 = VECTOR ( 'NONE', #2268, 1000.000000000000000 ) ;
#4504 = CARTESIAN_POINT ( 'NONE',  ( 0.6308974089336167900, 0.5385600000000000400, -0.2349049999999999700 ) ) ;
#4505 = PRESENTATION_STYLE_ASSIGNMENT (( #215 ) ) ;
#4506 = ORIENTED_EDGE ( 'NONE', *, *, #3905, .F. ) ;
#4507 = AXIS2_PLACEMENT_3D ( 'NONE', #2147, #4207, #1090 ) ;
#4508 = ORIENTED_EDGE ( 'NONE', *, *, #59, .T. ) ;
#4509 = ADVANCED_FACE ( 'NONE', ( #4302 ), #1225, .F. ) ;
#4510 = ORIENTED_EDGE ( 'NONE', *, *, #1290, .T. ) ;
#4511 = FILL_AREA_STYLE_COLOUR ( '', #1476 ) ;
#4512 = FACE_OUTER_BOUND ( 'NONE', #2334, .T. ) ;
#4513 = VECTOR ( 'NONE', #4162, 1000.000000000000000 ) ;
#4514 = VECTOR ( 'NONE', #1399, 1000.000000000000000 ) ;
#4515 = UNCERTAINTY_MEASURE_WITH_UNIT (LENGTH_MEASURE( 1.000000000000000100E-005 ), #1125, 'distance_accuracy_value', 'NONE');
#4516 = SURFACE_STYLE_USAGE ( .BOTH. , #4483 ) ;
#4517 = ORIENTED_EDGE ( 'NONE', *, *, #1021, .F. ) ;
#4518 =( NAMED_UNIT ( * ) PLANE_ANGLE_UNIT ( ) SI_UNIT ( $, .RADIAN. ) );
#4519 = DIRECTION ( 'NONE',  ( 1.000000000000000000, 0.0000000000000000000, 0.0000000000000000000 ) ) ;
#4520 = STYLED_ITEM ( 'NONE', ( #3426 ), #2554 ) ;
#4521 = VERTEX_POINT ( 'NONE', #4063 ) ;
#4522 = VECTOR ( 'NONE', #585, 1000.000000000000200 ) ;
#4523 = CARTESIAN_POINT ( 'NONE',  ( 0.7505016993459099300, 0.01479069842322591200, -0.01479069842322595400 ) ) ;
#4524 = CARTESIAN_POINT ( 'NONE',  ( 0.2885599999999999300, 0.5500000000000000400, -0.5385600000000000400 ) ) ;
#4525 = EDGE_CURVE ( 'NONE', #4182, #501, #1097, .T. ) ;
#4526 = ORIENTED_EDGE ( 'NONE', *, *, #2778, .F. ) ;
#4527 = CYLINDRICAL_SURFACE ( 'NONE', #159, 0.01144000000000000100 ) ;
#4528 = STYLED_ITEM ( 'NONE', ( #2886 ), #3827 ) ;
#4529 = VERTEX_POINT ( 'NONE', #3022 ) ;
#4530 = CARTESIAN_POINT ( 'NONE',  ( 0.7505016993459099300, 0.01479069842322593300, -0.5352093015767741500 ) ) ;
#4531 = EDGE_CURVE ( 'NONE', #1760, #501, #1720, .T. ) ;
#4532 = COLOUR_RGB ( '',0.7921568627450980000, 0.8196078431372548800, 0.9333333333333333500 ) ;
#4533 = ADVANCED_FACE ( 'NONE', ( #1210 ), #2773, .F. ) ;
#4534 = PLANE ( 'NONE',  #1334 ) ;
#4535 =( NAMED_UNIT ( * ) SI_UNIT ( $, .STERADIAN. ) SOLID_ANGLE_UNIT ( ) );
#4536 = PRESENTATION_STYLE_ASSIGNMENT (( #2802 ) ) ;
#4537 = EDGE_CURVE ( 'NONE', #3519, #2042, #2609, .T. ) ;
#4538 = CARTESIAN_POINT ( 'NONE',  ( 0.3907726789223210900, 0.5435600000000000400, -0.2752507357681158700 ) ) ;
#4539 = VECTOR ( 'NONE', #454, 1000.000000000000000 ) ;
#4540 = ORIENTED_EDGE ( 'NONE', *, *, #1448, .F. ) ;
#4541 =( GEOMETRIC_REPRESENTATION_CONTEXT ( 3 ) GLOBAL_UNCERTAINTY_ASSIGNED_CONTEXT ( ( #1931 ) ) GLOBAL_UNIT_ASSIGNED_CONTEXT ( ( #1181, #1559, #3283 ) ) REPRESENTATION_CONTEXT ( 'NONE', 'WORKASPACE' ) );
#4542 = DIRECTION ( 'NONE',  ( 0.0000000000000000000, 1.000000000000000000, 0.0000000000000000000 ) ) ;
#4543 = DIRECTION ( 'NONE',  ( 1.000000000000000000, -0.0000000000000000000, -0.0000000000000000000 ) ) ;
#4544 = ORIENTED_EDGE ( 'NONE', *, *, #1687, .T. ) ;
#4545 = CARTESIAN_POINT ( 'NONE',  ( 0.5148300469017909100, 0.5435600000000000400, -0.3010570137547642400 ) ) ;
#4546 = SURFACE_STYLE_FILL_AREA ( #3726 ) ;
#4547 = DIRECTION ( 'NONE',  ( 0.2762033010252067900, 0.0000000000000000000, -0.9610992334315843200 ) ) ;
#4548 = ORIENTED_EDGE ( 'NONE', *, *, #1021, .T. ) ;
#4549 =( GEOMETRIC_REPRESENTATION_CONTEXT ( 3 ) GLOBAL_UNCERTAINTY_ASSIGNED_CONTEXT ( ( #427 ) ) GLOBAL_UNIT_ASSIGNED_CONTEXT ( ( #2714, #3794, #632 ) ) REPRESENTATION_CONTEXT ( 'NONE', 'WORKASPACE' ) );
#4550 = CARTESIAN_POINT ( 'NONE',  ( 0.2999999999999999300, 0.5271199999999999200, -0.5385600000000000400 ) ) ;
#4551 = VERTEX_POINT ( 'NONE', #3840 ) ;
#4552 = VERTEX_POINT ( 'NONE', #3163 ) ;
#4553 = PRESENTATION_LAYER_ASSIGNMENT (  '', '', ( #552 ) ) ;
#4554 = PRESENTATION_STYLE_ASSIGNMENT (( #2868 ) ) ;
#4555 = DIRECTION ( 'NONE',  ( 0.0000000000000000000, 1.000000000000000000, -0.0000000000000000000 ) ) ;
#4556 = VECTOR ( 'NONE', #2867, 999.9999999999998900 ) ;
#4557 = ORIENTED_EDGE ( 'NONE', *, *, #577, .T. ) ;
#4558 = CARTESIAN_POINT ( 'NONE',  ( 0.7499944619549805400, 0.5383429032573477900, -0.02032463685444608700 ) ) ;
ENDSEC;
END-ISO-10303-21;
